f2159_53,1,,171,train,26414840,26414840,9902261250
f0326_35,1,,381,train,26414840,26414840,22445125500
f3337_21,1,,184,train,26414840,26414840,10562412000
f1832_47,1,,42,train,26414840,26414840,1980452250
f0221_37,1,,346,train,26414840,26414840,20464673250
f4084_14,1,,163,train,26414840,26414840,9242110500
f3722_39,1,,180,train,26414840,26414840,10562412000
f0646_22,1,,298,train,26414840,26414840,17163919500
f1051_38,1,,321,train,26414840,26414840,18484221000
f2211_73,1,,164,train,26414840,26414840,9242110500
f1791_04,1,,165,train,26414840,26414840,9242110500
f1294_12,1,,332,train,26414840,26414840,19144371750
f1554_25,1,,160,train,26414840,26414840,9242110500
f0841_10,1,,390,train,26414840,26414840,23105276250
f3896_07,1,,165,train,26414840,26414840,9242110500
f3430_38,1,,183,train,26414840,26414840,10562412000
f2175_59,1,,150,train,26414840,26414840,8581959750
f3133_33,1,,182,train,26414840,26414840,10562412000
f1160_23,1,,232,train,26414840,26414840,13203015000
f1674_35,1,,119,train,26414840,26414840,6601507500
f0583_26,2,,365,train,26414840,26414840,21124824000
f0065_00,2,,380,train,26414840,26414840,22445125500
f1404_39,2,,160,train,26414840,26414840,9242110500
f0793_02,2,,358,train,26414840,26414840,21124824000
f0078_48,2,,369,train,26414840,26414840,21784974750
f0204_21,2,,355,train,26414840,26414840,20464673250
f0218_04,2,,370,train,26414840,26414840,21784974750
f0999_29,2,,352,train,26414840,26414840,20464673250
f0432_28,2,,311,train,26414840,26414840,17824070250
f1332_24,2,,267,train,26414840,26414840,15843618000
f0633_18,2,,414,train,26414840,26414840,24425577750
f0221_37,2,,346,train,26414840,26414840,20464673250
f0549_39,2,,347,train,26414840,26414840,20464673250
f0911_02,2,,384,train,26414840,26414840,22445125500
f1167_31,2,,296,train,26414840,26414840,17163919500
f0569_42,2,,297,train,26414840,26414840,17163919500
f1174_47,2,,241,train,26414840,26414840,13863165750
f0333_01,2,,294,train,26414840,26414840,17163919500
f1132_19,2,,358,train,26414840,26414840,21124824000
f0512_15,2,,298,train,26414840,26414840,17163919500
f0952_49,3,,365,train,26414840,26414840,21124824000
f0588_19,3,,379,train,26414840,26414840,22445125500
f1404_39,3,,160,train,26414840,26414840,9242110500
f0347_04,3,,413,train,26414840,26414840,24425577750
f1332_24,3,,267,train,26414840,26414840,15843618000
f0183_22,3,,389,train,26414840,26414840,23105276250
f0204_21,3,,355,train,26414840,26414840,20464673250
f0999_29,3,,352,train,26414840,26414840,20464673250
f0633_18,3,,414,train,26414840,26414840,24425577750
f0286_16,3,,369,train,26414840,26414840,21784974750
f0911_02,3,,384,train,26414840,26414840,22445125500
f0549_39,3,,347,train,26414840,26414840,20464673250
f1470_34,3,,339,train,26414840,26414840,19804522500
f1174_47,3,,241,train,26414840,26414840,13863165750
f0569_42,3,,297,train,26414840,26414840,17163919500
f1798_42,3,,147,train,26414840,26414840,8581959750
f2473_81,3,,182,train,26414840,26414840,10562412000
f1132_19,3,,358,train,26414840,26414840,21124824000
f1075_00,3,,295,train,26414840,26414840,17163919500
f0841_10,3,,390,train,26414840,26414840,23105276250
f1404_39,4,,160,train,26414840,26414840,9242110500
f0999_29,4,,352,train,26414840,26414840,20464673250
f0218_04,4,,370,train,26414840,26414840,21784974750
f0286_16,4,,369,train,26414840,26414840,21784974750
f0204_21,4,,355,train,26414840,26414840,20464673250
f0669_11,4,,274,train,26414840,26414840,15843618000
f0793_02,4,,358,train,26414840,26414840,21124824000
f0065_00,4,,380,train,26414840,26414840,22445125500
f1332_24,4,,267,train,26414840,26414840,15843618000
f0333_01,4,,294,train,26414840,26414840,17163919500
f2473_81,4,,182,train,26414840,26414840,10562412000
f0549_39,4,,347,train,26414840,26414840,20464673250
f0911_02,4,,384,train,26414840,26414840,22445125500
f1075_00,4,,295,train,26414840,26414840,17163919500
f2214_70,4,,181,train,26414840,26414840,10562412000
f1874_36,4,,174,train,26414840,26414840,9902261250
f1132_19,4,,358,train,26414840,26414840,21124824000
f0633_18,4,,414,train,26414840,26414840,24425577750
f2363_77,4,,174,train,26414840,26414840,9902261250
f0223_49,4,,283,train,26414840,26414840,16503768750
f1090_13,5,,230,train,26414840,26414840,13203015000
f0037_16,5,,404,train,26414840,26414840,23765427000
f0983_14,5,,245,train,26414840,26414840,14523316500
f0147_13,5,,355,train,26414840,26414840,20464673250
f2310_51,5,,131,train,26414840,26414840,7261658250
f1791_04,5,,165,train,26414840,26414840,9242110500
f0314_27,5,,380,train,26414840,26414840,22445125500
f1294_12,5,,332,train,26414840,26414840,19144371750
f2211_73,5,,164,train,26414840,26414840,9242110500
f1470_34,5,,339,train,26414840,26414840,19804522500
f1480_24,5,,329,train,26414840,26414840,19144371750
f1674_35,5,,119,train,26414840,26414840,6601507500
f1075_00,5,,295,train,26414840,26414840,17163919500
f0635_33,5,,396,train,26414840,26414840,23105276250
f0365_07,5,,285,train,26414840,26414840,16503768750
f0646_22,5,,298,train,26414840,26414840,17163919500
f0221_37,5,,346,train,26414840,26414840,20464673250
f1051_38,5,,321,train,26414840,26414840,18484221000
f1875_21,5,,179,train,26414840,26414840,10562412000
f1670_20,5,,171,train,26414840,26414840,9902261250
f0669_11,6,,274,train,26414840,26414840,15843618000
f0999_29,6,,352,train,26414840,26414840,20464673250
f0793_02,6,,358,train,26414840,26414840,21124824000
f1874_36,6,,174,train,26414840,26414840,9902261250
f1404_39,6,,160,train,26414840,26414840,9242110500
f0204_21,6,,355,train,26414840,26414840,20464673250
f0286_16,6,,369,train,26414840,26414840,21784974750
f0218_04,6,,370,train,26414840,26414840,21784974750
f1332_24,6,,267,train,26414840,26414840,15843618000
f2363_77,6,,174,train,26414840,26414840,9902261250
f0065_00,6,,380,train,26414840,26414840,22445125500
f2214_70,6,,181,train,26414840,26414840,10562412000
f0333_01,6,,294,train,26414840,26414840,17163919500
f0549_39,6,,347,train,26414840,26414840,20464673250
f1075_00,6,,295,train,26414840,26414840,17163919500
f0223_49,6,,283,train,26414840,26414840,16503768750
f1132_19,6,,358,train,26414840,26414840,21124824000
f2408_73,6,,163,train,26414840,26414840,9242110500
f1978_04,6,,165,train,26414840,26414840,9242110500
f1546_05,6,,175,train,26414840,26414840,9902261250
f1090_13,7,,230,train,26414840,26414840,13203015000
f2211_73,7,,164,train,26414840,26414840,9242110500
f1791_04,7,,165,train,26414840,26414840,9242110500
f0037_16,7,,404,train,26414840,26414840,23765427000
f1480_24,7,,329,train,26414840,26414840,19144371750
f1075_00,7,,295,train,26414840,26414840,17163919500
f0347_04,7,,413,train,26414840,26414840,24425577750
f1470_34,7,,339,train,26414840,26414840,19804522500
f2161_58,7,,169,train,26414840,26414840,9902261250
f0646_22,7,,298,train,26414840,26414840,17163919500
f0635_33,7,,396,train,26414840,26414840,23105276250
f0221_37,7,,346,train,26414840,26414840,20464673250
f1294_12,7,,332,train,26414840,26414840,19144371750
f3521_09,7,,164,train,26414840,26414840,9242110500
f1066_29,7,,203,train,26414840,26414840,11882713500
f1132_19,7,,358,train,26414840,26414840,21124824000
f2175_59,7,,150,train,26414840,26414840,8581959750
f0636_12,7,,270,train,26414840,26414840,15843618000
f1674_35,7,,119,train,26414840,26414840,6601507500
f1530_18,7,,175,train,26414840,26414840,9902261250
f1090_13,8,,230,train,26414840,26414840,13203015000
f2310_51,8,,131,train,26414840,26414840,7261658250
f2211_73,8,,164,train,26414840,26414840,9242110500
f0983_14,8,,245,train,26414840,26414840,14523316500
f0147_13,8,,355,train,26414840,26414840,20464673250
f1791_04,8,,165,train,26414840,26414840,9242110500
f0037_16,8,,404,train,26414840,26414840,23765427000
f0314_27,8,,380,train,26414840,26414840,22445125500
f1480_24,8,,329,train,26414840,26414840,19144371750
f1075_00,8,,295,train,26414840,26414840,17163919500
f0221_37,8,,346,train,26414840,26414840,20464673250
f0365_07,8,,285,train,26414840,26414840,16503768750
f1066_29,8,,203,train,26414840,26414840,11882713500
f1470_34,8,,339,train,26414840,26414840,19804522500
f0646_22,8,,298,train,26414840,26414840,17163919500
f0635_33,8,,396,train,26414840,26414840,23105276250
f2175_59,8,,150,train,26414840,26414840,8581959750
f1294_12,8,,332,train,26414840,26414840,19144371750
f0841_10,8,,390,train,26414840,26414840,23105276250
f1674_35,8,,119,train,26414840,26414840,6601507500
f2159_53,1,,171,train,26414840,26414840,1980452250
f0326_35,1,,381,train,26414840,26414840,4489025100
f3337_21,1,,184,train,26414840,26414840,2112482400
f1832_47,1,,42,train,26414840,26414840,396090450
f0221_37,1,,346,train,26414840,26414840,4092934650
f4084_14,1,,163,train,26414840,26414840,1848422100
f3722_39,1,,180,train,26414840,26414840,2112482400
f0646_22,1,,298,train,26414840,26414840,3432783900
f1051_38,1,,321,train,26414840,26414840,3696844200
f2211_73,1,,164,train,26414840,26414840,1848422100
f1791_04,1,,165,train,26414840,26414840,1848422100
f1294_12,1,,332,train,26414840,26414840,3828874350
f1554_25,1,,160,train,26414840,26414840,1848422100
f0841_10,1,,390,train,26414840,26414840,4621055250
f3896_07,1,,165,train,26414840,26414840,1848422100
f3430_38,1,,183,train,26414840,26414840,2112482400
f2175_59,1,,150,train,26414840,26414840,1716391950
f3133_33,1,,182,train,26414840,26414840,2112482400
f1160_23,1,,232,train,26414840,26414840,2640603000
f1674_35,1,,119,train,26414840,26414840,1320301500
f1090_13,2,,230,train,26414840,26414840,2640603000
f0347_04,2,,413,train,26414840,26414840,4885115550
f0037_16,2,,404,train,26414840,26414840,4753085400
f1470_34,2,,339,train,26414840,26414840,3960904500
f1294_12,2,,332,train,26414840,26414840,3828874350
f0221_37,2,,346,train,26414840,26414840,4092934650
f1480_24,2,,329,train,26414840,26414840,3828874350
f0635_33,2,,396,train,26414840,26414840,4621055250
f1051_38,2,,321,train,26414840,26414840,3696844200
f0911_02,2,,384,train,26414840,26414840,4489025100
f0636_12,2,,270,train,26414840,26414840,3168723600
f0646_22,2,,298,train,26414840,26414840,3432783900
f3154_48,2,,172,train,26414840,26414840,1980452250
f1075_00,2,,295,train,26414840,26414840,3432783900
f1132_19,2,,358,train,26414840,26414840,4224964800
f0326_35,2,,381,train,26414840,26414840,4489025100
f0841_10,2,,390,train,26414840,26414840,4621055250
f3521_09,2,,164,train,26414840,26414840,1848422100
f3337_21,2,,184,train,26414840,26414840,2112482400
f1875_21,2,,179,train,26414840,26414840,2112482400
f0588_19,3,,379,train,26414840,26414840,4489025100
f0683_02,3,,324,train,26414840,26414840,3828874350
f0037_16,3,,404,train,26414840,26414840,4753085400
f0024_24,3,,375,train,26414840,26414840,4356994950
f1480_24,3,,329,train,26414840,26414840,3828874350
f0598_49,3,,253,train,26414840,26414840,2904663300
f1914_02,3,,116,train,26414840,26414840,1320301500
f0636_12,3,,270,train,26414840,26414840,3168723600
f0218_04,3,,370,train,26414840,26414840,4356994950
f0911_02,3,,384,train,26414840,26414840,4489025100
f1132_19,3,,358,train,26414840,26414840,4224964800
f0454_20,3,,389,train,26414840,26414840,4621055250
f1024_46,3,,365,train,26414840,26414840,4224964800
f0633_18,3,,414,train,26414840,26414840,4885115550
f0299_33,3,,310,train,26414840,26414840,3564814050
f1326_12,3,,317,train,26414840,26414840,3696844200
f1469_25,3,,266,train,26414840,26414840,3036693450
f1965_23,3,,31,train,26414840,26414840,264060300
f2310_51,3,,131,train,26414840,26414840,1452331650
f0512_15,3,,298,train,26414840,26414840,3432783900
f1090_13,4,,230,train,26414840,26414840,2640603000
f0037_16,4,,404,train,26414840,26414840,4753085400
f1791_04,4,,165,train,26414840,26414840,1848422100
f2211_73,4,,164,train,26414840,26414840,1848422100
f1682_10,4,,162,train,26414840,26414840,1848422100
f1075_00,4,,295,train,26414840,26414840,3432783900
f0646_22,4,,298,train,26414840,26414840,3432783900
f1470_34,4,,339,train,26414840,26414840,3960904500
f1480_24,4,,329,train,26414840,26414840,3828874350
f1294_12,4,,332,train,26414840,26414840,3828874350
f0365_07,4,,285,train,26414840,26414840,3300753750
f0636_12,4,,270,train,26414840,26414840,3168723600
f0299_33,4,,310,train,26414840,26414840,3564814050
f0911_02,4,,384,train,26414840,26414840,4489025100
f0635_33,4,,396,train,26414840,26414840,4621055250
f1051_38,4,,321,train,26414840,26414840,3696844200
f1530_18,4,,175,train,26414840,26414840,1980452250
f0841_10,4,,390,train,26414840,26414840,4621055250
f0221_37,4,,346,train,26414840,26414840,4092934650
f1674_35,4,,119,train,26414840,26414840,1320301500
f2211_73,5,,164,train,26414840,26414840,1848422100
f1090_13,5,,230,train,26414840,26414840,2640603000
f1791_04,5,,165,train,26414840,26414840,1848422100
f0037_16,5,,404,train,26414840,26414840,4753085400
f1075_00,5,,295,train,26414840,26414840,3432783900
f0347_04,5,,413,train,26414840,26414840,4885115550
f0646_22,5,,298,train,26414840,26414840,3432783900
f1470_34,5,,339,train,26414840,26414840,3960904500
f1480_24,5,,329,train,26414840,26414840,3828874350
f2161_58,5,,169,train,26414840,26414840,1980452250
f0636_12,5,,270,train,26414840,26414840,3168723600
f3602_12,5,,150,train,26414840,26414840,1716391950
f2175_59,5,,150,train,26414840,26414840,1716391950
f3521_09,5,,164,train,26414840,26414840,1848422100
f0635_33,5,,396,train,26414840,26414840,4621055250
f0221_37,5,,346,train,26414840,26414840,4092934650
f1294_12,5,,332,train,26414840,26414840,3828874350
f1530_18,5,,175,train,26414840,26414840,1980452250
f3553_12,5,,173,train,26414840,26414840,1980452250
f1051_38,5,,321,train,26414840,26414840,3696844200
f2211_73,6,,164,train,26414840,26414840,1848422100
f1090_13,6,,230,train,26414840,26414840,2640603000
f0037_16,6,,404,train,26414840,26414840,4753085400
f1791_04,6,,165,train,26414840,26414840,1848422100
f2161_58,6,,169,train,26414840,26414840,1980452250
f0347_04,6,,413,train,26414840,26414840,4885115550
f0636_12,6,,270,train,26414840,26414840,3168723600
f1075_00,6,,295,train,26414840,26414840,3432783900
f2175_59,6,,150,train,26414840,26414840,1716391950
f1470_34,6,,339,train,26414840,26414840,3960904500
f1480_24,6,,329,train,26414840,26414840,3828874350
f0646_22,6,,298,train,26414840,26414840,3432783900
f3521_09,6,,164,train,26414840,26414840,1848422100
f0221_37,6,,346,train,26414840,26414840,4092934650
f3602_12,6,,150,train,26414840,26414840,1716391950
f3154_48,6,,172,train,26414840,26414840,1980452250
f3553_12,6,,173,train,26414840,26414840,1980452250
f1530_18,6,,175,train,26414840,26414840,1980452250
f3337_21,6,,184,train,26414840,26414840,2112482400
f0635_33,6,,396,train,26414840,26414840,4621055250
f2211_73,7,,164,train,26414840,26414840,1848422100
f1090_13,7,,230,train,26414840,26414840,2640603000
f1791_04,7,,165,train,26414840,26414840,1848422100
f0037_16,7,,404,train,26414840,26414840,4753085400
f2175_59,7,,150,train,26414840,26414840,1716391950
f0636_12,7,,270,train,26414840,26414840,3168723600
f0299_33,7,,310,train,26414840,26414840,3564814050
f0221_37,7,,346,train,26414840,26414840,4092934650
f1470_34,7,,339,train,26414840,26414840,3960904500
f3521_09,7,,164,train,26414840,26414840,1848422100
f3154_48,7,,172,train,26414840,26414840,1980452250
f1480_24,7,,329,train,26414840,26414840,3828874350
f1075_00,7,,295,train,26414840,26414840,3432783900
f3602_12,7,,150,train,26414840,26414840,1716391950
f0646_22,7,,298,train,26414840,26414840,3432783900
f3553_12,7,,173,train,26414840,26414840,1980452250
f1051_38,7,,321,train,26414840,26414840,3696844200
f0365_07,7,,285,train,26414840,26414840,3300753750
f1674_35,7,,119,train,26414840,26414840,1320301500
f0841_10,7,,390,train,26414840,26414840,4621055250
f2211_73,8,,164,train,26414840,26414840,1848422100
f1090_13,8,,230,train,26414840,26414840,2640603000
f1791_04,8,,165,train,26414840,26414840,1848422100
f0037_16,8,,404,train,26414840,26414840,4753085400
f2175_59,8,,150,train,26414840,26414840,1716391950
f0636_12,8,,270,train,26414840,26414840,3168723600
f0299_33,8,,310,train,26414840,26414840,3564814050
f0221_37,8,,346,train,26414840,26414840,4092934650
f3521_09,8,,164,train,26414840,26414840,1848422100
f3154_48,8,,172,train,26414840,26414840,1980452250
f1470_34,8,,339,train,26414840,26414840,3960904500
f3602_12,8,,150,train,26414840,26414840,1716391950
f1480_24,8,,329,train,26414840,26414840,3828874350
f1075_00,8,,295,train,26414840,26414840,3432783900
f0646_22,8,,298,train,26414840,26414840,3432783900
f3553_12,8,,173,train,26414840,26414840,1980452250
f1674_35,8,,119,train,26414840,26414840,1320301500
f1530_18,8,,175,train,26414840,26414840,1980452250
f1051_38,8,,321,train,26414840,26414840,3696844200
f2274_95,8,,165,train,26414840,26414840,1848422100
f2211_73,9,,164,train,26414840,26414840,1848422100
f1791_04,9,,165,train,26414840,26414840,1848422100
f1090_13,9,,230,train,26414840,26414840,2640603000
f2175_59,9,,150,train,26414840,26414840,1716391950
f0037_16,9,,404,train,26414840,26414840,4753085400
f0636_12,9,,270,train,26414840,26414840,3168723600
f3602_12,9,,150,train,26414840,26414840,1716391950
f0299_33,9,,310,train,26414840,26414840,3564814050
f3154_48,9,,172,train,26414840,26414840,1980452250
f3521_09,9,,164,train,26414840,26414840,1848422100
f0221_37,9,,346,train,26414840,26414840,4092934650
f3553_12,9,,173,train,26414840,26414840,1980452250
f1674_35,9,,119,train,26414840,26414840,1320301500
f1470_34,9,,339,train,26414840,26414840,3960904500
f2274_95,9,,165,train,26414840,26414840,1848422100
f1530_18,9,,175,train,26414840,26414840,1980452250
f1480_24,9,,329,train,26414840,26414840,3828874350
f0646_22,9,,298,train,26414840,26414840,3432783900
f1075_00,9,,295,train,26414840,26414840,3432783900
f3896_07,9,,165,train,26414840,26414840,1848422100
f2211_73,10,,164,train,26414840,26414840,1848422100
f1791_04,10,,165,train,26414840,26414840,1848422100
f1090_13,10,,230,train,26414840,26414840,2640603000
f2175_59,10,,150,train,26414840,26414840,1716391950
f0636_12,10,,270,train,26414840,26414840,3168723600
f0037_16,10,,404,train,26414840,26414840,4753085400
f0299_33,10,,310,train,26414840,26414840,3564814050
f3521_09,10,,164,train,26414840,26414840,1848422100
f3602_12,10,,150,train,26414840,26414840,1716391950
f0221_37,10,,346,train,26414840,26414840,4092934650
f3154_48,10,,172,train,26414840,26414840,1980452250
f3553_12,10,,173,train,26414840,26414840,1980452250
f2274_95,10,,165,train,26414840,26414840,1848422100
f1674_35,10,,119,train,26414840,26414840,1320301500
f1470_34,10,,339,train,26414840,26414840,3960904500
f1530_18,10,,175,train,26414840,26414840,1980452250
f0646_22,10,,298,train,26414840,26414840,3432783900
f1480_24,10,,329,train,26414840,26414840,3828874350
f1075_00,10,,295,train,26414840,26414840,3432783900
f3896_07,10,,165,train,26414840,26414840,1848422100
f2310_51,11,,131,train,26414840,26414840,1452331650
f2211_73,11,,164,train,26414840,26414840,1848422100
f0983_14,11,,245,train,26414840,26414840,2904663300
f1791_04,11,,165,train,26414840,26414840,1848422100
f1090_13,11,,230,train,26414840,26414840,2640603000
f2175_59,11,,150,train,26414840,26414840,1716391950
f0314_27,11,,380,train,26414840,26414840,4489025100
f0147_13,11,,355,train,26414840,26414840,4092934650
f0037_16,11,,404,train,26414840,26414840,4753085400
f3602_12,11,,150,train,26414840,26414840,1716391950
f0221_37,11,,346,train,26414840,26414840,4092934650
f3553_12,11,,173,train,26414840,26414840,1980452250
f3337_21,11,,184,train,26414840,26414840,2112482400
f1674_35,11,,119,train,26414840,26414840,1320301500
f1470_34,11,,339,train,26414840,26414840,3960904500
f0646_22,11,,298,train,26414840,26414840,3432783900
f3896_07,11,,165,train,26414840,26414840,1848422100
f1480_24,11,,329,train,26414840,26414840,3828874350
f1075_00,11,,295,train,26414840,26414840,3432783900
f2159_53,11,,171,train,26414840,26414840,1980452250
f0669_11,12,,274,train,26414840,26414840,3168723600
f1332_24,12,,267,train,26414840,26414840,3168723600
f0223_49,12,,283,train,26414840,26414840,3300753750
f0999_29,12,,352,train,26414840,26414840,4092934650
f2363_77,12,,174,train,26414840,26414840,1980452250
f0204_21,12,,355,train,26414840,26414840,4092934650
f0793_02,12,,358,train,26414840,26414840,4224964800
f0333_01,12,,294,train,26414840,26414840,3432783900
f1874_36,12,,174,train,26414840,26414840,1980452250
f2214_70,12,,181,train,26414840,26414840,2112482400
f0221_37,12,,346,train,26414840,26414840,4092934650
f0078_48,12,,369,train,26414840,26414840,4356994950
f1404_39,12,,160,train,26414840,26414840,1848422100
f0218_04,12,,370,train,26414840,26414840,4356994950
f3639_43,12,,183,train,26414840,26414840,2112482400
f3488_35,12,,174,train,26414840,26414840,1980452250
f1167_31,12,,296,train,26414840,26414840,3432783900
f0432_28,12,,311,train,26414840,26414840,3564814050
f3300_25,12,,180,train,26414840,26414840,2112482400
f0583_26,12,,365,train,26414840,26414840,4224964800
f0631_03,13,,390,train,26414840,26414840,4621055250
f1965_23,13,,31,train,26414840,26414840,264060300
f2310_51,13,,131,train,26414840,26414840,1452331650
f0683_02,13,,324,train,26414840,26414840,3828874350
f2233_79,13,,173,train,26414840,26414840,1980452250
f2329_94,13,,117,train,26414840,26414840,1320301500
f3366_32,13,,176,train,26414840,26414840,1980452250
f0636_12,13,,270,train,26414840,26414840,3168723600
f3986_31,13,,177,train,26414840,26414840,1980452250
f1914_02,13,,116,train,26414840,26414840,1320301500
f0037_16,13,,404,train,26414840,26414840,4753085400
f0078_48,13,,369,train,26414840,26414840,4356994950
f0218_04,13,,370,train,26414840,26414840,4356994950
f0299_33,13,,310,train,26414840,26414840,3564814050
f2214_70,13,,181,train,26414840,26414840,2112482400
f0588_19,13,,379,train,26414840,26414840,4489025100
f0024_24,13,,375,train,26414840,26414840,4356994950
f0598_49,13,,253,train,26414840,26414840,2904663300
f0454_20,13,,389,train,26414840,26414840,4621055250
f3997_45,13,,169,train,26414840,26414840,1980452250
f2211_73,14,,164,train,26414840,26414840,1848422100
f1791_04,14,,165,train,26414840,26414840,1848422100
f2175_59,14,,150,train,26414840,26414840,1716391950
f1090_13,14,,230,train,26414840,26414840,2640603000
f0636_12,14,,270,train,26414840,26414840,3168723600
f0221_37,14,,346,train,26414840,26414840,4092934650
f3553_12,14,,173,train,26414840,26414840,1980452250
f3521_09,14,,164,train,26414840,26414840,1848422100
f3602_12,14,,150,train,26414840,26414840,1716391950
f0299_33,14,,310,train,26414840,26414840,3564814050
f0037_16,14,,404,train,26414840,26414840,4753085400
f2274_95,14,,165,train,26414840,26414840,1848422100
f3154_48,14,,172,train,26414840,26414840,1980452250
f1530_18,14,,175,train,26414840,26414840,1980452250
f1674_35,14,,119,train,26414840,26414840,1320301500
f0646_22,14,,298,train,26414840,26414840,3432783900
f3896_07,14,,165,train,26414840,26414840,1848422100
f1470_34,14,,339,train,26414840,26414840,3960904500
f1075_00,14,,295,train,26414840,26414840,3432783900
f0841_10,14,,390,train,26414840,26414840,4621055250
f2211_73,15,,164,train,26414840,26414840,1848422100
f1791_04,15,,165,train,26414840,26414840,1848422100
f1090_13,15,,230,train,26414840,26414840,2640603000
f2175_59,15,,150,train,26414840,26414840,1716391950
f0636_12,15,,270,train,26414840,26414840,3168723600
f0221_37,15,,346,train,26414840,26414840,4092934650
f3553_12,15,,173,train,26414840,26414840,1980452250
f0037_16,15,,404,train,26414840,26414840,4753085400
f0299_33,15,,310,train,26414840,26414840,3564814050
f3521_09,15,,164,train,26414840,26414840,1848422100
f2274_95,15,,165,train,26414840,26414840,1848422100
f3154_48,15,,172,train,26414840,26414840,1980452250
f3602_12,15,,150,train,26414840,26414840,1716391950
f1530_18,15,,175,train,26414840,26414840,1980452250
f1674_35,15,,119,train,26414840,26414840,1320301500
f0646_22,15,,298,train,26414840,26414840,3432783900
f1075_00,15,,295,train,26414840,26414840,3432783900
f3896_07,15,,165,train,26414840,26414840,1848422100
f1470_34,15,,339,train,26414840,26414840,3960904500
f0841_10,15,,390,train,26414840,26414840,4621055250
f2211_73,16,,164,train,26414840,26414840,1848422100
f1791_04,16,,165,train,26414840,26414840,1848422100
f1090_13,16,,230,train,26414840,26414840,2640603000
f2175_59,16,,150,train,26414840,26414840,1716391950
f0636_12,16,,270,train,26414840,26414840,3168723600
f0221_37,16,,346,train,26414840,26414840,4092934650
f3553_12,16,,173,train,26414840,26414840,1980452250
f0037_16,16,,404,train,26414840,26414840,4753085400
f0299_33,16,,310,train,26414840,26414840,3564814050
f2274_95,16,,165,train,26414840,26414840,1848422100
f3521_09,16,,164,train,26414840,26414840,1848422100
f3154_48,16,,172,train,26414840,26414840,1980452250
f3602_12,16,,150,train,26414840,26414840,1716391950
f1530_18,16,,175,train,26414840,26414840,1980452250
f1674_35,16,,119,train,26414840,26414840,1320301500
f0646_22,16,,298,train,26414840,26414840,3432783900
f1075_00,16,,295,train,26414840,26414840,3432783900
f1470_34,16,,339,train,26414840,26414840,3960904500
f3896_07,16,,165,train,26414840,26414840,1848422100
f0841_10,16,,390,train,26414840,26414840,4621055250
f2211_73,17,,164,train,26414840,26414840,1848422100
f1791_04,17,,165,train,26414840,26414840,1848422100
f1090_13,17,,230,train,26414840,26414840,2640603000
f2175_59,17,,150,train,26414840,26414840,1716391950
f0221_37,17,,346,train,26414840,26414840,4092934650
f0636_12,17,,270,train,26414840,26414840,3168723600
f0037_16,17,,404,train,26414840,26414840,4753085400
f3553_12,17,,173,train,26414840,26414840,1980452250
f0299_33,17,,310,train,26414840,26414840,3564814050
f2274_95,17,,165,train,26414840,26414840,1848422100
f3154_48,17,,172,train,26414840,26414840,1980452250
f3521_09,17,,164,train,26414840,26414840,1848422100
f1530_18,17,,175,train,26414840,26414840,1980452250
f3602_12,17,,150,train,26414840,26414840,1716391950
f1075_00,17,,295,train,26414840,26414840,3432783900
f0646_22,17,,298,train,26414840,26414840,3432783900
f1674_35,17,,119,train,26414840,26414840,1320301500
f0841_10,17,,390,train,26414840,26414840,4621055250
f1470_34,17,,339,train,26414840,26414840,3960904500
f0415_28,17,,385,train,26414840,26414840,4489025100
f2310_51,18,,131,train,26414840,26414840,1452331650
f2211_73,18,,164,train,26414840,26414840,1848422100
f1791_04,18,,165,train,26414840,26414840,1848422100
f0983_14,18,,245,train,26414840,26414840,2904663300
f2175_59,18,,150,train,26414840,26414840,1716391950
f1090_13,18,,230,train,26414840,26414840,2640603000
f0221_37,18,,346,train,26414840,26414840,4092934650
f0147_13,18,,355,train,26414840,26414840,4092934650
f3553_12,18,,173,train,26414840,26414840,1980452250
f0037_16,18,,404,train,26414840,26414840,4753085400
f0314_27,18,,380,train,26414840,26414840,4489025100
f3337_21,18,,184,train,26414840,26414840,2112482400
f3602_12,18,,150,train,26414840,26414840,1716391950
f1674_35,18,,119,train,26414840,26414840,1320301500
f0646_22,18,,298,train,26414840,26414840,3432783900
f1075_00,18,,295,train,26414840,26414840,3432783900
f3896_07,18,,165,train,26414840,26414840,1848422100
f1470_34,18,,339,train,26414840,26414840,3960904500
f0841_10,18,,390,train,26414840,26414840,4621055250
f1160_23,18,,232,train,26414840,26414840,2640603000
f1965_23,19,,31,train,26414840,26414840,264060300
f2310_51,19,,131,train,26414840,26414840,1452331650
f1791_04,19,,165,train,26414840,26414840,1848422100
f2161_58,19,,169,train,26414840,26414840,1980452250
f1085_29,19,,183,train,26414840,26414840,2112482400
f0636_12,19,,270,train,26414840,26414840,3168723600
f0037_16,19,,404,train,26414840,26414840,4753085400
f3337_21,19,,184,train,26414840,26414840,2112482400
f2274_95,19,,165,train,26414840,26414840,1848422100
f1530_18,19,,175,train,26414840,26414840,1980452250
f3521_09,19,,164,train,26414840,26414840,1848422100
f3154_48,19,,172,train,26414840,26414840,1980452250
f1569_23,19,,160,train,26414840,26414840,1848422100
f1674_35,19,,119,train,26414840,26414840,1320301500
f0024_24,19,,375,train,26414840,26414840,4356994950
f0598_49,19,,253,train,26414840,26414840,2904663300
f0836_28,19,,285,train,26414840,26414840,3300753750
f0646_22,19,,298,train,26414840,26414840,3432783900
f1470_34,19,,339,train,26414840,26414840,3960904500
f3632_10,19,,149,train,26414840,26414840,1716391950
f2211_73,20,,164,train,26414840,26414840,1848422100
f1791_04,20,,165,train,26414840,26414840,1848422100
f1090_13,20,,230,train,26414840,26414840,2640603000
f2161_58,20,,169,train,26414840,26414840,1980452250
f2175_59,20,,150,train,26414840,26414840,1716391950
f0636_12,20,,270,train,26414840,26414840,3168723600
f0221_37,20,,346,train,26414840,26414840,4092934650
f3553_12,20,,173,train,26414840,26414840,1980452250
f0037_16,20,,404,train,26414840,26414840,4753085400
f2274_95,20,,165,train,26414840,26414840,1848422100
f3337_21,20,,184,train,26414840,26414840,2112482400
f1530_18,20,,175,train,26414840,26414840,1980452250
f3521_09,20,,164,train,26414840,26414840,1848422100
f3602_12,20,,150,train,26414840,26414840,1716391950
f3154_48,20,,172,train,26414840,26414840,1980452250
f1674_35,20,,119,train,26414840,26414840,1320301500
f1075_00,20,,295,train,26414840,26414840,3432783900
f0646_22,20,,298,train,26414840,26414840,3432783900
f0347_04,20,,413,train,26414840,26414840,4885115550
f3896_07,20,,165,train,26414840,26414840,1848422100
f2310_51,21,,131,train,26414840,26414840,1452331650
f2211_73,21,,164,train,26414840,26414840,1848422100
f0983_14,21,,245,train,26414840,26414840,2904663300
f1791_04,21,,165,train,26414840,26414840,1848422100
f1090_13,21,,230,train,26414840,26414840,2640603000
f0147_13,21,,355,train,26414840,26414840,4092934650
f0221_37,21,,346,train,26414840,26414840,4092934650
f2175_59,21,,150,train,26414840,26414840,1716391950
f3553_12,21,,173,train,26414840,26414840,1980452250
f0037_16,21,,404,train,26414840,26414840,4753085400
f3337_21,21,,184,train,26414840,26414840,2112482400
f0314_27,21,,380,train,26414840,26414840,4489025100
f1075_00,21,,295,train,26414840,26414840,3432783900
f3602_12,21,,150,train,26414840,26414840,1716391950
f0646_22,21,,298,train,26414840,26414840,3432783900
f1674_35,21,,119,train,26414840,26414840,1320301500
f1160_23,21,,232,train,26414840,26414840,2640603000
f3896_07,21,,165,train,26414840,26414840,1848422100
f1470_34,21,,339,train,26414840,26414840,3960904500
f0415_28,21,,385,train,26414840,26414840,4489025100
f2211_73,22,,164,train,26414840,26414840,1848422100
f1791_04,22,,165,train,26414840,26414840,1848422100
f1090_13,22,,230,train,26414840,26414840,2640603000
f0221_37,22,,346,train,26414840,26414840,4092934650
f2175_59,22,,150,train,26414840,26414840,1716391950
f3553_12,22,,173,train,26414840,26414840,1980452250
f0636_12,22,,270,train,26414840,26414840,3168723600
f0037_16,22,,404,train,26414840,26414840,4753085400
f0299_33,22,,310,train,26414840,26414840,3564814050
f2274_95,22,,165,train,26414840,26414840,1848422100
f1530_18,22,,175,train,26414840,26414840,1980452250
f3521_09,22,,164,train,26414840,26414840,1848422100
f3154_48,22,,172,train,26414840,26414840,1980452250
f3602_12,22,,150,train,26414840,26414840,1716391950
f1075_00,22,,295,train,26414840,26414840,3432783900
f1674_35,22,,119,train,26414840,26414840,1320301500
f0646_22,22,,298,train,26414840,26414840,3432783900
f3896_07,22,,165,train,26414840,26414840,1848422100
f0415_28,22,,385,train,26414840,26414840,4489025100
f1470_34,22,,339,train,26414840,26414840,3960904500
f2310_51,23,,131,train,26414840,26414840,1452331650
f2211_73,23,,164,train,26414840,26414840,1848422100
f0983_14,23,,245,train,26414840,26414840,2904663300
f1791_04,23,,165,train,26414840,26414840,1848422100
f1090_13,23,,230,train,26414840,26414840,2640603000
f0147_13,23,,355,train,26414840,26414840,4092934650
f2175_59,23,,150,train,26414840,26414840,1716391950
f0221_37,23,,346,train,26414840,26414840,4092934650
f3553_12,23,,173,train,26414840,26414840,1980452250
f0037_16,23,,404,train,26414840,26414840,4753085400
f3337_21,23,,184,train,26414840,26414840,2112482400
f0314_27,23,,380,train,26414840,26414840,4489025100
f3602_12,23,,150,train,26414840,26414840,1716391950
f1075_00,23,,295,train,26414840,26414840,3432783900
f1674_35,23,,119,train,26414840,26414840,1320301500
f0646_22,23,,298,train,26414840,26414840,3432783900
f3896_07,23,,165,train,26414840,26414840,1848422100
f1160_23,23,,232,train,26414840,26414840,2640603000
f0415_28,23,,385,train,26414840,26414840,4489025100
f0841_10,23,,390,train,26414840,26414840,4621055250
f1965_23,24,,31,train,26414840,26414840,264060300
f2310_51,24,,131,train,26414840,26414840,1452331650
f1791_04,24,,165,train,26414840,26414840,1848422100
f2161_58,24,,169,train,26414840,26414840,1980452250
f1085_29,24,,183,train,26414840,26414840,2112482400
f0636_12,24,,270,train,26414840,26414840,3168723600
f0037_16,24,,404,train,26414840,26414840,4753085400
f2274_95,24,,165,train,26414840,26414840,1848422100
f3337_21,24,,184,train,26414840,26414840,2112482400
f3154_48,24,,172,train,26414840,26414840,1980452250
f3521_09,24,,164,train,26414840,26414840,1848422100
f1569_23,24,,160,train,26414840,26414840,1848422100
f0598_49,24,,253,train,26414840,26414840,2904663300
f1530_18,24,,175,train,26414840,26414840,1980452250
f1674_35,24,,119,train,26414840,26414840,1320301500
f0024_24,24,,375,train,26414840,26414840,4356994950
f0646_22,24,,298,train,26414840,26414840,3432783900
f3632_10,24,,149,train,26414840,26414840,1716391950
f0836_28,24,,285,train,26414840,26414840,3300753750
f3896_07,24,,165,train,26414840,26414840,1848422100
f0669_11,25,,274,train,26414840,26414840,3168723600
f1332_24,25,,267,train,26414840,26414840,3168723600
f0223_49,25,,283,train,26414840,26414840,3300753750
f0221_37,25,,346,train,26414840,26414840,4092934650
f0793_02,25,,358,train,26414840,26414840,4224964800
f0078_48,25,,369,train,26414840,26414840,4356994950
f0999_29,25,,352,train,26414840,26414840,4092934650
f0218_04,25,,370,train,26414840,26414840,4356994950
f0204_21,25,,355,train,26414840,26414840,4092934650
f0333_01,25,,294,train,26414840,26414840,3432783900
f2363_77,25,,174,train,26414840,26414840,1980452250
f2214_70,25,,181,train,26414840,26414840,2112482400
f1404_39,25,,160,train,26414840,26414840,1848422100
f3639_43,25,,183,train,26414840,26414840,2112482400
f3488_35,25,,174,train,26414840,26414840,1980452250
f3300_25,25,,180,train,26414840,26414840,2112482400
f1190_46,25,,268,train,26414840,26414840,3168723600
f1874_36,25,,174,train,26414840,26414840,1980452250
f1337_29,25,,220,train,26414840,26414840,2508572850
f0569_42,25,,297,train,26414840,26414840,3432783900
f2211_73,26,,164,train,26414840,26414840,1848422100
f1791_04,26,,165,train,26414840,26414840,1848422100
f1090_13,26,,230,train,26414840,26414840,2640603000
f0221_37,26,,346,train,26414840,26414840,4092934650
f2175_59,26,,150,train,26414840,26414840,1716391950
f3553_12,26,,173,train,26414840,26414840,1980452250
f0636_12,26,,270,train,26414840,26414840,3168723600
f0037_16,26,,404,train,26414840,26414840,4753085400
f0299_33,26,,310,train,26414840,26414840,3564814050
f2274_95,26,,165,train,26414840,26414840,1848422100
f1530_18,26,,175,train,26414840,26414840,1980452250
f3521_09,26,,164,train,26414840,26414840,1848422100
f1674_35,26,,119,train,26414840,26414840,1320301500
f3154_48,26,,172,train,26414840,26414840,1980452250
f3602_12,26,,150,train,26414840,26414840,1716391950
f1075_00,26,,295,train,26414840,26414840,3432783900
f0646_22,26,,298,train,26414840,26414840,3432783900
f3896_07,26,,165,train,26414840,26414840,1848422100
f1470_34,26,,339,train,26414840,26414840,3960904500
f0415_28,26,,385,train,26414840,26414840,4489025100
f2310_51,27,,131,train,26414840,26414840,1452331650
f1965_23,27,,31,train,26414840,26414840,264060300
f1791_04,27,,165,train,26414840,26414840,1848422100
f2161_58,27,,169,train,26414840,26414840,1980452250
f0636_12,27,,270,train,26414840,26414840,3168723600
f1085_29,27,,183,train,26414840,26414840,2112482400
f0037_16,27,,404,train,26414840,26414840,4753085400
f3337_21,27,,184,train,26414840,26414840,2112482400
f1569_23,27,,160,train,26414840,26414840,1848422100
f2274_95,27,,165,train,26414840,26414840,1848422100
f3521_09,27,,164,train,26414840,26414840,1848422100
f0598_49,27,,253,train,26414840,26414840,2904663300
f0024_24,27,,375,train,26414840,26414840,4356994950
f1530_18,27,,175,train,26414840,26414840,1980452250
f3154_48,27,,172,train,26414840,26414840,1980452250
f3632_10,27,,149,train,26414840,26414840,1716391950
f3896_07,27,,165,train,26414840,26414840,1848422100
f1674_35,27,,119,train,26414840,26414840,1320301500
f0836_28,27,,285,train,26414840,26414840,3300753750
f0646_22,27,,298,train,26414840,26414840,3432783900
f0669_11,28,,274,train,26414840,26414840,3168723600
f0793_02,28,,358,train,26414840,26414840,4224964800
f1332_24,28,,267,train,26414840,26414840,3168723600
f0223_49,28,,283,train,26414840,26414840,3300753750
f0221_37,28,,346,train,26414840,26414840,4092934650
f0078_48,28,,369,train,26414840,26414840,4356994950
f0218_04,28,,370,train,26414840,26414840,4356994950
f0999_29,28,,352,train,26414840,26414840,4092934650
f0333_01,28,,294,train,26414840,26414840,3432783900
f2363_77,28,,174,train,26414840,26414840,1980452250
f0204_21,28,,355,train,26414840,26414840,4092934650
f3300_25,28,,180,train,26414840,26414840,2112482400
f2214_70,28,,181,train,26414840,26414840,2112482400
f3639_43,28,,183,train,26414840,26414840,2112482400
f1190_46,28,,268,train,26414840,26414840,3168723600
f3488_35,28,,174,train,26414840,26414840,1980452250
f1404_39,28,,160,train,26414840,26414840,1848422100
f1874_36,28,,174,train,26414840,26414840,1980452250
f1337_29,28,,220,train,26414840,26414840,2508572850
f0432_28,28,,311,train,26414840,26414840,3564814050
f2211_73,29,,164,train,26414840,26414840,1848422100
f1791_04,29,,165,train,26414840,26414840,1848422100
f1090_13,29,,230,train,26414840,26414840,2640603000
f2161_58,29,,169,train,26414840,26414840,1980452250
f3553_12,29,,173,train,26414840,26414840,1980452250
f2175_59,29,,150,train,26414840,26414840,1716391950
f0221_37,29,,346,train,26414840,26414840,4092934650
f2274_95,29,,165,train,26414840,26414840,1848422100
f0037_16,29,,404,train,26414840,26414840,4753085400
f3337_21,29,,184,train,26414840,26414840,2112482400
f0636_12,29,,270,train,26414840,26414840,3168723600
f3521_09,29,,164,train,26414840,26414840,1848422100
f1530_18,29,,175,train,26414840,26414840,1980452250
f3154_48,29,,172,train,26414840,26414840,1980452250
f3602_12,29,,150,train,26414840,26414840,1716391950
f3896_07,29,,165,train,26414840,26414840,1848422100
f1674_35,29,,119,train,26414840,26414840,1320301500
f1075_00,29,,295,train,26414840,26414840,3432783900
f0646_22,29,,298,train,26414840,26414840,3432783900
f1470_34,29,,339,train,26414840,26414840,3960904500
f0669_11,30,,274,train,26414840,26414840,3168723600
f0223_49,30,,283,train,26414840,26414840,3300753750
f1332_24,30,,267,train,26414840,26414840,3168723600
f0793_02,30,,358,train,26414840,26414840,4224964800
f0221_37,30,,346,train,26414840,26414840,4092934650
f0078_48,30,,369,train,26414840,26414840,4356994950
f0218_04,30,,370,train,26414840,26414840,4356994950
f0999_29,30,,352,train,26414840,26414840,4092934650
f0204_21,30,,355,train,26414840,26414840,4092934650
f0333_01,30,,294,train,26414840,26414840,3432783900
f2363_77,30,,174,train,26414840,26414840,1980452250
f3639_43,30,,183,train,26414840,26414840,2112482400
f3300_25,30,,180,train,26414840,26414840,2112482400
f1190_46,30,,268,train,26414840,26414840,3168723600
f2214_70,30,,181,train,26414840,26414840,2112482400
f1404_39,30,,160,train,26414840,26414840,1848422100
f3488_35,30,,174,train,26414840,26414840,1980452250
f1167_31,30,,296,train,26414840,26414840,3432783900
f1337_29,30,,220,train,26414840,26414840,2508572850
f1174_47,30,,241,train,26414840,26414840,2772633150
f0631_03,31,,390,train,26414840,26414840,4621055250
f2310_51,31,,131,train,26414840,26414840,1452331650
f1965_23,31,,31,train,26414840,26414840,264060300
f0683_02,31,,324,train,26414840,26414840,3828874350
f2329_94,31,,117,train,26414840,26414840,1320301500
f0218_04,31,,370,train,26414840,26414840,4356994950
f0078_48,31,,369,train,26414840,26414840,4356994950
f0636_12,31,,270,train,26414840,26414840,3168723600
f0037_16,31,,404,train,26414840,26414840,4753085400
f1914_02,31,,116,train,26414840,26414840,1320301500
f0299_33,31,,310,train,26414840,26414840,3564814050
f0598_49,31,,253,train,26414840,26414840,2904663300
f2214_70,31,,181,train,26414840,26414840,2112482400
f0024_24,31,,375,train,26414840,26414840,4356994950
f3892_07,31,,180,train,26414840,26414840,2112482400
f1024_46,31,,365,train,26414840,26414840,4224964800
f3986_31,31,,177,train,26414840,26414840,1980452250
f3997_45,31,,169,train,26414840,26414840,1980452250
f1469_25,31,,266,train,26414840,26414840,3036693450
f1326_12,31,,317,train,26414840,26414840,3696844200
f2211_73,32,,164,train,26414840,26414840,1848422100
f1090_13,32,,230,train,26414840,26414840,2640603000
f1791_04,32,,165,train,26414840,26414840,1848422100
f3553_12,32,,173,train,26414840,26414840,1980452250
f0221_37,32,,346,train,26414840,26414840,4092934650
f2175_59,32,,150,train,26414840,26414840,1716391950
f0636_12,32,,270,train,26414840,26414840,3168723600
f0037_16,32,,404,train,26414840,26414840,4753085400
f2274_95,32,,165,train,26414840,26414840,1848422100
f1530_18,32,,175,train,26414840,26414840,1980452250
f3602_12,32,,150,train,26414840,26414840,1716391950
f3521_09,32,,164,train,26414840,26414840,1848422100
f0299_33,32,,310,train,26414840,26414840,3564814050
f1674_35,32,,119,train,26414840,26414840,1320301500
f3154_48,32,,172,train,26414840,26414840,1980452250
f0646_22,32,,298,train,26414840,26414840,3432783900
f1075_00,32,,295,train,26414840,26414840,3432783900
f3896_07,32,,165,train,26414840,26414840,1848422100
f1470_34,32,,339,train,26414840,26414840,3960904500
f3430_38,32,,183,train,26414840,26414840,2112482400
f0669_11,33,,274,train,26414840,26414840,3168723600
f0223_49,33,,283,train,26414840,26414840,3300753750
f3553_12,33,,173,train,26414840,26414840,1980452250
f0793_02,33,,358,train,26414840,26414840,4224964800
f1332_24,33,,267,train,26414840,26414840,3168723600
f2175_59,33,,150,train,26414840,26414840,1716391950
f0218_04,33,,370,train,26414840,26414840,4356994950
f0286_16,33,,369,train,26414840,26414840,4356994950
f0999_29,33,,352,train,26414840,26414840,4092934650
f2363_77,33,,174,train,26414840,26414840,1980452250
f0204_21,33,,355,train,26414840,26414840,4092934650
f0333_01,33,,294,train,26414840,26414840,3432783900
f2408_73,33,,163,train,26414840,26414840,1848422100
f2214_70,33,,181,train,26414840,26414840,2112482400
f1075_00,33,,295,train,26414840,26414840,3432783900
f3488_35,33,,174,train,26414840,26414840,1980452250
f1404_39,33,,160,train,26414840,26414840,1848422100
f1190_46,33,,268,train,26414840,26414840,3168723600
f1174_47,33,,241,train,26414840,26414840,2772633150
f3997_45,33,,169,train,26414840,26414840,1980452250
f0669_11,34,,274,train,26414840,26414840,3168723600
f0223_49,34,,283,train,26414840,26414840,3300753750
f3553_12,34,,173,train,26414840,26414840,1980452250
f0793_02,34,,358,train,26414840,26414840,4224964800
f1332_24,34,,267,train,26414840,26414840,3168723600
f0218_04,34,,370,train,26414840,26414840,4356994950
f2175_59,34,,150,train,26414840,26414840,1716391950
f0286_16,34,,369,train,26414840,26414840,4356994950
f0999_29,34,,352,train,26414840,26414840,4092934650
f0204_21,34,,355,train,26414840,26414840,4092934650
f2363_77,34,,174,train,26414840,26414840,1980452250
f0333_01,34,,294,train,26414840,26414840,3432783900
f2408_73,34,,163,train,26414840,26414840,1848422100
f2214_70,34,,181,train,26414840,26414840,2112482400
f1075_00,34,,295,train,26414840,26414840,3432783900
f3488_35,34,,174,train,26414840,26414840,1980452250
f1190_46,34,,268,train,26414840,26414840,3168723600
f1404_39,34,,160,train,26414840,26414840,1848422100
f1174_47,34,,241,train,26414840,26414840,2772633150
f0569_42,34,,297,train,26414840,26414840,3432783900
f0669_11,35,,274,train,26414840,26414840,3168723600
f3553_12,35,,173,train,26414840,26414840,1980452250
f1332_24,35,,267,train,26414840,26414840,3168723600
f0286_16,35,,369,train,26414840,26414840,4356994950
f2175_59,35,,150,train,26414840,26414840,1716391950
f0204_21,35,,355,train,26414840,26414840,4092934650
f0999_29,35,,352,train,26414840,26414840,4092934650
f2363_77,35,,174,train,26414840,26414840,1980452250
f0952_49,35,,365,train,26414840,26414840,4224964800
f3300_25,35,,180,train,26414840,26414840,2112482400
f2408_73,35,,163,train,26414840,26414840,1848422100
f2214_70,35,,181,train,26414840,26414840,2112482400
f0183_22,35,,389,train,26414840,26414840,4621055250
f1075_00,35,,295,train,26414840,26414840,3432783900
f3488_35,35,,174,train,26414840,26414840,1980452250
f0415_28,35,,385,train,26414840,26414840,4489025100
f1470_34,35,,339,train,26414840,26414840,3960904500
f1190_46,35,,268,train,26414840,26414840,3168723600
f0569_42,35,,297,train,26414840,26414840,3432783900
f1174_47,35,,241,train,26414840,26414840,2772633150
f2310_51,36,,131,train,26414840,26414840,1452331650
f2211_73,36,,164,train,26414840,26414840,1848422100
f1090_13,36,,230,train,26414840,26414840,2640603000
f0983_14,36,,245,train,26414840,26414840,2904663300
f3553_12,36,,173,train,26414840,26414840,1980452250
f1791_04,36,,165,train,26414840,26414840,1848422100
f0221_37,36,,346,train,26414840,26414840,4092934650
f0147_13,36,,355,train,26414840,26414840,4092934650
f0037_16,36,,404,train,26414840,26414840,4753085400
f2175_59,36,,150,train,26414840,26414840,1716391950
f3602_12,36,,150,train,26414840,26414840,1716391950
f3337_21,36,,184,train,26414840,26414840,2112482400
f1674_35,36,,119,train,26414840,26414840,1320301500
f0646_22,36,,298,train,26414840,26414840,3432783900
f3430_38,36,,183,train,26414840,26414840,2112482400
f1075_00,36,,295,train,26414840,26414840,3432783900
f0415_28,36,,385,train,26414840,26414840,4489025100
f3896_07,36,,165,train,26414840,26414840,1848422100
f1470_34,36,,339,train,26414840,26414840,3960904500
f1160_23,36,,232,train,26414840,26414840,2640603000
f2310_51,37,,131,train,26414840,26414840,1452331650
f2211_73,37,,164,train,26414840,26414840,1848422100
f0983_14,37,,245,train,26414840,26414840,2904663300
f3553_12,37,,173,train,26414840,26414840,1980452250
f1090_13,37,,230,train,26414840,26414840,2640603000
f1791_04,37,,165,train,26414840,26414840,1848422100
f0221_37,37,,346,train,26414840,26414840,4092934650
f0147_13,37,,355,train,26414840,26414840,4092934650
f2175_59,37,,150,train,26414840,26414840,1716391950
f0037_16,37,,404,train,26414840,26414840,4753085400
f3602_12,37,,150,train,26414840,26414840,1716391950
f3337_21,37,,184,train,26414840,26414840,2112482400
f1674_35,37,,119,train,26414840,26414840,1320301500
f3430_38,37,,183,train,26414840,26414840,2112482400
f0646_22,37,,298,train,26414840,26414840,3432783900
f0415_28,37,,385,train,26414840,26414840,4489025100
f3896_07,37,,165,train,26414840,26414840,1848422100
f1075_00,37,,295,train,26414840,26414840,3432783900
f1853_42,37,,168,train,26414840,26414840,1980452250
f1470_34,37,,339,train,26414840,26414840,3960904500
f2310_51,38,,131,train,26414840,26414840,1452331650
f2211_73,38,,164,train,26414840,26414840,1848422100
f3553_12,38,,173,train,26414840,26414840,1980452250
f0983_14,38,,245,train,26414840,26414840,2904663300
f1090_13,38,,230,train,26414840,26414840,2640603000
f1791_04,38,,165,train,26414840,26414840,1848422100
f0221_37,38,,346,train,26414840,26414840,4092934650
f0147_13,38,,355,train,26414840,26414840,4092934650
f3337_21,38,,184,train,26414840,26414840,2112482400
f3602_12,38,,150,train,26414840,26414840,1716391950
f2175_59,38,,150,train,26414840,26414840,1716391950
f0037_16,38,,404,train,26414840,26414840,4753085400
f1674_35,38,,119,train,26414840,26414840,1320301500
f3430_38,38,,183,train,26414840,26414840,2112482400
f0646_22,38,,298,train,26414840,26414840,3432783900
f1075_00,38,,295,train,26414840,26414840,3432783900
f0415_28,38,,385,train,26414840,26414840,4489025100
f1853_42,38,,168,train,26414840,26414840,1980452250
f3896_07,38,,165,train,26414840,26414840,1848422100
f0314_27,38,,380,train,26414840,26414840,4489025100
f2310_51,39,,131,train,26414840,26414840,1452331650
f2211_73,39,,164,train,26414840,26414840,1848422100
f1090_13,39,,230,train,26414840,26414840,2640603000
f3553_12,39,,173,train,26414840,26414840,1980452250
f0983_14,39,,245,train,26414840,26414840,2904663300
f1791_04,39,,165,train,26414840,26414840,1848422100
f0147_13,39,,355,train,26414840,26414840,4092934650
f0221_37,39,,346,train,26414840,26414840,4092934650
f3602_12,39,,150,train,26414840,26414840,1716391950
f2175_59,39,,150,train,26414840,26414840,1716391950
f3337_21,39,,184,train,26414840,26414840,2112482400
f0037_16,39,,404,train,26414840,26414840,4753085400
f1674_35,39,,119,train,26414840,26414840,1320301500
f3896_07,39,,165,train,26414840,26414840,1848422100
f3430_38,39,,183,train,26414840,26414840,2112482400
f0415_28,39,,385,train,26414840,26414840,4489025100
f0646_22,39,,298,train,26414840,26414840,3432783900
f1075_00,39,,295,train,26414840,26414840,3432783900
f1853_42,39,,168,train,26414840,26414840,1980452250
f0314_27,39,,380,train,26414840,26414840,4489025100
f2211_73,40,,164,train,26414840,26414840,1848422100
f3553_12,40,,173,train,26414840,26414840,1980452250
f1090_13,40,,230,train,26414840,26414840,2640603000
f1791_04,40,,165,train,26414840,26414840,1848422100
f0221_37,40,,346,train,26414840,26414840,4092934650
f3602_12,40,,150,train,26414840,26414840,1716391950
f1530_18,40,,175,train,26414840,26414840,1980452250
f0636_12,40,,270,train,26414840,26414840,3168723600
f0037_16,40,,404,train,26414840,26414840,4753085400
f1674_35,40,,119,train,26414840,26414840,1320301500
f2175_59,40,,150,train,26414840,26414840,1716391950
f2274_95,40,,165,train,26414840,26414840,1848422100
f3430_38,40,,183,train,26414840,26414840,2112482400
f3521_09,40,,164,train,26414840,26414840,1848422100
f1853_42,40,,168,train,26414840,26414840,1980452250
f0299_33,40,,310,train,26414840,26414840,3564814050
f3154_48,40,,172,train,26414840,26414840,1980452250
f0415_28,40,,385,train,26414840,26414840,4489025100
f0646_22,40,,298,train,26414840,26414840,3432783900
f1075_00,40,,295,train,26414840,26414840,3432783900
f2211_73,41,,164,train,26414840,26414840,1848422100
f3553_12,41,,173,train,26414840,26414840,1980452250
f1791_04,41,,165,train,26414840,26414840,1848422100
f1090_13,41,,230,train,26414840,26414840,2640603000
f3602_12,41,,150,train,26414840,26414840,1716391950
f0221_37,41,,346,train,26414840,26414840,4092934650
f0636_12,41,,270,train,26414840,26414840,3168723600
f2175_59,41,,150,train,26414840,26414840,1716391950
f1674_35,41,,119,train,26414840,26414840,1320301500
f0037_16,41,,404,train,26414840,26414840,4753085400
f1530_18,41,,175,train,26414840,26414840,1980452250
f2274_95,41,,165,train,26414840,26414840,1848422100
f3430_38,41,,183,train,26414840,26414840,2112482400
f3521_09,41,,164,train,26414840,26414840,1848422100
f3154_48,41,,172,train,26414840,26414840,1980452250
f1853_42,41,,168,train,26414840,26414840,1980452250
f3896_07,41,,165,train,26414840,26414840,1848422100
f0415_28,41,,385,train,26414840,26414840,4489025100
f0646_22,41,,298,train,26414840,26414840,3432783900
f1470_34,41,,339,train,26414840,26414840,3960904500
f0669_11,42,,274,train,26414840,26414840,3168723600
f0223_49,42,,283,train,26414840,26414840,3300753750
f1332_24,42,,267,train,26414840,26414840,3168723600
f0793_02,42,,358,train,26414840,26414840,4224964800
f0221_37,42,,346,train,26414840,26414840,4092934650
f0078_48,42,,369,train,26414840,26414840,4356994950
f0218_04,42,,370,train,26414840,26414840,4356994950
f2363_77,42,,174,train,26414840,26414840,1980452250
f0204_21,42,,355,train,26414840,26414840,4092934650
f3639_43,42,,183,train,26414840,26414840,2112482400
f0999_29,42,,352,train,26414840,26414840,4092934650
f3300_25,42,,180,train,26414840,26414840,2112482400
f0333_01,42,,294,train,26414840,26414840,3432783900
f2214_70,42,,181,train,26414840,26414840,2112482400
f0432_28,42,,311,train,26414840,26414840,3564814050
f1174_47,42,,241,train,26414840,26414840,2772633150
f3488_35,42,,174,train,26414840,26414840,1980452250
f0569_42,42,,297,train,26414840,26414840,3432783900
f1404_39,42,,160,train,26414840,26414840,1848422100
f1190_46,42,,268,train,26414840,26414840,3168723600
f2211_73,43,,164,train,26414840,26414840,1848422100
f2161_58,43,,169,train,26414840,26414840,1980452250
f3553_12,43,,173,train,26414840,26414840,1980452250
f1791_04,43,,165,train,26414840,26414840,1848422100
f1090_13,43,,230,train,26414840,26414840,2640603000
f0221_37,43,,346,train,26414840,26414840,4092934650
f3602_12,43,,150,train,26414840,26414840,1716391950
f0037_16,43,,404,train,26414840,26414840,4753085400
f2175_59,43,,150,train,26414840,26414840,1716391950
f0636_12,43,,270,train,26414840,26414840,3168723600
f1674_35,43,,119,train,26414840,26414840,1320301500
f1530_18,43,,175,train,26414840,26414840,1980452250
f3337_21,43,,184,train,26414840,26414840,2112482400
f2274_95,43,,165,train,26414840,26414840,1848422100
f3154_48,43,,172,train,26414840,26414840,1980452250
f3521_09,43,,164,train,26414840,26414840,1848422100
f1853_42,43,,168,train,26414840,26414840,1980452250
f0646_22,43,,298,train,26414840,26414840,3432783900
f1075_00,43,,295,train,26414840,26414840,3432783900
f3896_07,43,,165,train,26414840,26414840,1848422100
f0669_11,44,,274,train,26414840,26414840,3168723600
f3553_12,44,,173,train,26414840,26414840,1980452250
f1332_24,44,,267,train,26414840,26414840,3168723600
f0286_16,44,,369,train,26414840,26414840,4356994950
f0204_21,44,,355,train,26414840,26414840,4092934650
f2175_59,44,,150,train,26414840,26414840,1716391950
f2363_77,44,,174,train,26414840,26414840,1980452250
f0183_22,44,,389,train,26414840,26414840,4621055250
f3300_25,44,,180,train,26414840,26414840,2112482400
f0999_29,44,,352,train,26414840,26414840,4092934650
f0952_49,44,,365,train,26414840,26414840,4224964800
f0415_28,44,,385,train,26414840,26414840,4489025100
f2408_73,44,,163,train,26414840,26414840,1848422100
f1190_46,44,,268,train,26414840,26414840,3168723600
f1174_47,44,,241,train,26414840,26414840,2772633150
f2214_70,44,,181,train,26414840,26414840,2112482400
f0569_42,44,,297,train,26414840,26414840,3432783900
f1075_00,44,,295,train,26414840,26414840,3432783900
f0347_04,44,,413,train,26414840,26414840,4885115550
f1404_39,44,,160,train,26414840,26414840,1848422100
f2211_73,45,,164,train,26414840,26414840,1848422100
f3553_12,45,,173,train,26414840,26414840,1980452250
f1090_13,45,,230,train,26414840,26414840,2640603000
f2161_58,45,,169,train,26414840,26414840,1980452250
f1791_04,45,,165,train,26414840,26414840,1848422100
f0221_37,45,,346,train,26414840,26414840,4092934650
f3602_12,45,,150,train,26414840,26414840,1716391950
f1674_35,45,,119,train,26414840,26414840,1320301500
f0636_12,45,,270,train,26414840,26414840,3168723600
f0037_16,45,,404,train,26414840,26414840,4753085400
f2175_59,45,,150,train,26414840,26414840,1716391950
f3337_21,45,,184,train,26414840,26414840,2112482400
f2274_95,45,,165,train,26414840,26414840,1848422100
f1530_18,45,,175,train,26414840,26414840,1980452250
f3154_48,45,,172,train,26414840,26414840,1980452250
f3521_09,45,,164,train,26414840,26414840,1848422100
f0646_22,45,,298,train,26414840,26414840,3432783900
f3896_07,45,,165,train,26414840,26414840,1848422100
f1853_42,45,,168,train,26414840,26414840,1980452250
f1075_00,45,,295,train,26414840,26414840,3432783900
f2211_73,46,,164,train,26414840,26414840,1848422100
f2310_51,46,,131,train,26414840,26414840,1452331650
f1090_13,46,,230,train,26414840,26414840,2640603000
f0983_14,46,,245,train,26414840,26414840,2904663300
f3553_12,46,,173,train,26414840,26414840,1980452250
f1791_04,46,,165,train,26414840,26414840,1848422100
f0221_37,46,,346,train,26414840,26414840,4092934650
f0147_13,46,,355,train,26414840,26414840,4092934650
f3602_12,46,,150,train,26414840,26414840,1716391950
f1674_35,46,,119,train,26414840,26414840,1320301500
f3337_21,46,,184,train,26414840,26414840,2112482400
f0037_16,46,,404,train,26414840,26414840,4753085400
f2175_59,46,,150,train,26414840,26414840,1716391950
f0415_28,46,,385,train,26414840,26414840,4489025100
f3430_38,46,,183,train,26414840,26414840,2112482400
f1853_42,46,,168,train,26414840,26414840,1980452250
f0314_27,46,,380,train,26414840,26414840,4489025100
f3896_07,46,,165,train,26414840,26414840,1848422100
f1075_00,46,,295,train,26414840,26414840,3432783900
f1160_23,46,,232,train,26414840,26414840,2640603000
f0793_02,47,,358,train,26414840,26414840,4224964800
f0221_37,47,,346,train,26414840,26414840,4092934650
f0078_48,47,,369,train,26414840,26414840,4356994950
f0218_04,47,,370,train,26414840,26414840,4356994950
f3639_43,47,,183,train,26414840,26414840,2112482400
f3300_25,47,,180,train,26414840,26414840,2112482400
f0333_01,47,,294,train,26414840,26414840,3432783900
f0434_21,47,,318,train,26414840,26414840,3696844200
f0999_29,47,,352,train,26414840,26414840,4092934650
f1049_26,47,,251,train,26414840,26414840,2904663300
f0029_05,47,,248,train,26414840,26414840,2904663300
f0093_24,47,,305,train,26414840,26414840,3564814050
f3874_15,47,,172,train,26414840,26414840,1980452250
f0698_45,47,,416,train,26414840,26414840,4885115550
f0836_28,47,,285,train,26414840,26414840,3300753750
f0432_28,47,,311,train,26414840,26414840,3564814050
f1404_39,47,,160,train,26414840,26414840,1848422100
f3488_35,47,,174,train,26414840,26414840,1980452250
f0754_01,47,,286,train,26414840,26414840,3300753750
f2465_75,47,,181,train,26414840,26414840,2112482400
f0669_11,48,,274,train,26414840,26414840,3168723600
f0223_49,48,,283,train,26414840,26414840,3300753750
f0793_02,48,,358,train,26414840,26414840,4224964800
f0221_37,48,,346,train,26414840,26414840,4092934650
f0204_21,48,,355,train,26414840,26414840,4092934650
f1332_24,48,,267,train,26414840,26414840,3168723600
f0078_48,48,,369,train,26414840,26414840,4356994950
f0218_04,48,,370,train,26414840,26414840,4356994950
f2363_77,48,,174,train,26414840,26414840,1980452250
f0333_01,48,,294,train,26414840,26414840,3432783900
f0999_29,48,,352,train,26414840,26414840,4092934650
f3300_25,48,,180,train,26414840,26414840,2112482400
f3639_43,48,,183,train,26414840,26414840,2112482400
f1190_46,48,,268,train,26414840,26414840,3168723600
f0569_42,48,,297,train,26414840,26414840,3432783900
f3488_35,48,,174,train,26414840,26414840,1980452250
f2214_70,48,,181,train,26414840,26414840,2112482400
f0698_45,48,,416,train,26414840,26414840,4885115550
f0432_28,48,,311,train,26414840,26414840,3564814050
f1404_39,48,,160,train,26414840,26414840,1848422100
f0669_11,49,,274,train,26414840,26414840,3168723600
f0476_07,49,,236,train,26414840,26414840,2772633150
f1085_29,49,,183,train,26414840,26414840,2112482400
f3366_32,49,,176,train,26414840,26414840,1980452250
f2181_63,49,,174,train,26414840,26414840,1980452250
f0037_16,49,,404,train,26414840,26414840,4753085400
f0761_10,49,,368,train,26414840,26414840,4356994950
f2240_80,49,,171,train,26414840,26414840,1980452250
f0952_49,49,,365,train,26414840,26414840,4224964800
f0799_13,49,,286,train,26414840,26414840,3300753750
f0544_05,49,,371,train,26414840,26414840,4356994950
f0434_21,49,,318,train,26414840,26414840,3696844200
f1496_39,49,,242,train,26414840,26414840,2772633150
f0459_12,49,,260,train,26414840,26414840,3036693450
f0106_05,49,,317,train,26414840,26414840,3696844200
f3874_15,49,,172,train,26414840,26414840,1980452250
f0415_28,49,,385,train,26414840,26414840,4489025100
f3816_24,49,,174,train,26414840,26414840,1980452250
f0104_43,49,,381,train,26414840,26414840,4489025100
f2329_94,49,,117,train,26414840,26414840,1320301500
f2310_51,50,,131,train,26414840,26414840,1452331650
f2211_73,50,,164,train,26414840,26414840,1848422100
f1090_13,50,,230,train,26414840,26414840,2640603000
f3553_12,50,,173,train,26414840,26414840,1980452250
f0983_14,50,,245,train,26414840,26414840,2904663300
f0221_37,50,,346,train,26414840,26414840,4092934650
f3602_12,50,,150,train,26414840,26414840,1716391950
f0147_13,50,,355,train,26414840,26414840,4092934650
f1791_04,50,,165,train,26414840,26414840,1848422100
f1674_35,50,,119,train,26414840,26414840,1320301500
f0037_16,50,,404,train,26414840,26414840,4753085400
f3337_21,50,,184,train,26414840,26414840,2112482400
f2175_59,50,,150,train,26414840,26414840,1716391950
f3430_38,50,,183,train,26414840,26414840,2112482400
f3896_07,50,,165,train,26414840,26414840,1848422100
f1853_42,50,,168,train,26414840,26414840,1980452250
f0415_28,50,,385,train,26414840,26414840,4489025100
f1160_23,50,,232,train,26414840,26414840,2640603000
f0646_22,50,,298,train,26414840,26414840,3432783900
f1470_34,50,,339,train,26414840,26414840,3960904500
