f2583_71,1,,133,train,26414840,26414840,7261658250
f1145_39,1,,248,train,26414840,26414840,14523316500
f1619_37,1,,168,train,26414840,26414840,9902261250
f3207_05,1,,174,train,26414840,26414840,9902261250
f1496_39,1,,242,train,26414840,26414840,13863165750
f3771_15,1,,183,train,26414840,26414840,10562412000
f2349_78,1,,133,train,26414840,26414840,7261658250
f3748_29,1,,175,train,26414840,26414840,9902261250
f2516_59,1,,173,train,26414840,26414840,9902261250
f1680_37,1,,157,train,26414840,26414840,9242110500
f4008_34,1,,158,train,26414840,26414840,9242110500
f0454_20,1,,389,train,26414840,26414840,23105276250
f3252_32,1,,183,train,26414840,26414840,10562412000
f1546_05,1,,175,train,26414840,26414840,9902261250
f2473_81,1,,182,train,26414840,26414840,10562412000
f0907_00,1,,280,train,26414840,26414840,16503768750
f1224_16,1,,255,train,26414840,26414840,14523316500
f3997_45,1,,169,train,26414840,26414840,9902261250
f0854_12,1,,375,train,26414840,26414840,21784974750
f1530_18,1,,175,train,26414840,26414840,9902261250
f2162_62,2,,160,train,26414840,26414840,9242110500
f0732_46,2,,249,train,26414840,26414840,14523316500
f1190_46,2,,268,train,26414840,26414840,15843618000
f2303_66,2,,181,train,26414840,26414840,10562412000
f1091_00,2,,412,train,26414840,26414840,24425577750
f3486_00,2,,178,train,26414840,26414840,10562412000
f1823_43,2,,92,train,26414840,26414840,5281206000
f3481_39,2,,176,train,26414840,26414840,9902261250
f2033_24,2,,172,train,26414840,26414840,9902261250
f1252_21,2,,206,train,26414840,26414840,11882713500
f4007_21,2,,32,train,26414840,26414840,1320301500
f0299_33,2,,310,train,26414840,26414840,17824070250
f2336_99,2,,104,train,26414840,26414840,5941356750
f1145_39,2,,248,train,26414840,26414840,14523316500
f1978_04,2,,165,train,26414840,26414840,9242110500
f0631_03,2,,390,train,26414840,26414840,23105276250
f0794_31,2,,210,train,26414840,26414840,11882713500
f3929_28,2,,136,train,26414840,26414840,7921809000
f0907_00,2,,280,train,26414840,26414840,16503768750
f1546_05,2,,175,train,26414840,26414840,9902261250
f2387_81,3,,171,train,26414840,26414840,9902261250
f1154_00,3,,171,train,26414840,26414840,9902261250
f3535_09,3,,178,train,26414840,26414840,10562412000
f1928_20,3,,131,train,26414840,26414840,7261658250
f3521_09,3,,164,train,26414840,26414840,9242110500
f2175_59,3,,150,train,26414840,26414840,8581959750
f1300_41,3,,219,train,26414840,26414840,12542864250
f3961_03,3,,113,train,26414840,26414840,6601507500
f0316_21,3,,380,train,26414840,26414840,22445125500
f2465_75,3,,181,train,26414840,26414840,10562412000
f1190_46,3,,268,train,26414840,26414840,15843618000
f2161_58,3,,169,train,26414840,26414840,9902261250
f0653_02,3,,346,train,26414840,26414840,20464673250
f0854_12,3,,375,train,26414840,26414840,21784974750
f3904_45,3,,153,train,26414840,26414840,8581959750
f1727_36,3,,19,train,26414840,26414840,660150750
f2044_20,3,,42,train,26414840,26414840,1980452250
f1569_23,3,,160,train,26414840,26414840,9242110500
f1024_46,3,,365,train,26414840,26414840,21124824000
f1706_39,3,,151,train,26414840,26414840,8581959750
f1517_35,4,,108,train,26414840,26414840,5941356750
f3892_07,4,,180,train,26414840,26414840,10562412000
f2159_53,4,,171,train,26414840,26414840,9902261250
f1292_22,4,,269,train,26414840,26414840,15843618000
f1923_42,4,,101,train,26414840,26414840,5941356750
f0037_16,4,,404,train,26414840,26414840,23765427000
f0849_38,4,,345,train,26414840,26414840,20464673250
f2182_95,4,,165,train,26414840,26414840,9242110500
f0818_03,4,,156,train,26414840,26414840,9242110500
f1965_23,4,,31,train,26414840,26414840,1320301500
f1294_12,4,,332,train,26414840,26414840,19144371750
f0392_15,4,,393,train,26414840,26414840,23105276250
f0841_10,4,,390,train,26414840,26414840,23105276250
f1723_34,4,,52,train,26414840,26414840,2640603000
f1823_43,4,,92,train,26414840,26414840,5281206000
f1762_28,4,,172,train,26414840,26414840,9902261250
f2175_59,4,,150,train,26414840,26414840,8581959750
f1296_02,4,,228,train,26414840,26414840,13203015000
f2367_63,4,,152,train,26414840,26414840,8581959750
f3650_20,4,,160,train,26414840,26414840,9242110500
f1832_47,1,,42,train,26414840,26414840,1980452250
f3973_27,1,,176,train,26414840,26414840,9902261250
f2350_98,1,,168,train,26414840,26414840,9902261250
f1602_35,1,,169,train,26414840,26414840,9902261250
f2240_80,1,,171,train,26414840,26414840,9902261250
f0065_00,1,,380,train,26414840,26414840,22445125500
f1167_31,1,,296,train,26414840,26414840,17163919500
f2408_73,1,,163,train,26414840,26414840,9242110500
f1147_19,1,,256,train,26414840,26414840,15183467250
f2281_52,1,,183,train,26414840,26414840,10562412000
f1609_27,1,,163,train,26414840,26414840,9242110500
f0480_41,1,,296,train,26414840,26414840,17163919500
f1163_43,1,,121,train,26414840,26414840,6601507500
f2162_62,1,,160,train,26414840,26414840,9242110500
f2207_75,1,,148,train,26414840,26414840,8581959750
f2181_63,1,,174,train,26414840,26414840,9902261250
f2368_50,1,,173,train,26414840,26414840,9902261250
f1613_27,1,,173,train,26414840,26414840,9902261250
f2349_78,1,,133,train,26414840,26414840,7261658250
f3650_20,1,,160,train,26414840,26414840,9242110500
f1347_06,2,,29,train,26414840,26414840,1320301500
f3904_45,2,,153,train,26414840,26414840,8581959750
f1875_21,2,,179,train,26414840,26414840,10562412000
f1167_31,2,,296,train,26414840,26414840,17163919500
f1723_34,2,,52,train,26414840,26414840,2640603000
f0037_16,2,,404,train,26414840,26414840,23765427000
f0761_10,2,,368,train,26414840,26414840,21784974750
f1948_41,2,,154,train,26414840,26414840,8581959750
f0735_17,2,,342,train,26414840,26414840,19804522500
f1780_04,2,,126,train,26414840,26414840,7261658250
f1174_47,2,,241,train,26414840,26414840,13863165750
f0347_04,2,,413,train,26414840,26414840,24425577750
f0754_01,2,,286,train,26414840,26414840,16503768750
f1613_27,2,,173,train,26414840,26414840,9902261250
f1682_10,2,,162,train,26414840,26414840,9242110500
f1634_38,2,,159,train,26414840,26414840,9242110500
f1923_42,2,,101,train,26414840,26414840,5941356750
f1190_46,2,,268,train,26414840,26414840,15843618000
f2367_63,2,,152,train,26414840,26414840,8581959750
f3650_20,2,,160,train,26414840,26414840,9242110500
f1819_37,3,,158,train,26414840,26414840,9242110500
f3154_48,3,,172,train,26414840,26414840,9902261250
f0646_22,3,,298,train,26414840,26414840,17163919500
f1085_29,3,,183,train,26414840,26414840,10562412000
f1517_35,3,,108,train,26414840,26414840,5941356750
f0454_20,3,,389,train,26414840,26414840,23105276250
f0983_14,3,,245,train,26414840,26414840,14523316500
f0392_15,3,,393,train,26414840,26414840,23105276250
f1569_23,3,,160,train,26414840,26414840,9242110500
f2104_50,3,,181,train,26414840,26414840,10562412000
f0698_45,3,,416,train,26414840,26414840,24425577750
f1174_47,3,,241,train,26414840,26414840,13863165750
f2310_51,3,,131,train,26414840,26414840,7261658250
f3488_35,3,,174,train,26414840,26414840,9902261250
f1798_42,3,,147,train,26414840,26414840,8581959750
f3486_00,3,,178,train,26414840,26414840,10562412000
f1963_27,3,,178,train,26414840,26414840,10562412000
f1224_16,3,,255,train,26414840,26414840,14523316500
f0459_12,3,,260,train,26414840,26414840,15183467250
f3639_43,3,,183,train,26414840,26414840,10562412000
f2206_73,4,,144,train,26414840,26414840,7921809000
f0754_01,4,,286,train,26414840,26414840,16503768750
f1252_21,4,,206,train,26414840,26414840,11882713500
f2350_98,4,,168,train,26414840,26414840,9902261250
f1147_19,4,,256,train,26414840,26414840,15183467250
f3521_09,4,,164,train,26414840,26414840,9242110500
f1923_42,4,,101,train,26414840,26414840,5941356750
f3488_35,4,,174,train,26414840,26414840,9902261250
f2161_58,4,,169,train,26414840,26414840,9902261250
f1298_29,4,,314,train,26414840,26414840,18484221000
f3986_31,4,,177,train,26414840,26414840,9902261250
f0314_27,4,,380,train,26414840,26414840,22445125500
f2408_73,4,,163,train,26414840,26414840,9242110500
f1167_31,4,,296,train,26414840,26414840,17163919500
f2104_50,4,,181,train,26414840,26414840,10562412000
f0636_12,4,,270,train,26414840,26414840,15843618000
f0836_28,4,,285,train,26414840,26414840,16503768750
f3907_43,4,,169,train,26414840,26414840,9902261250
f0907_00,4,,280,train,26414840,26414840,16503768750
f1546_05,4,,175,train,26414840,26414840,9902261250
f1420_00,5,,357,train,26414840,26414840,21124824000
f3961_03,5,,113,train,26414840,26414840,6601507500
f2044_20,5,,42,train,26414840,26414840,1980452250
f1224_16,5,,255,train,26414840,26414840,14523316500
f1874_36,5,,174,train,26414840,26414840,9902261250
f0037_16,5,,404,train,26414840,26414840,23765427000
f0792_07,5,,388,train,26414840,26414840,22445125500
f2161_58,5,,169,train,26414840,26414840,9902261250
f0744_23,5,,318,train,26414840,26414840,18484221000
f1914_02,5,,116,train,26414840,26414840,6601507500
f1239_18,5,,266,train,26414840,26414840,15183467250
f0365_07,5,,285,train,26414840,26414840,16503768750
f0761_10,5,,368,train,26414840,26414840,21784974750
f1705_41,5,,179,train,26414840,26414840,10562412000
f1791_04,5,,165,train,26414840,26414840,9242110500
f1723_34,5,,52,train,26414840,26414840,2640603000
f2157_61,5,,169,train,26414840,26414840,9902261250
f1251_10,5,,388,train,26414840,26414840,22445125500
f2367_63,5,,152,train,26414840,26414840,8581959750
f3650_20,5,,160,train,26414840,26414840,9242110500
f0799_13,6,,286,train,26414840,26414840,16503768750
f3165_11,6,,184,train,26414840,26414840,10562412000
f1154_00,6,,171,train,26414840,26414840,9902261250
f3545_06,6,,159,train,26414840,26414840,9242110500
f1727_36,6,,19,train,26414840,26414840,660150750
f2233_79,6,,173,train,26414840,26414840,9902261250
f2336_99,6,,104,train,26414840,26414840,5941356750
f1446_25,6,,281,train,26414840,26414840,16503768750
f3907_43,6,,169,train,26414840,26414840,9902261250
f1989_45,6,,154,train,26414840,26414840,8581959750
f1251_10,6,,388,train,26414840,26414840,22445125500
f1874_36,6,,174,train,26414840,26414840,9902261250
f0037_16,6,,404,train,26414840,26414840,23765427000
f0818_03,6,,156,train,26414840,26414840,9242110500
f2161_58,6,,169,train,26414840,26414840,9902261250
f0793_02,6,,358,train,26414840,26414840,21124824000
f1914_02,6,,116,train,26414840,26414840,6601507500
f1239_18,6,,266,train,26414840,26414840,15183467250
f1531_34,6,,134,train,26414840,26414840,7921809000
f3883_18,6,,179,train,26414840,26414840,10562412000
f3488_35,7,,174,train,26414840,26414840,9902261250
f1545_40,7,,143,train,26414840,26414840,7921809000
f3717_48,7,,130,train,26414840,26414840,7261658250
f3722_39,7,,180,train,26414840,26414840,10562412000
f0204_21,7,,355,train,26414840,26414840,20464673250
f0761_10,7,,368,train,26414840,26414840,21784974750
f0024_24,7,,375,train,26414840,26414840,21784974750
f3347_47,7,,179,train,26414840,26414840,10562412000
f2161_58,7,,169,train,26414840,26414840,9902261250
f3346_12,7,,168,train,26414840,26414840,9902261250
f0735_17,7,,342,train,26414840,26414840,19804522500
f1163_43,7,,121,train,26414840,26414840,6601507500
f1686_01,7,,113,train,26414840,26414840,6601507500
f0461_47,7,,403,train,26414840,26414840,23765427000
f1091_00,7,,412,train,26414840,26414840,24425577750
f0434_21,7,,318,train,26414840,26414840,18484221000
f1762_28,7,,172,train,26414840,26414840,9902261250
f2310_51,7,,131,train,26414840,26414840,7261658250
f2033_24,7,,172,train,26414840,26414840,9902261250
f0109_19,7,,44,train,26414840,26414840,1980452250
f0892_23,8,,109,train,26414840,26414840,5941356750
f3290_01,8,,182,train,26414840,26414840,10562412000
f1239_18,8,,266,train,26414840,26414840,15183467250
f3553_12,8,,173,train,26414840,26414840,9902261250
f1912_13,8,,169,train,26414840,26414840,9902261250
f2303_66,8,,181,train,26414840,26414840,10562412000
f2368_50,8,,173,train,26414840,26414840,9902261250
f1602_35,8,,169,train,26414840,26414840,9902261250
f3907_43,8,,169,train,26414840,26414840,9902261250
f2175_59,8,,150,train,26414840,26414840,8581959750
f1326_12,8,,317,train,26414840,26414840,18484221000
f1978_04,8,,165,train,26414840,26414840,9242110500
f0037_16,8,,404,train,26414840,26414840,23765427000
f0907_00,8,,280,train,26414840,26414840,16503768750
f2211_73,8,,164,train,26414840,26414840,9242110500
f0849_38,8,,345,train,26414840,26414840,20464673250
f2046_26,8,,41,train,26414840,26414840,1980452250
f1321_40,8,,250,train,26414840,26414840,14523316500
f1530_18,8,,175,train,26414840,26414840,9902261250
f3883_18,8,,179,train,26414840,26414840,10562412000
f2206_73,9,,144,train,26414840,26414840,7921809000
f3404_40,9,,179,train,26414840,26414840,10562412000
f0792_07,9,,388,train,26414840,26414840,22445125500
f1252_21,9,,206,train,26414840,26414840,11882713500
f1791_04,9,,165,train,26414840,26414840,9242110500
f0465_42,9,,421,train,26414840,26414840,24425577750
f1160_23,9,,232,train,26414840,26414840,13203015000
f0444_34,9,,407,train,26414840,26414840,23765427000
f1857_48,9,,136,train,26414840,26414840,7921809000
f2349_78,9,,133,train,26414840,26414840,7261658250
f0841_10,9,,390,train,26414840,26414840,23105276250
f1339_22,9,,281,train,26414840,26414840,16503768750
f2547_96,9,,173,train,26414840,26414840,9902261250
f3650_20,9,,160,train,26414840,26414840,9242110500
f2182_95,9,,165,train,26414840,26414840,9242110500
f3639_43,9,,183,train,26414840,26414840,10562412000
f2292_70,9,,172,train,26414840,26414840,9902261250
f1388_41,9,,160,train,26414840,26414840,9242110500
f0454_20,9,,389,train,26414840,26414840,23105276250
f3625_17,9,,40,train,26414840,26414840,1980452250
f0326_35,10,,381,train,26414840,26414840,22445125500
f0836_28,10,,285,train,26414840,26414840,16503768750
f0323_17,10,,328,train,26414840,26414840,19144371750
f0909_04,10,,271,train,26414840,26414840,15843618000
f1252_21,10,,206,train,26414840,26414840,11882713500
f0147_13,10,,355,train,26414840,26414840,20464673250
f2251_74,10,,23,train,26414840,26414840,1320301500
f1723_34,10,,52,train,26414840,26414840,2640603000
f0735_17,10,,342,train,26414840,26414840,19804522500
f1609_27,10,,163,train,26414840,26414840,9242110500
f0223_49,10,,283,train,26414840,26414840,16503768750
f1780_04,10,,126,train,26414840,26414840,7261658250
f3777_32,10,,176,train,26414840,26414840,9902261250
f2206_73,10,,144,train,26414840,26414840,7921809000
f0365_07,10,,285,train,26414840,26414840,16503768750
f2329_94,10,,117,train,26414840,26414840,6601507500
f0799_13,10,,286,train,26414840,26414840,16503768750
f0509_28,10,,247,train,26414840,26414840,14523316500
f0476_07,10,,236,train,26414840,26414840,13863165750
f0722_29,10,,341,train,26414840,26414840,19804522500
f2473_81,11,,182,train,26414840,26414840,10562412000
f1239_18,11,,266,train,26414840,26414840,15183467250
f3625_17,11,,40,train,26414840,26414840,1980452250
f2161_58,11,,169,train,26414840,26414840,9902261250
f3610_45,11,,177,train,26414840,26414840,9902261250
f2240_80,11,,171,train,26414840,26414840,9902261250
f1376_43,11,,301,train,26414840,26414840,17824070250
f4004_35,11,,180,train,26414840,26414840,10562412000
f0333_01,11,,294,train,26414840,26414840,17163919500
f2516_59,11,,173,train,26414840,26414840,9902261250
f1294_12,11,,332,train,26414840,26414840,19144371750
f2231_55,11,,161,train,26414840,26414840,9242110500
f0683_02,11,,324,train,26414840,26414840,19144371750
f0952_49,11,,365,train,26414840,26414840,21124824000
f3961_03,11,,113,train,26414840,26414840,6601507500
f1914_02,11,,116,train,26414840,26414840,6601507500
f2206_73,11,,144,train,26414840,26414840,7921809000
f1680_37,11,,157,train,26414840,26414840,9242110500
f1024_46,11,,365,train,26414840,26414840,21124824000
f1706_39,11,,151,train,26414840,26414840,8581959750
f1517_35,12,,108,train,26414840,26414840,5941356750
f3904_45,12,,153,train,26414840,26414840,8581959750
f2159_53,12,,171,train,26414840,26414840,9902261250
f1292_22,12,,269,train,26414840,26414840,15843618000
f1923_42,12,,101,train,26414840,26414840,5941356750
f0037_16,12,,404,train,26414840,26414840,23765427000
f0836_28,12,,285,train,26414840,26414840,16503768750
f2182_95,12,,165,train,26414840,26414840,9242110500
f0794_31,12,,210,train,26414840,26414840,11882713500
f1965_23,12,,31,train,26414840,26414840,1320301500
f1294_12,12,,332,train,26414840,26414840,19144371750
f0376_05,12,,375,train,26414840,26414840,21784974750
f0818_03,12,,156,train,26414840,26414840,9242110500
f1727_36,12,,19,train,26414840,26414840,660150750
f1823_43,12,,92,train,26414840,26414840,5281206000
f1780_04,12,,126,train,26414840,26414840,7261658250
f2175_59,12,,150,train,26414840,26414840,8581959750
f1296_02,12,,228,train,26414840,26414840,13203015000
f2367_63,12,,152,train,26414840,26414840,8581959750
f3650_20,12,,160,train,26414840,26414840,9242110500
f0793_02,13,,358,train,26414840,26414840,21124824000
f1300_41,13,,219,train,26414840,26414840,12542864250
f2473_81,13,,182,train,26414840,26414840,10562412000
f1167_31,13,,296,train,26414840,26414840,17163919500
f3639_43,13,,183,train,26414840,26414840,10562412000
f2159_53,13,,171,train,26414840,26414840,9902261250
f3625_17,13,,40,train,26414840,26414840,1980452250
f2233_79,13,,173,train,26414840,26414840,9902261250
f1330_35,13,,282,train,26414840,26414840,16503768750
f4004_35,13,,180,train,26414840,26414840,10562412000
f0316_21,13,,380,train,26414840,26414840,22445125500
f2516_59,13,,173,train,26414840,26414840,9902261250
f1224_16,13,,255,train,26414840,26414840,14523316500
f2214_70,13,,181,train,26414840,26414840,10562412000
f0646_22,13,,298,train,26414840,26414840,17163919500
f0854_12,13,,375,train,26414840,26414840,21784974750
f3961_03,13,,113,train,26414840,26414840,6601507500
f1857_48,13,,136,train,26414840,26414840,7921809000
f0907_00,13,,280,train,26414840,26414840,16503768750
f1546_05,13,,175,train,26414840,26414840,9902261250
f3894_37,14,,166,train,26414840,26414840,9242110500
f1327_05,14,,322,train,26414840,26414840,18484221000
f3347_47,14,,179,train,26414840,26414840,10562412000
f2278_93,14,,140,train,26414840,26414840,7921809000
f0818_03,14,,156,train,26414840,26414840,9242110500
f3165_11,14,,184,train,26414840,26414840,10562412000
f1167_31,14,,296,train,26414840,26414840,17163919500
f3545_06,14,,159,train,26414840,26414840,9242110500
f1816_24,14,,118,train,26414840,26414840,6601507500
f2251_74,14,,23,train,26414840,26414840,1320301500
f2349_78,14,,133,train,26414840,26414840,7261658250
f1517_35,14,,108,train,26414840,26414840,5941356750
f3904_45,14,,153,train,26414840,26414840,8581959750
f2159_53,14,,171,train,26414840,26414840,9902261250
f1292_22,14,,269,train,26414840,26414840,15843618000
f1923_42,14,,101,train,26414840,26414840,5941356750
f0037_16,14,,404,train,26414840,26414840,23765427000
f0793_02,14,,358,train,26414840,26414840,21124824000
f0754_01,14,,286,train,26414840,26414840,16503768750
f1298_29,14,,314,train,26414840,26414840,18484221000
f1496_39,15,,242,train,26414840,26414840,13863165750
f3904_45,15,,153,train,26414840,26414840,8581959750
f2159_53,15,,171,train,26414840,26414840,9902261250
f1278_22,15,,314,train,26414840,26414840,18484221000
f1923_42,15,,101,train,26414840,26414840,5941356750
f0037_16,15,,404,train,26414840,26414840,23765427000
f0818_03,15,,156,train,26414840,26414840,9242110500
f2182_95,15,,165,train,26414840,26414840,9242110500
f0793_02,15,,358,train,26414840,26414840,21124824000
f1965_23,15,,31,train,26414840,26414840,1320301500
f1292_22,15,,269,train,26414840,26414840,15843618000
f0376_05,15,,375,train,26414840,26414840,21784974750
f0799_13,15,,286,train,26414840,26414840,16503768750
f1727_36,15,,19,train,26414840,26414840,660150750
f1823_43,15,,92,train,26414840,26414840,5281206000
f1780_04,15,,126,train,26414840,26414840,7261658250
f2175_59,15,,150,train,26414840,26414840,8581959750
f1294_12,15,,332,train,26414840,26414840,19144371750
f2367_63,15,,152,train,26414840,26414840,8581959750
f3650_20,15,,160,train,26414840,26414840,9242110500
f3521_09,16,,164,train,26414840,26414840,9242110500
f1546_05,16,,175,train,26414840,26414840,9902261250
f3744_12,16,,177,train,26414840,26414840,9902261250
f3772_10,16,,183,train,26414840,26414840,10562412000
f0218_04,16,,370,train,26414840,26414840,21784974750
f0754_01,16,,286,train,26414840,26414840,16503768750
f0024_24,16,,375,train,26414840,26414840,21784974750
f3347_47,16,,179,train,26414840,26414840,10562412000
f2181_63,16,,174,train,26414840,26414840,9902261250
f3346_12,16,,168,train,26414840,26414840,9902261250
f0732_46,16,,249,train,26414840,26414840,14523316500
f1167_31,16,,296,train,26414840,26414840,17163919500
f1705_41,16,,179,train,26414840,26414840,10562412000
f0461_47,16,,403,train,26414840,26414840,23765427000
f1091_00,16,,412,train,26414840,26414840,24425577750
f0434_21,16,,318,train,26414840,26414840,18484221000
f1780_04,16,,126,train,26414840,26414840,7261658250
f2319_77,16,,172,train,26414840,26414840,9902261250
f2033_24,16,,172,train,26414840,26414840,9902261250
f0109_19,16,,44,train,26414840,26414840,1980452250
f1545_40,17,,143,train,26414840,26414840,7921809000
f3894_37,17,,166,train,26414840,26414840,9242110500
f2162_62,17,,160,train,26414840,26414840,9242110500
f1296_02,17,,228,train,26414840,26414840,13203015000
f1948_41,17,,154,train,26414840,26414840,8581959750
f0037_16,17,,404,train,26414840,26414840,23765427000
f0836_28,17,,285,train,26414840,26414840,16503768750
f2206_73,17,,144,train,26414840,26414840,7921809000
f0794_31,17,,210,train,26414840,26414840,11882713500
f1989_45,17,,154,train,26414840,26414840,8581959750
f1300_41,17,,219,train,26414840,26414840,12542864250
f0392_15,17,,393,train,26414840,26414840,23105276250
f0818_03,17,,156,train,26414840,26414840,9242110500
f1780_04,17,,126,train,26414840,26414840,7261658250
f1874_36,17,,174,train,26414840,26414840,9902261250
f1816_24,17,,118,train,26414840,26414840,6601507500
f2182_95,17,,165,train,26414840,26414840,9242110500
f1321_40,17,,250,train,26414840,26414840,14523316500
f2367_63,17,,152,train,26414840,26414840,8581959750
f3650_20,17,,160,train,26414840,26414840,9242110500
f3677_29,18,,172,train,26414840,26414840,9902261250
f3681_31,18,,154,train,26414840,26414840,8581959750
f0218_04,18,,370,train,26414840,26414840,21784974750
f0761_10,18,,368,train,26414840,26414840,21784974750
f0024_24,18,,375,train,26414840,26414840,21784974750
f3346_12,18,,168,train,26414840,26414840,9902261250
f2181_63,18,,174,train,26414840,26414840,9902261250
f3338_15,18,,168,train,26414840,26414840,9902261250
f0735_17,18,,342,train,26414840,26414840,19804522500
f1174_47,18,,241,train,26414840,26414840,13863165750
f1705_41,18,,179,train,26414840,26414840,10562412000
f0465_42,18,,421,train,26414840,26414840,24425577750
f1133_00,18,,210,train,26414840,26414840,11882713500
f0444_34,18,,407,train,26414840,26414840,23765427000
f1780_04,18,,126,train,26414840,26414840,7261658250
f2319_77,18,,172,train,26414840,26414840,9902261250
f0794_31,18,,210,train,26414840,26414840,11882713500
f1321_40,18,,250,train,26414840,26414840,14523316500
f2231_55,18,,161,train,26414840,26414840,9242110500
f3404_40,18,,179,train,26414840,26414840,10562412000
f3486_00,19,,178,train,26414840,26414840,10562412000
f1545_40,19,,143,train,26414840,26414840,7921809000
f3681_31,19,,154,train,26414840,26414840,8581959750
f3728_28,19,,163,train,26414840,26414840,9242110500
f0218_04,19,,370,train,26414840,26414840,21784974750
f0754_01,19,,286,train,26414840,26414840,16503768750
f0024_24,19,,375,train,26414840,26414840,21784974750
f3338_15,19,,168,train,26414840,26414840,9902261250
f2161_58,19,,169,train,26414840,26414840,9902261250
f3318_25,19,,176,train,26414840,26414840,9902261250
f0732_46,19,,249,train,26414840,26414840,14523316500
f1167_31,19,,296,train,26414840,26414840,17163919500
f1682_10,19,,162,train,26414840,26414840,9242110500
f0461_47,19,,403,train,26414840,26414840,23765427000
f1090_13,19,,230,train,26414840,26414840,13203015000
f0434_21,19,,318,train,26414840,26414840,18484221000
f1727_36,19,,19,train,26414840,26414840,660150750
f2292_70,19,,172,train,26414840,26414840,9902261250
f2033_24,19,,172,train,26414840,26414840,9902261250
f0109_19,19,,44,train,26414840,26414840,1980452250
f0836_28,20,,285,train,26414840,26414840,16503768750
f3195_04,20,,152,train,26414840,26414840,8581959750
f1174_47,20,,241,train,26414840,26414840,13863165750
f3545_06,20,,159,train,26414840,26414840,9242110500
f1819_37,20,,158,train,26414840,26414840,9242110500
f2278_93,20,,140,train,26414840,26414840,7921809000
f2363_77,20,,174,train,26414840,26414840,9902261250
f1530_18,20,,175,train,26414840,26414840,9902261250
f3896_07,20,,165,train,26414840,26414840,9242110500
f2162_62,20,,160,train,26414840,26414840,9242110500
f1294_12,20,,332,train,26414840,26414840,19144371750
f1924_29,20,,99,train,26414840,26414840,5281206000
f0037_16,20,,404,train,26414840,26414840,23765427000
f0841_10,20,,390,train,26414840,26414840,23105276250
f2206_73,20,,144,train,26414840,26414840,7921809000
f0799_13,20,,286,train,26414840,26414840,16503768750
f1989_45,20,,154,train,26414840,26414840,8581959750
f1292_22,20,,269,train,26414840,26414840,15843618000
f1531_34,20,,134,train,26414840,26414840,7921809000
f3883_18,20,,179,train,26414840,26414840,10562412000
f2162_62,21,,160,train,26414840,26414840,9242110500
f1090_13,21,,230,train,26414840,26414840,13203015000
f3888_32,21,,148,train,26414840,26414840,8581959750
f0392_15,21,,393,train,26414840,26414840,23105276250
f3486_00,21,,178,train,26414840,26414840,10562412000
f1376_43,21,,301,train,26414840,26414840,17824070250
f3115_25,21,,171,train,26414840,26414840,9902261250
f1546_05,21,,175,train,26414840,26414840,9902261250
f2214_70,21,,181,train,26414840,26414840,10562412000
f2336_99,21,,104,train,26414840,26414840,5941356750
f1798_42,21,,147,train,26414840,26414840,8581959750
f1619_37,21,,168,train,26414840,26414840,9902261250
f2465_75,21,,181,train,26414840,26414840,10562412000
f0299_33,21,,310,train,26414840,26414840,17824070250
f0499_10,21,,296,train,26414840,26414840,17163919500
f2368_50,21,,173,train,26414840,26414840,9902261250
f0572_15,21,,367,train,26414840,26414840,21784974750
f0365_07,21,,285,train,26414840,26414840,16503768750
f4073_38,21,,177,train,26414840,26414840,9902261250
f1674_35,21,,119,train,26414840,26414840,6601507500
f1517_35,22,,108,train,26414840,26414840,5941356750
f3892_07,22,,180,train,26414840,26414840,10562412000
f2162_62,22,,160,train,26414840,26414840,9242110500
f1294_12,22,,332,train,26414840,26414840,19144371750
f1948_41,22,,154,train,26414840,26414840,8581959750
f0037_16,22,,404,train,26414840,26414840,23765427000
f0841_10,22,,390,train,26414840,26414840,23105276250
f2206_73,22,,144,train,26414840,26414840,7921809000
f0799_13,22,,286,train,26414840,26414840,16503768750
f1989_45,22,,154,train,26414840,26414840,8581959750
f1296_02,22,,228,train,26414840,26414840,13203015000
f0415_28,22,,385,train,26414840,26414840,22445125500
f0836_28,22,,285,train,26414840,26414840,16503768750
f1780_04,22,,126,train,26414840,26414840,7261658250
f1874_36,22,,174,train,26414840,26414840,9902261250
f1816_24,22,,118,train,26414840,26414840,6601507500
f2182_95,22,,165,train,26414840,26414840,9242110500
f1300_41,22,,219,train,26414840,26414840,12542864250
f2367_63,22,,152,train,26414840,26414840,8581959750
f3650_20,22,,160,train,26414840,26414840,9242110500
f0836_28,23,,285,train,26414840,26414840,16503768750
f3211_20,23,,173,train,26414840,26414840,9902261250
f1222_04,23,,296,train,26414840,26414840,17163919500
f3553_12,23,,173,train,26414840,26414840,9902261250
f1857_48,23,,136,train,26414840,26414840,7921809000
f2310_51,23,,131,train,26414840,26414840,7261658250
f2387_81,23,,171,train,26414840,26414840,9902261250
f1545_40,23,,143,train,26414840,26414840,7921809000
f3896_07,23,,165,train,26414840,26414840,9242110500
f2182_95,23,,165,train,26414840,26414840,9242110500
f1300_41,23,,219,train,26414840,26414840,12542864250
f1989_45,23,,154,train,26414840,26414840,8581959750
f0037_16,23,,404,train,26414840,26414840,23765427000
f0841_10,23,,390,train,26414840,26414840,23105276250
f2214_70,23,,181,train,26414840,26414840,10562412000
f0799_13,23,,286,train,26414840,26414840,16503768750
f2104_50,23,,181,train,26414840,26414840,10562412000
f1296_02,23,,228,train,26414840,26414840,13203015000
f1530_18,23,,175,train,26414840,26414840,9902261250
f3883_18,23,,179,train,26414840,26414840,10562412000
f1548_21,24,,109,train,26414840,26414840,5941356750
f3896_07,24,,165,train,26414840,26414840,9242110500
f2194_63,24,,172,train,26414840,26414840,9902261250
f1296_02,24,,228,train,26414840,26414840,13203015000
f2044_20,24,,42,train,26414840,26414840,1980452250
f0037_16,24,,404,train,26414840,26414840,23765427000
f0841_10,24,,390,train,26414840,26414840,23105276250
f2231_55,24,,161,train,26414840,26414840,9242110500
f0799_13,24,,286,train,26414840,26414840,16503768750
f2157_61,24,,169,train,26414840,26414840,9902261250
f1300_41,24,,219,train,26414840,26414840,12542864250
f0415_28,24,,385,train,26414840,26414840,22445125500
f0836_28,24,,285,train,26414840,26414840,16503768750
f1816_24,24,,118,train,26414840,26414840,6601507500
f1923_42,24,,101,train,26414840,26414840,5941356750
f1823_43,24,,92,train,26414840,26414840,5281206000
f2211_73,24,,164,train,26414840,26414840,9242110500
f1321_40,24,,250,train,26414840,26414840,14523316500
f2367_63,24,,152,train,26414840,26414840,8581959750
f3650_20,24,,160,train,26414840,26414840,9242110500
f3889_26,25,,170,train,26414840,26414840,9902261250
f1332_24,25,,267,train,26414840,26414840,15843618000
f3366_32,25,,176,train,26414840,26414840,9902261250
f2329_94,25,,117,train,26414840,26414840,6601507500
f0836_28,25,,285,train,26414840,26414840,16503768750
f3211_20,25,,173,train,26414840,26414840,9902261250
f1190_46,25,,268,train,26414840,26414840,15843618000
f3545_06,25,,159,train,26414840,26414840,9242110500
f1857_48,25,,136,train,26414840,26414840,7921809000
f2310_51,25,,131,train,26414840,26414840,7261658250
f2387_81,25,,171,train,26414840,26414840,9902261250
f1546_05,25,,175,train,26414840,26414840,9902261250
f3892_07,25,,180,train,26414840,26414840,10562412000
f2182_95,25,,165,train,26414840,26414840,9242110500
f1296_02,25,,228,train,26414840,26414840,13203015000
f1989_45,25,,154,train,26414840,26414840,8581959750
f0037_16,25,,404,train,26414840,26414840,23765427000
f0794_31,25,,210,train,26414840,26414840,11882713500
f0754_01,25,,286,train,26414840,26414840,16503768750
f1298_29,25,,314,train,26414840,26414840,18484221000
f2303_66,26,,181,train,26414840,26414840,10562412000
f0792_07,26,,388,train,26414840,26414840,22445125500
f1296_02,26,,228,train,26414840,26414840,13203015000
f2465_75,26,,181,train,26414840,26414840,10562412000
f1163_43,26,,121,train,26414840,26414840,6601507500
f3610_45,26,,177,train,26414840,26414840,9902261250
f2159_53,26,,171,train,26414840,26414840,9902261250
f3602_12,26,,150,train,26414840,26414840,8581959750
f2233_79,26,,173,train,26414840,26414840,9902261250
f1326_12,26,,317,train,26414840,26414840,18484221000
f3986_31,26,,177,train,26414840,26414840,9902261250
f0316_21,26,,380,train,26414840,26414840,22445125500
f2516_59,26,,173,train,26414840,26414840,9902261250
f1222_04,26,,296,train,26414840,26414840,17163919500
f2214_70,26,,181,train,26414840,26414840,10562412000
f0636_12,26,,270,train,26414840,26414840,15843618000
f0849_38,26,,345,train,26414840,26414840,20464673250
f3907_43,26,,169,train,26414840,26414840,9902261250
f0907_00,26,,280,train,26414840,26414840,16503768750
f1546_05,26,,175,train,26414840,26414840,9902261250
f1569_23,27,,160,train,26414840,26414840,9242110500
f3892_07,27,,180,train,26414840,26414840,10562412000
f2194_63,27,,172,train,26414840,26414840,9902261250
f1326_12,27,,317,train,26414840,26414840,18484221000
f2044_20,27,,42,train,26414840,26414840,1980452250
f0037_16,27,,404,train,26414840,26414840,23765427000
f0854_12,27,,375,train,26414840,26414840,21784974750
f2231_55,27,,161,train,26414840,26414840,9242110500
f0836_28,27,,285,train,26414840,26414840,16503768750
f2157_61,27,,169,train,26414840,26414840,9902261250
f1327_05,27,,322,train,26414840,26414840,18484221000
f0432_28,27,,311,train,26414840,26414840,17824070250
f0849_38,27,,345,train,26414840,26414840,20464673250
f1819_37,27,,158,train,26414840,26414840,9242110500
f1923_42,27,,101,train,26414840,26414840,5941356750
f1857_48,27,,136,train,26414840,26414840,7921809000
f2211_73,27,,164,train,26414840,26414840,9242110500
f1330_35,27,,282,train,26414840,26414840,16503768750
f2367_63,27,,152,train,26414840,26414840,8581959750
f3650_20,27,,160,train,26414840,26414840,9242110500
f1545_40,28,,143,train,26414840,26414840,7921809000
f3892_07,28,,180,train,26414840,26414840,10562412000
f2175_59,28,,150,train,26414840,26414840,8581959750
f1300_41,28,,219,train,26414840,26414840,12542864250
f1965_23,28,,31,train,26414840,26414840,1320301500
f0037_16,28,,404,train,26414840,26414840,23765427000
f0841_10,28,,390,train,26414840,26414840,23105276250
f2207_75,28,,148,train,26414840,26414840,8581959750
f0799_13,28,,286,train,26414840,26414840,16503768750
f2044_20,28,,42,train,26414840,26414840,1980452250
f1305_42,28,,292,train,26414840,26414840,17163919500
f0415_28,28,,385,train,26414840,26414840,22445125500
f0836_28,28,,285,train,26414840,26414840,16503768750
f1780_04,28,,126,train,26414840,26414840,7261658250
f1874_36,28,,174,train,26414840,26414840,9902261250
f1816_24,28,,118,train,26414840,26414840,6601507500
f2194_63,28,,172,train,26414840,26414840,9902261250
f1321_40,28,,250,train,26414840,26414840,14523316500
f2367_63,28,,152,train,26414840,26414840,8581959750
f3650_20,28,,160,train,26414840,26414840,9242110500
f1480_24,29,,329,train,26414840,26414840,19144371750
f3889_26,29,,170,train,26414840,26414840,9902261250
f2157_61,29,,169,train,26414840,26414840,9902261250
f1252_21,29,,206,train,26414840,26414840,11882713500
f1874_36,29,,174,train,26414840,26414840,9902261250
f0037_16,29,,404,train,26414840,26414840,23765427000
f0799_13,29,,286,train,26414840,26414840,16503768750
f2181_63,29,,174,train,26414840,26414840,9902261250
f0792_07,29,,388,train,26414840,26414840,22445125500
f1924_29,29,,99,train,26414840,26414840,5281206000
f1278_22,29,,314,train,26414840,26414840,18484221000
f0376_05,29,,375,train,26414840,26414840,21784974750
f0794_31,29,,210,train,26414840,26414840,11882713500
f1686_01,29,,113,train,26414840,26414840,6601507500
f1791_04,29,,165,train,26414840,26414840,9242110500
f1723_34,29,,52,train,26414840,26414840,2640603000
f2162_62,29,,160,train,26414840,26414840,9242110500
f1292_22,29,,269,train,26414840,26414840,15843618000
f2367_63,29,,152,train,26414840,26414840,8581959750
f3650_20,29,,160,train,26414840,26414840,9242110500
f0793_02,30,,358,train,26414840,26414840,21124824000
f1321_40,30,,250,train,26414840,26414840,14523316500
f2465_75,30,,181,train,26414840,26414840,10562412000
f1190_46,30,,268,train,26414840,26414840,15843618000
f3610_45,30,,177,train,26414840,26414840,9902261250
f2159_53,30,,171,train,26414840,26414840,9902261250
f3602_12,30,,150,train,26414840,26414840,8581959750
f2233_79,30,,173,train,26414840,26414840,9902261250
f1332_24,30,,267,train,26414840,26414840,15843618000
f3986_31,30,,177,train,26414840,26414840,9902261250
f0323_17,30,,328,train,26414840,26414840,19144371750
f2516_59,30,,173,train,26414840,26414840,9902261250
f1252_21,30,,206,train,26414840,26414840,11882713500
f2214_70,30,,181,train,26414840,26414840,10562412000
f0653_02,30,,346,train,26414840,26414840,20464673250
f0854_12,30,,375,train,26414840,26414840,21784974750
f3907_43,30,,169,train,26414840,26414840,9902261250
f1823_43,30,,92,train,26414840,26414840,5281206000
f0907_00,30,,280,train,26414840,26414840,16503768750
f1546_05,30,,175,train,26414840,26414840,9902261250
f2182_95,31,,165,train,26414840,26414840,9242110500
f3338_15,31,,168,train,26414840,26414840,9902261250
f0698_45,31,,416,train,26414840,26414840,24425577750
f1190_46,31,,268,train,26414840,26414840,15843618000
f1698_35,31,,160,train,26414840,26414840,9242110500
f0461_47,31,,403,train,26414840,26414840,23765427000
f1133_00,31,,210,train,26414840,26414840,11882713500
f0434_21,31,,318,train,26414840,26414840,18484221000
f1780_04,31,,126,train,26414840,26414840,7261658250
f2319_77,31,,172,train,26414840,26414840,9902261250
f0793_02,31,,358,train,26414840,26414840,21124824000
f1321_40,31,,250,train,26414840,26414840,14523316500
f2511_52,31,,182,train,26414840,26414840,10562412000
f3625_17,31,,40,train,26414840,26414840,1980452250
f2175_59,31,,150,train,26414840,26414840,8581959750
f3610_45,31,,177,train,26414840,26414840,9902261250
f2274_95,31,,165,train,26414840,26414840,9242110500
f1330_35,31,,282,train,26414840,26414840,16503768750
f0454_20,31,,389,train,26414840,26414840,23105276250
f3639_43,31,,183,train,26414840,26414840,10562412000
f0799_13,32,,286,train,26414840,26414840,16503768750
f3161_02,32,,177,train,26414840,26414840,9902261250
f1167_31,32,,296,train,26414840,26414840,17163919500
f3535_09,32,,178,train,26414840,26414840,10562412000
f1816_24,32,,118,train,26414840,26414840,6601507500
f2274_95,32,,165,train,26414840,26414840,9242110500
f2349_78,32,,133,train,26414840,26414840,7261658250
f1530_18,32,,175,train,26414840,26414840,9902261250
f3892_07,32,,180,train,26414840,26414840,10562412000
f2161_58,32,,169,train,26414840,26414840,9902261250
f1292_22,32,,269,train,26414840,26414840,15843618000
f1923_42,32,,101,train,26414840,26414840,5941356750
f0037_16,32,,404,train,26414840,26414840,23765427000
f0818_03,32,,156,train,26414840,26414840,9242110500
f2194_63,32,,172,train,26414840,26414840,9902261250
f0793_02,32,,358,train,26414840,26414840,21124824000
f1965_23,32,,31,train,26414840,26414840,1320301500
f1278_22,32,,314,train,26414840,26414840,18484221000
f1531_34,32,,134,train,26414840,26414840,7921809000
f3883_18,32,,179,train,26414840,26414840,10562412000
f0326_35,33,,381,train,26414840,26414840,22445125500
f0794_31,33,,210,train,26414840,26414840,11882713500
f0323_17,33,,328,train,26414840,26414840,19144371750
f0854_12,33,,375,train,26414840,26414840,21784974750
f1224_16,33,,255,train,26414840,26414840,14523316500
f0147_13,33,,355,train,26414840,26414840,20464673250
f2233_79,33,,173,train,26414840,26414840,9902261250
f1686_01,33,,113,train,26414840,26414840,6601507500
f0669_11,33,,274,train,26414840,26414840,15843618000
f1548_21,33,,109,train,26414840,26414840,5941356750
f0223_49,33,,283,train,26414840,26414840,16503768750
f1723_34,33,,52,train,26414840,26414840,2640603000
f3728_28,33,,163,train,26414840,26414840,9242110500
f2182_95,33,,165,train,26414840,26414840,9242110500
f0365_07,33,,285,train,26414840,26414840,16503768750
f2310_51,33,,131,train,26414840,26414840,7261658250
f0792_07,33,,388,train,26414840,26414840,22445125500
f0500_38,33,,339,train,26414840,26414840,19804522500
f0476_07,33,,236,train,26414840,26414840,13863165750
f0732_46,33,,249,train,26414840,26414840,14523316500
f1545_40,34,,143,train,26414840,26414840,7921809000
f3904_45,34,,153,train,26414840,26414840,8581959750
f2175_59,34,,150,train,26414840,26414840,8581959750
f1300_41,34,,219,train,26414840,26414840,12542864250
f1948_41,34,,154,train,26414840,26414840,8581959750
f0050_10,34,,314,train,26414840,26414840,18484221000
f0849_38,34,,345,train,26414840,26414840,20464673250
f2207_75,34,,148,train,26414840,26414840,8581959750
f0818_03,34,,156,train,26414840,26414840,9242110500
f2044_20,34,,42,train,26414840,26414840,1980452250
f1305_42,34,,292,train,26414840,26414840,17163919500
f0434_21,34,,318,train,26414840,26414840,18484221000
f0841_10,34,,390,train,26414840,26414840,23105276250
f1780_04,34,,126,train,26414840,26414840,7261658250
f1874_36,34,,174,train,26414840,26414840,9902261250
f1816_24,34,,118,train,26414840,26414840,6601507500
f2194_63,34,,172,train,26414840,26414840,9902261250
f1321_40,34,,250,train,26414840,26414840,14523316500
f2367_63,34,,152,train,26414840,26414840,8581959750
f3650_20,34,,160,train,26414840,26414840,9242110500
f3207_05,1,,174,train,26414840,26414840,1980452250
f1496_39,1,,242,train,26414840,26414840,2772633150
f3771_15,1,,183,train,26414840,26414840,2112482400
f2349_78,1,,133,train,26414840,26414840,1452331650
f3748_29,1,,175,train,26414840,26414840,1980452250
f2516_59,1,,173,train,26414840,26414840,1980452250
f1680_37,1,,157,train,26414840,26414840,1848422100
f4008_34,1,,158,train,26414840,26414840,1848422100
f0454_20,1,,389,train,26414840,26414840,4621055250
f3252_32,1,,183,train,26414840,26414840,2112482400
f1546_05,1,,175,train,26414840,26414840,1980452250
f2473_81,1,,182,train,26414840,26414840,2112482400
f0907_00,1,,280,train,26414840,26414840,3300753750
f1224_16,1,,255,train,26414840,26414840,2904663300
f3997_45,1,,169,train,26414840,26414840,1980452250
f2207_75,1,,148,train,26414840,26414840,1716391950
f2408_73,1,,163,train,26414840,26414840,1848422100
f1963_27,1,,178,train,26414840,26414840,2112482400
f0999_29,1,,352,train,26414840,26414840,4092934650
f1705_41,1,,179,train,26414840,26414840,2112482400
f1347_06,2,,29,train,26414840,26414840,264060300
f3892_07,2,,180,train,26414840,26414840,2112482400
f1874_36,2,,174,train,26414840,26414840,1980452250
f1167_31,2,,296,train,26414840,26414840,3432783900
f1721_26,2,,176,train,26414840,26414840,1980452250
f0037_16,2,,404,train,26414840,26414840,4753085400
f0761_10,2,,368,train,26414840,26414840,4356994950
f1924_29,2,,99,train,26414840,26414840,1056241200
f0735_17,2,,342,train,26414840,26414840,3960904500
f1762_28,2,,172,train,26414840,26414840,1980452250
f1174_47,2,,241,train,26414840,26414840,2772633150
f0347_04,2,,413,train,26414840,26414840,4885115550
f0754_01,2,,286,train,26414840,26414840,3300753750
f1613_27,2,,173,train,26414840,26414840,1980452250
f1674_35,2,,119,train,26414840,26414840,1320301500
f1625_05,2,,156,train,26414840,26414840,1848422100
f1914_02,2,,116,train,26414840,26414840,1320301500
f1190_46,2,,268,train,26414840,26414840,3168723600
f2367_63,2,,152,train,26414840,26414840,1716391950
f3650_20,2,,160,train,26414840,26414840,1848422100
f1132_19,3,,358,train,26414840,26414840,4224964800
f1914_02,3,,116,train,26414840,26414840,1320301500
f0629_39,3,,328,train,26414840,26414840,3828874350
f0792_07,3,,388,train,26414840,26414840,4489025100
f3929_28,3,,136,train,26414840,26414840,1584361800
f1613_27,3,,173,train,26414840,26414840,1980452250
f1853_42,3,,168,train,26414840,26414840,1980452250
f1446_25,3,,281,train,26414840,26414840,3300753750
f0574_03,3,,384,train,26414840,26414840,4489025100
f1085_29,3,,183,train,26414840,26414840,2112482400
f1686_01,3,,113,train,26414840,26414840,1320301500
f1298_29,3,,314,train,26414840,26414840,3696844200
f1296_02,3,,228,train,26414840,26414840,2640603000
f2157_61,3,,169,train,26414840,26414840,1980452250
f0698_45,3,,416,train,26414840,26414840,4885115550
f1051_38,3,,321,train,26414840,26414840,3696844200
f2251_74,3,,23,train,26414840,26414840,264060300
f3399_09,3,,168,train,26414840,26414840,1980452250
f1546_05,3,,175,train,26414840,26414840,1980452250
f3883_18,3,,179,train,26414840,26414840,2112482400
f3907_43,4,,169,train,26414840,26414840,1980452250
f0722_29,4,,341,train,26414840,26414840,3960904500
f0598_49,4,,253,train,26414840,26414840,2904663300
f0223_49,4,,283,train,26414840,26414840,3300753750
f0029_05,4,,248,train,26414840,26414840,2904663300
f3652_48,4,,166,train,26414840,26414840,1848422100
f1961_34,4,,136,train,26414840,26414840,1584361800
f2465_75,4,,181,train,26414840,26414840,2112482400
f0669_11,4,,274,train,26414840,26414840,3168723600
f1665_00,4,,120,train,26414840,26414840,1320301500
f0138_30,4,,293,train,26414840,26414840,3432783900
f1326_12,4,,317,train,26414840,26414840,3696844200
f4004_35,4,,180,train,26414840,26414840,2112482400
f3338_15,4,,168,train,26414840,26414840,1980452250
f0849_38,4,,345,train,26414840,26414840,4092934650
f0574_03,4,,384,train,26414840,26414840,4489025100
f3748_29,4,,175,train,26414840,26414840,1980452250
f3681_31,4,,154,train,26414840,26414840,1716391950
f1251_10,4,,388,train,26414840,26414840,4489025100
f1470_34,4,,339,train,26414840,26414840,3960904500
f2161_58,5,,169,train,26414840,26414840,1980452250
f0735_17,5,,342,train,26414840,26414840,3960904500
f1222_04,5,,296,train,26414840,26414840,3432783900
f2336_99,5,,104,train,26414840,26414840,1188271350
f1121_47,5,,238,train,26414840,26414840,2772633150
f3532_39,5,,181,train,26414840,26414840,2112482400
f1853_42,5,,168,train,26414840,26414840,1980452250
f3521_09,5,,164,train,26414840,26414840,1848422100
f2033_24,5,,172,train,26414840,26414840,1980452250
f1278_22,5,,314,train,26414840,26414840,3696844200
f4004_35,5,,180,train,26414840,26414840,2112482400
f0299_33,5,,310,train,26414840,26414840,3564814050
f2368_50,5,,173,train,26414840,26414840,1980452250
f1147_19,5,,256,train,26414840,26414840,3036693450
f1978_04,5,,165,train,26414840,26414840,1848422100
f0633_18,5,,414,train,26414840,26414840,4885115550
f0799_13,5,,286,train,26414840,26414840,3300753750
f3929_28,5,,136,train,26414840,26414840,1584361800
f0907_00,5,,280,train,26414840,26414840,3300753750
f1546_05,5,,175,train,26414840,26414840,1980452250
f1339_22,6,,281,train,26414840,26414840,3300753750
f3892_07,6,,180,train,26414840,26414840,2112482400
f1819_37,6,,158,train,26414840,26414840,1848422100
f1163_43,6,,121,train,26414840,26414840,1320301500
f1686_01,6,,113,train,26414840,26414840,1320301500
f0037_16,6,,404,train,26414840,26414840,4753085400
f0744_23,6,,318,train,26414840,26414840,3696844200
f1914_02,6,,116,train,26414840,26414840,1320301500
f0722_29,6,,341,train,26414840,26414840,3960904500
f1721_26,6,,176,train,26414840,26414840,1980452250
f1167_31,6,,296,train,26414840,26414840,3432783900
f0347_04,6,,413,train,26414840,26414840,4885115550
f0735_17,6,,342,train,26414840,26414840,3960904500
f1602_35,6,,169,train,26414840,26414840,1980452250
f1665_00,6,,120,train,26414840,26414840,1320301500
f1609_27,6,,163,train,26414840,26414840,1848422100
f1875_21,6,,179,train,26414840,26414840,2112482400
f1174_47,6,,241,train,26414840,26414840,2772633150
f2367_63,6,,152,train,26414840,26414840,1716391950
f3650_20,6,,160,train,26414840,26414840,1848422100
f0735_17,7,,342,train,26414840,26414840,3960904500
f2599_91,7,,144,train,26414840,26414840,1584361800
f1085_29,7,,183,train,26414840,26414840,2112482400
f3404_40,7,,179,train,26414840,26414840,2112482400
f1625_05,7,,156,train,26414840,26414840,1848422100
f2044_20,7,,42,train,26414840,26414840,396090450
f2194_63,7,,172,train,26414840,26414840,1980452250
f1339_22,7,,281,train,26414840,26414840,3300753750
f3892_07,7,,180,train,26414840,26414840,2112482400
f1823_43,7,,92,train,26414840,26414840,1056241200
f1163_43,7,,121,train,26414840,26414840,1320301500
f1698_35,7,,160,train,26414840,26414840,1848422100
f0037_16,7,,404,train,26414840,26414840,4753085400
f0744_23,7,,318,train,26414840,26414840,3696844200
f1923_42,7,,101,train,26414840,26414840,1188271350
f0722_29,7,,341,train,26414840,26414840,3960904500
f1723_34,7,,52,train,26414840,26414840,528120600
f1160_23,7,,232,train,26414840,26414840,2640603000
f1531_34,7,,134,train,26414840,26414840,1584361800
f3883_18,7,,179,train,26414840,26414840,2112482400
f1347_06,8,,29,train,26414840,26414840,264060300
f3892_07,8,,180,train,26414840,26414840,2112482400
f1823_43,8,,92,train,26414840,26414840,1056241200
f1167_31,8,,296,train,26414840,26414840,3432783900
f1698_35,8,,160,train,26414840,26414840,1848422100
f0037_16,8,,404,train,26414840,26414840,4753085400
f0761_10,8,,368,train,26414840,26414840,4356994950
f1923_42,8,,101,train,26414840,26414840,1188271350
f0735_17,8,,342,train,26414840,26414840,3960904500
f1723_34,8,,52,train,26414840,26414840,528120600
f1174_47,8,,241,train,26414840,26414840,2772633150
f0347_04,8,,413,train,26414840,26414840,4885115550
f0754_01,8,,286,train,26414840,26414840,3300753750
f1606_19,8,,152,train,26414840,26414840,1716391950
f1670_20,8,,171,train,26414840,26414840,1980452250
f1613_27,8,,173,train,26414840,26414840,1980452250
f1912_13,8,,169,train,26414840,26414840,1980452250
f1190_46,8,,268,train,26414840,26414840,3168723600
f2367_63,8,,152,train,26414840,26414840,1716391950
f3650_20,8,,160,train,26414840,26414840,1848422100
f0744_23,9,,318,train,26414840,26414840,3696844200
f2599_91,9,,144,train,26414840,26414840,1584361800
f1090_13,9,,230,train,26414840,26414840,2640603000
f3404_40,9,,179,train,26414840,26414840,2112482400
f1634_38,9,,159,train,26414840,26414840,1848422100
f2046_26,9,,41,train,26414840,26414840,396090450
f2207_75,9,,148,train,26414840,26414840,1716391950
f1347_06,9,,29,train,26414840,26414840,264060300
f3892_07,9,,180,train,26414840,26414840,2112482400
f1853_42,9,,168,train,26414840,26414840,1980452250
f1167_31,9,,296,train,26414840,26414840,3432783900
f1705_41,9,,179,train,26414840,26414840,2112482400
f0037_16,9,,404,train,26414840,26414840,4753085400
f0754_01,9,,286,train,26414840,26414840,3300753750
f1924_29,9,,99,train,26414840,26414840,1056241200
f0732_46,9,,249,train,26414840,26414840,2904663300
f1727_36,9,,19,train,26414840,26414840,132030150
f1163_43,9,,121,train,26414840,26414840,1320301500
f1531_34,9,,134,train,26414840,26414840,1584361800
f3883_18,9,,179,train,26414840,26414840,2112482400
f3290_01,10,,182,train,26414840,26414840,2112482400
f1376_43,10,,301,train,26414840,26414840,3564814050
f3639_43,10,,183,train,26414840,26414840,2112482400
f3641_13,10,,167,train,26414840,26414840,1980452250
f0183_22,10,,389,train,26414840,26414840,4621055250
f0659_24,10,,161,train,26414840,26414840,1848422100
f0024_24,10,,375,train,26414840,26414840,4356994950
f3161_02,10,,177,train,26414840,26414840,1980452250
f1853_42,10,,168,train,26414840,26414840,1980452250
f3154_48,10,,172,train,26414840,26414840,1980452250
f0646_22,10,,298,train,26414840,26414840,3432783900
f1085_29,10,,183,train,26414840,26414840,2112482400
f1530_18,10,,175,train,26414840,26414840,1980452250
f0454_20,10,,389,train,26414840,26414840,4621055250
f0983_14,10,,245,train,26414840,26414840,2904663300
f0392_15,10,,393,train,26414840,26414840,4621055250
f1606_19,10,,152,train,26414840,26414840,1716391950
f2157_61,10,,169,train,26414840,26414840,1980452250
f2044_20,10,,42,train,26414840,26414840,396090450
f0109_19,10,,44,train,26414840,26414840,396090450
f0744_23,11,,318,train,26414840,26414840,3696844200
f2599_91,11,,144,train,26414840,26414840,1584361800
f1090_13,11,,230,train,26414840,26414840,2640603000
f3404_40,11,,179,train,26414840,26414840,2112482400
f1625_05,11,,156,train,26414840,26414840,1848422100
f2044_20,11,,42,train,26414840,26414840,396090450
f2194_63,11,,172,train,26414840,26414840,1980452250
f1339_22,11,,281,train,26414840,26414840,3300753750
f3892_07,11,,180,train,26414840,26414840,2112482400
f1823_43,11,,92,train,26414840,26414840,1056241200
f1163_43,11,,121,train,26414840,26414840,1320301500
f1698_35,11,,160,train,26414840,26414840,1848422100
f0037_16,11,,404,train,26414840,26414840,4753085400
f0754_01,11,,286,train,26414840,26414840,3300753750
f1923_42,11,,101,train,26414840,26414840,1188271350
f0732_46,11,,249,train,26414840,26414840,2904663300
f1723_34,11,,52,train,26414840,26414840,528120600
f1160_23,11,,232,train,26414840,26414840,2640603000
f1531_34,11,,134,train,26414840,26414840,1584361800
f3883_18,11,,179,train,26414840,26414840,2112482400
f1853_42,12,,168,train,26414840,26414840,1980452250
f0999_29,12,,352,train,26414840,26414840,4092934650
f3892_07,12,,180,train,26414840,26414840,2112482400
f0376_05,12,,375,train,26414840,26414840,4356994950
f3337_21,12,,184,train,26414840,26414840,2112482400
f1300_41,12,,219,train,26414840,26414840,2508572850
f2523_65,12,,176,train,26414840,26414840,1980452250
f1404_39,12,,160,train,26414840,26414840,1848422100
f1970_32,12,,167,train,26414840,26414840,1980452250
f2182_95,12,,165,train,26414840,26414840,1848422100
f1634_38,12,,159,train,26414840,26414840,1848422100
f1470_34,12,,339,train,26414840,26414840,3960904500
f2310_51,12,,131,train,26414840,26414840,1452331650
f0286_16,12,,369,train,26414840,26414840,4356994950
f0480_41,12,,296,train,26414840,26414840,3432783900
f2251_74,12,,23,train,26414840,26414840,264060300
f0568_00,12,,359,train,26414840,26414840,4224964800
f0347_04,12,,413,train,26414840,26414840,4885115550
f4073_38,12,,177,train,26414840,26414840,1980452250
f1676_30,12,,175,train,26414840,26414840,1980452250
f0744_23,13,,318,train,26414840,26414840,3696844200
f2599_91,13,,144,train,26414840,26414840,1584361800
f1090_13,13,,230,train,26414840,26414840,2640603000
f3404_40,13,,179,train,26414840,26414840,2112482400
f1625_05,13,,156,train,26414840,26414840,1848422100
f2044_20,13,,42,train,26414840,26414840,396090450
f2194_63,13,,172,train,26414840,26414840,1980452250
f1339_22,13,,281,train,26414840,26414840,3300753750
f3892_07,13,,180,train,26414840,26414840,2112482400
f1823_43,13,,92,train,26414840,26414840,1056241200
f1163_43,13,,121,train,26414840,26414840,1320301500
f1698_35,13,,160,train,26414840,26414840,1848422100
f0037_16,13,,404,train,26414840,26414840,4753085400
f0754_01,13,,286,train,26414840,26414840,3300753750
f1923_42,13,,101,train,26414840,26414840,1188271350
f0732_46,13,,249,train,26414840,26414840,2904663300
f1723_34,13,,52,train,26414840,26414840,528120600
f1160_23,13,,232,train,26414840,26414840,2640603000
f1531_34,13,,134,train,26414840,26414840,1584361800
f3883_18,13,,179,train,26414840,26414840,2112482400
f0735_17,14,,342,train,26414840,26414840,3960904500
f2599_91,14,,144,train,26414840,26414840,1584361800
f1085_29,14,,183,train,26414840,26414840,2112482400
f3404_40,14,,179,train,26414840,26414840,2112482400
f1625_05,14,,156,train,26414840,26414840,1848422100
f2044_20,14,,42,train,26414840,26414840,396090450
f2194_63,14,,172,train,26414840,26414840,1980452250
f1339_22,14,,281,train,26414840,26414840,3300753750
f3892_07,14,,180,train,26414840,26414840,2112482400
f1823_43,14,,92,train,26414840,26414840,1056241200
f1163_43,14,,121,train,26414840,26414840,1320301500
f1698_35,14,,160,train,26414840,26414840,1848422100
f0037_16,14,,404,train,26414840,26414840,4753085400
f0744_23,14,,318,train,26414840,26414840,3696844200
f1923_42,14,,101,train,26414840,26414840,1188271350
f0722_29,14,,341,train,26414840,26414840,3960904500
f1723_34,14,,52,train,26414840,26414840,528120600
f1160_23,14,,232,train,26414840,26414840,2640603000
f1531_34,14,,134,train,26414840,26414840,1584361800
f3883_18,14,,179,train,26414840,26414840,2112482400
f0722_29,15,,341,train,26414840,26414840,3960904500
f1174_47,15,,241,train,26414840,26414840,2772633150
f2303_66,15,,181,train,26414840,26414840,2112482400
f1090_13,15,,230,train,26414840,26414840,2640603000
f3488_35,15,,174,train,26414840,26414840,1980452250
f1819_37,15,,158,train,26414840,26414840,1848422100
f3486_00,15,,178,train,26414840,26414840,2112482400
f1978_04,15,,165,train,26414840,26414840,1848422100
f1251_10,15,,388,train,26414840,26414840,4489025100
f4004_35,15,,180,train,26414840,26414840,2112482400
f0314_27,15,,380,train,26414840,26414840,4489025100
f2349_78,15,,133,train,26414840,26414840,1452331650
f1133_00,15,,210,train,26414840,26414840,2376542700
f1963_27,15,,178,train,26414840,26414840,2112482400
f0631_03,15,,390,train,26414840,26414840,4621055250
f0793_02,15,,358,train,26414840,26414840,4224964800
f3929_28,15,,136,train,26414840,26414840,1584361800
f1670_20,15,,171,train,26414840,26414840,1980452250
f0907_00,15,,280,train,26414840,26414840,3300753750
f1546_05,15,,175,train,26414840,26414840,1980452250
f2303_66,16,,181,train,26414840,26414840,2112482400
f1085_29,16,,183,train,26414840,26414840,2112482400
f3488_35,16,,174,train,26414840,26414840,1980452250
f1819_37,16,,158,train,26414840,26414840,1848422100
f3486_00,16,,178,train,26414840,26414840,2112482400
f1978_04,16,,165,train,26414840,26414840,1848422100
f1251_10,16,,388,train,26414840,26414840,4489025100
f4004_35,16,,180,train,26414840,26414840,2112482400
f0299_33,16,,310,train,26414840,26414840,3564814050
f2349_78,16,,133,train,26414840,26414840,1452331650
f1132_19,16,,358,train,26414840,26414840,4224964800
f1963_27,16,,178,train,26414840,26414840,2112482400
f0629_39,16,,328,train,26414840,26414840,3828874350
f0792_07,16,,388,train,26414840,26414840,4489025100
f3929_28,16,,136,train,26414840,26414840,1584361800
f1670_20,16,,171,train,26414840,26414840,1980452250
f1923_42,16,,101,train,26414840,26414840,1188271350
f1469_25,16,,266,train,26414840,26414840,3036693450
f1024_46,16,,365,train,26414840,26414840,4224964800
f1721_26,16,,176,train,26414840,26414840,1980452250
f1337_29,17,,220,train,26414840,26414840,2508572850
f3892_07,17,,180,train,26414840,26414840,2112482400
f1816_24,17,,118,train,26414840,26414840,1320301500
f1160_23,17,,232,train,26414840,26414840,2640603000
f1682_10,17,,162,train,26414840,26414840,1848422100
f0037_16,17,,404,train,26414840,26414840,4753085400
f0744_23,17,,318,train,26414840,26414840,3696844200
f1912_13,17,,169,train,26414840,26414840,1980452250
f0722_29,17,,341,train,26414840,26414840,3960904500
f1705_41,17,,179,train,26414840,26414840,2112482400
f1163_43,17,,121,train,26414840,26414840,1320301500
f0347_04,17,,413,train,26414840,26414840,4885115550
f0735_17,17,,342,train,26414840,26414840,3960904500
f1569_23,17,,160,train,26414840,26414840,1848422100
f1634_38,17,,159,train,26414840,26414840,1848422100
f1602_35,17,,169,train,26414840,26414840,1980452250
f1853_42,17,,168,train,26414840,26414840,1980452250
f1167_31,17,,296,train,26414840,26414840,3432783900
f2367_63,17,,152,train,26414840,26414840,1716391950
f3650_20,17,,160,train,26414840,26414840,1848422100
f0735_17,18,,342,train,26414840,26414840,3960904500
f2599_91,18,,144,train,26414840,26414840,1584361800
f1085_29,18,,183,train,26414840,26414840,2112482400
f3404_40,18,,179,train,26414840,26414840,2112482400
f1625_05,18,,156,train,26414840,26414840,1848422100
f2044_20,18,,42,train,26414840,26414840,396090450
f2194_63,18,,172,train,26414840,26414840,1980452250
f1339_22,18,,281,train,26414840,26414840,3300753750
f3892_07,18,,180,train,26414840,26414840,2112482400
f1823_43,18,,92,train,26414840,26414840,1056241200
f1163_43,18,,121,train,26414840,26414840,1320301500
f1698_35,18,,160,train,26414840,26414840,1848422100
f0037_16,18,,404,train,26414840,26414840,4753085400
f0744_23,18,,318,train,26414840,26414840,3696844200
f1923_42,18,,101,train,26414840,26414840,1188271350
f0722_29,18,,341,train,26414840,26414840,3960904500
f1723_34,18,,52,train,26414840,26414840,528120600
f1160_23,18,,232,train,26414840,26414840,2640603000
f1531_34,18,,134,train,26414840,26414840,1584361800
f3883_18,18,,179,train,26414840,26414840,2112482400
f1853_42,19,,168,train,26414840,26414840,1980452250
f3154_48,19,,172,train,26414840,26414840,1980452250
f0653_02,19,,346,train,26414840,26414840,4092934650
f1090_13,19,,230,train,26414840,26414840,2640603000
f1531_34,19,,134,train,26414840,26414840,1584361800
f0459_12,19,,260,train,26414840,26414840,3036693450
f0999_29,19,,352,train,26414840,26414840,4092934650
f0415_28,19,,385,train,26414840,26414840,4489025100
f1606_19,19,,152,train,26414840,26414840,1716391950
f2157_61,19,,169,train,26414840,26414840,1980452250
f0722_29,19,,341,train,26414840,26414840,3960904500
f1190_46,19,,268,train,26414840,26414840,3168723600
f2303_66,19,,181,train,26414840,26414840,2112482400
f3488_35,19,,174,train,26414840,26414840,1980452250
f1819_37,19,,158,train,26414840,26414840,1848422100
f3486_00,19,,178,train,26414840,26414840,2112482400
f1978_04,19,,165,train,26414840,26414840,1848422100
f1251_10,19,,388,train,26414840,26414840,4489025100
f0454_20,19,,389,train,26414840,26414840,4621055250
f3639_43,19,,183,train,26414840,26414840,2112482400
f1339_22,20,,281,train,26414840,26414840,3300753750
f3892_07,20,,180,train,26414840,26414840,2112482400
f1823_43,20,,92,train,26414840,26414840,1056241200
f1163_43,20,,121,train,26414840,26414840,1320301500
f1698_35,20,,160,train,26414840,26414840,1848422100
f0037_16,20,,404,train,26414840,26414840,4753085400
f0744_23,20,,318,train,26414840,26414840,3696844200
f1923_42,20,,101,train,26414840,26414840,1188271350
f0722_29,20,,341,train,26414840,26414840,3960904500
f1723_34,20,,52,train,26414840,26414840,528120600
f1167_31,20,,296,train,26414840,26414840,3432783900
f0347_04,20,,413,train,26414840,26414840,4885115550
f0735_17,20,,342,train,26414840,26414840,3960904500
f1606_19,20,,152,train,26414840,26414840,1716391950
f1670_20,20,,171,train,26414840,26414840,1980452250
f1613_27,20,,173,train,26414840,26414840,1980452250
f1912_13,20,,169,train,26414840,26414840,1980452250
f1174_47,20,,241,train,26414840,26414840,2772633150
f2367_63,20,,152,train,26414840,26414840,1716391950
f3650_20,20,,160,train,26414840,26414840,1848422100
f0761_10,21,,368,train,26414840,26414840,4356994950
f3100_44,21,,175,train,26414840,26414840,1980452250
f1121_47,21,,238,train,26414840,26414840,2772633150
f3420_27,21,,185,train,26414840,26414840,2112482400
f1670_20,21,,171,train,26414840,26414840,1980452250
f2104_50,21,,181,train,26414840,26414840,2112482400
f2211_73,21,,164,train,26414840,26414840,1848422100
f1388_41,21,,160,train,26414840,26414840,1848422100
f3892_07,21,,180,train,26414840,26414840,2112482400
f1875_21,21,,179,train,26414840,26414840,2112482400
f1190_46,21,,268,train,26414840,26414840,3168723600
f1721_26,21,,176,train,26414840,26414840,1980452250
f0037_16,21,,404,train,26414840,26414840,4753085400
f0792_07,21,,388,train,26414840,26414840,4489025100
f1948_41,21,,154,train,26414840,26414840,1716391950
f0744_23,21,,318,train,26414840,26414840,3696844200
f1762_28,21,,172,train,26414840,26414840,1980452250
f1174_47,21,,241,train,26414840,26414840,2772633150
f1531_34,21,,134,train,26414840,26414840,1584361800
f3883_18,21,,179,train,26414840,26414840,2112482400
f1339_22,22,,281,train,26414840,26414840,3300753750
f3892_07,22,,180,train,26414840,26414840,2112482400
f1823_43,22,,92,train,26414840,26414840,1056241200
f1163_43,22,,121,train,26414840,26414840,1320301500
f1698_35,22,,160,train,26414840,26414840,1848422100
f0037_16,22,,404,train,26414840,26414840,4753085400
f0754_01,22,,286,train,26414840,26414840,3300753750
f1923_42,22,,101,train,26414840,26414840,1188271350
f0732_46,22,,249,train,26414840,26414840,2904663300
f1723_34,22,,52,train,26414840,26414840,528120600
f1167_31,22,,296,train,26414840,26414840,3432783900
f0365_07,22,,285,train,26414840,26414840,3300753750
f0744_23,22,,318,train,26414840,26414840,3696844200
f1606_19,22,,152,train,26414840,26414840,1716391950
f1670_20,22,,171,train,26414840,26414840,1980452250
f1609_27,22,,163,train,26414840,26414840,1848422100
f1912_13,22,,169,train,26414840,26414840,1980452250
f1174_47,22,,241,train,26414840,26414840,2772633150
f2367_63,22,,152,train,26414840,26414840,1716391950
f3650_20,22,,160,train,26414840,26414840,1848422100
f2303_66,23,,181,train,26414840,26414840,2112482400
f1090_13,23,,230,train,26414840,26414840,2640603000
f3488_35,23,,174,train,26414840,26414840,1980452250
f1823_43,23,,92,train,26414840,26414840,1056241200
f3486_00,23,,178,train,26414840,26414840,2112482400
f1989_45,23,,154,train,26414840,26414840,1716391950
f1252_21,23,,206,train,26414840,26414840,2376542700
f4004_35,23,,180,train,26414840,26414840,2112482400
f0299_33,23,,310,train,26414840,26414840,3564814050
f2349_78,23,,133,train,26414840,26414840,1452331650
f1145_39,23,,248,train,26414840,26414840,2904663300
f1970_32,23,,167,train,26414840,26414840,1980452250
f0629_39,23,,328,train,26414840,26414840,3828874350
f0793_02,23,,358,train,26414840,26414840,4224964800
f3929_28,23,,136,train,26414840,26414840,1584361800
f1674_35,23,,119,train,26414840,26414840,1320301500
f1924_29,23,,99,train,26414840,26414840,1056241200
f1470_34,23,,339,train,26414840,26414840,3960904500
f1024_46,23,,365,train,26414840,26414840,4224964800
f1721_26,23,,176,train,26414840,26414840,1980452250
f1339_22,24,,281,train,26414840,26414840,3300753750
f3892_07,24,,180,train,26414840,26414840,2112482400
f1823_43,24,,92,train,26414840,26414840,1056241200
f1163_43,24,,121,train,26414840,26414840,1320301500
f1698_35,24,,160,train,26414840,26414840,1848422100
f0037_16,24,,404,train,26414840,26414840,4753085400
f0744_23,24,,318,train,26414840,26414840,3696844200
f1923_42,24,,101,train,26414840,26414840,1188271350
f0722_29,24,,341,train,26414840,26414840,3960904500
f1723_34,24,,52,train,26414840,26414840,528120600
f1167_31,24,,296,train,26414840,26414840,3432783900
f0347_04,24,,413,train,26414840,26414840,4885115550
f0735_17,24,,342,train,26414840,26414840,3960904500
f1606_19,24,,152,train,26414840,26414840,1716391950
f1670_20,24,,171,train,26414840,26414840,1980452250
f1609_27,24,,163,train,26414840,26414840,1848422100
f1912_13,24,,169,train,26414840,26414840,1980452250
f1174_47,24,,241,train,26414840,26414840,2772633150
f2367_63,24,,152,train,26414840,26414840,1716391950
f3650_20,24,,160,train,26414840,26414840,1848422100
f1417_14,25,,153,train,26414840,26414840,1716391950
f3892_07,25,,180,train,26414840,26414840,2112482400
f1978_04,25,,165,train,26414840,26414840,1848422100
f1224_16,25,,255,train,26414840,26414840,2904663300
f1823_43,25,,92,train,26414840,26414840,1056241200
f0037_16,25,,404,train,26414840,26414840,4753085400
f0793_02,25,,358,train,26414840,26414840,4224964800
f2104_50,25,,181,train,26414840,26414840,2112482400
f0754_01,25,,286,train,26414840,26414840,3300753750
f1875_21,25,,179,train,26414840,26414840,2112482400
f1239_18,25,,266,train,26414840,26414840,3036693450
f0365_07,25,,285,train,26414840,26414840,3300753750
f0792_07,25,,388,train,26414840,26414840,4489025100
f1682_10,25,,162,train,26414840,26414840,1848422100
f1762_28,25,,172,train,26414840,26414840,1980452250
f1698_35,25,,160,train,26414840,26414840,1848422100
f2044_20,25,,42,train,26414840,26414840,396090450
f1251_10,25,,388,train,26414840,26414840,4489025100
f2367_63,25,,152,train,26414840,26414840,1716391950
f3650_20,25,,160,train,26414840,26414840,1848422100
f1154_00,26,,171,train,26414840,26414840,1980452250
f2157_61,26,,169,train,26414840,26414840,1980452250
f0633_18,26,,414,train,26414840,26414840,4885115550
f0799_13,26,,286,train,26414840,26414840,3300753750
f3907_43,26,,169,train,26414840,26414840,1980452250
f1705_41,26,,179,train,26414840,26414840,2112482400
f2033_24,26,,172,train,26414840,26414840,1980452250
f1517_35,26,,108,train,26414840,26414840,1188271350
f0588_19,26,,379,train,26414840,26414840,4489025100
f1132_19,26,,358,train,26414840,26414840,4224964800
f1857_48,26,,136,train,26414840,26414840,1584361800
f1327_05,26,,322,train,26414840,26414840,3696844200
f1326_12,26,,317,train,26414840,26414840,3696844200
f2233_79,26,,173,train,26414840,26414840,1980452250
f0735_17,26,,342,train,26414840,26414840,3960904500
f1085_29,26,,183,train,26414840,26414840,2112482400
f2336_99,26,,104,train,26414840,26414840,1188271350
f3347_47,26,,179,train,26414840,26414840,2112482400
f1546_05,26,,175,train,26414840,26414840,1980452250
f3883_18,26,,179,train,26414840,26414840,2112482400
f1224_16,27,,255,train,26414840,26414840,2904663300
f2194_63,27,,172,train,26414840,26414840,1980452250
f0669_11,27,,274,train,26414840,26414840,3168723600
f0907_00,27,,280,train,26414840,26414840,3300753750
f3961_03,27,,113,train,26414840,26414840,1320301500
f1819_37,27,,158,train,26414840,26414840,1848422100
f2162_62,27,,160,train,26414840,26414840,1848422100
f1619_37,27,,168,train,26414840,26414840,1980452250
f0635_33,27,,396,train,26414840,26414840,4621055250
f1167_31,27,,296,train,26414840,26414840,3432783900
f1924_29,27,,99,train,26414840,26414840,1056241200
f1393_25,27,,377,train,26414840,26414840,4356994950
f1388_41,27,,160,train,26414840,26414840,1848422100
f2310_51,27,,131,train,26414840,26414840,1452331650
f0799_13,27,,286,train,26414840,26414840,3300753750
f1147_19,27,,256,train,26414840,26414840,3036693450
f2408_73,27,,163,train,26414840,26414840,1848422100
f3488_35,27,,174,train,26414840,26414840,1980452250
f1545_40,27,,143,train,26414840,26414840,1584361800
f3883_18,27,,179,train,26414840,26414840,2112482400
f2161_58,28,,169,train,26414840,26414840,1980452250
f3337_21,28,,184,train,26414840,26414840,2112482400
f0761_10,28,,368,train,26414840,26414840,4356994950
f1222_04,28,,296,train,26414840,26414840,3432783900
f1723_34,28,,52,train,26414840,26414840,528120600
f0478_10,28,,349,train,26414840,26414840,4092934650
f1133_00,28,,210,train,26414840,26414840,2376542700
f0454_20,28,,389,train,26414840,26414840,4621055250
f1816_24,28,,118,train,26414840,26414840,1320301500
f2303_66,28,,181,train,26414840,26414840,2112482400
f0836_28,28,,285,train,26414840,26414840,3300753750
f1326_12,28,,317,train,26414840,26414840,3696844200
f2510_55,28,,176,train,26414840,26414840,1980452250
f3610_45,28,,177,train,26414840,26414840,1980452250
f2157_61,28,,169,train,26414840,26414840,1980452250
f3602_12,28,,150,train,26414840,26414840,1716391950
f2231_55,28,,161,train,26414840,26414840,1848422100
f1332_24,28,,267,train,26414840,26414840,3168723600
f0444_34,28,,407,train,26414840,26414840,4753085400
f3639_43,28,,183,train,26414840,26414840,2112482400
f1222_04,29,,296,train,26414840,26414840,3432783900
f2175_59,29,,150,train,26414840,26414840,1716391950
f0659_24,29,,161,train,26414840,26414840,1848422100
f0892_23,29,,109,train,26414840,26414840,1188271350
f3986_31,29,,177,train,26414840,26414840,1980452250
f1819_37,29,,158,train,26414840,26414840,1848422100
f2157_61,29,,169,train,26414840,26414840,1980452250
f1619_37,29,,168,train,26414840,26414840,1980452250
f0631_03,29,,390,train,26414840,26414840,4621055250
f1163_43,29,,121,train,26414840,26414840,1320301500
f1923_42,29,,101,train,26414840,26414840,1188271350
f1404_39,29,,160,train,26414840,26414840,1848422100
f1388_41,29,,160,train,26414840,26414840,1848422100
f2278_93,29,,140,train,26414840,26414840,1584361800
f0794_31,29,,210,train,26414840,26414840,2376542700
f1145_39,29,,248,train,26414840,26414840,2904663300
f2363_77,29,,174,train,26414840,26414840,1980452250
f3486_00,29,,178,train,26414840,26414840,2112482400
f1545_40,29,,143,train,26414840,26414840,1584361800
f3883_18,29,,179,train,26414840,26414840,2112482400
f0316_21,30,,380,train,26414840,26414840,4489025100
f0836_28,30,,285,train,26414840,26414840,3300753750
f0314_27,30,,380,train,26414840,26414840,4489025100
f0909_04,30,,271,train,26414840,26414840,3168723600
f1224_16,30,,255,train,26414840,26414840,2904663300
f0138_30,30,,293,train,26414840,26414840,3432783900
f2214_70,30,,181,train,26414840,26414840,2112482400
f1723_34,30,,52,train,26414840,26414840,528120600
f0735_17,30,,342,train,26414840,26414840,3960904500
f1602_35,30,,169,train,26414840,26414840,1980452250
f0218_04,30,,370,train,26414840,26414840,4356994950
f1780_04,30,,126,train,26414840,26414840,1452331650
f3744_12,30,,177,train,26414840,26414840,1980452250
f2175_59,30,,150,train,26414840,26414840,1716391950
f0347_04,30,,413,train,26414840,26414840,4885115550
f2303_66,30,,181,train,26414840,26414840,2112482400
f0799_13,30,,286,train,26414840,26414840,3300753750
f0509_28,30,,247,train,26414840,26414840,2904663300
f0476_07,30,,236,train,26414840,26414840,2772633150
f0722_29,30,,341,train,26414840,26414840,3960904500
f1530_18,31,,175,train,26414840,26414840,1980452250
f3929_28,31,,136,train,26414840,26414840,1584361800
f2046_26,31,,41,train,26414840,26414840,396090450
f1278_22,31,,314,train,26414840,26414840,3696844200
f1914_02,31,,116,train,26414840,26414840,1320301500
f0037_16,31,,404,train,26414840,26414840,4753085400
f0841_10,31,,390,train,26414840,26414840,4621055250
f2162_62,31,,160,train,26414840,26414840,1848422100
f0799_13,31,,286,train,26414840,26414840,3300753750
f1948_41,31,,154,train,26414840,26414840,1716391950
f1292_22,31,,269,train,26414840,26414840,3168723600
f0365_07,31,,285,train,26414840,26414840,3300753750
f0836_28,31,,285,train,26414840,26414840,3300753750
f1762_28,31,,172,train,26414840,26414840,1980452250
f1853_42,31,,168,train,26414840,26414840,1980452250
f1791_04,31,,165,train,26414840,26414840,1848422100
f2159_53,31,,171,train,26414840,26414840,1980452250
f1294_12,31,,332,train,26414840,26414840,3828874350
f2367_63,31,,152,train,26414840,26414840,1716391950
f3650_20,31,,160,train,26414840,26414840,1848422100
f3907_43,32,,169,train,26414840,26414840,1980452250
f1347_06,32,,29,train,26414840,26414840,264060300
f3346_12,32,,168,train,26414840,26414840,1980452250
f2310_51,32,,131,train,26414840,26414840,1452331650
f0854_12,32,,375,train,26414840,26414840,4356994950
f3171_30,32,,178,train,26414840,26414840,2112482400
f1224_16,32,,255,train,26414840,26414840,2904663300
f3542_00,32,,165,train,26414840,26414840,1848422100
f1874_36,32,,174,train,26414840,26414840,1980452250
f2292_70,32,,172,train,26414840,26414840,1980452250
f2363_77,32,,174,train,26414840,26414840,1980452250
f1569_23,32,,160,train,26414840,26414840,1848422100
f3929_28,32,,136,train,26414840,26414840,1584361800
f2162_62,32,,160,train,26414840,26414840,1848422100
f1321_40,32,,250,train,26414840,26414840,2904663300
f1965_23,32,,31,train,26414840,26414840,264060300
f0037_16,32,,404,train,26414840,26414840,4753085400
f0836_28,32,,285,train,26414840,26414840,3300753750
f0754_01,32,,286,train,26414840,26414840,3300753750
f1296_02,32,,228,train,26414840,26414840,2640603000
f0854_12,33,,375,train,26414840,26414840,4356994950
f3171_30,33,,178,train,26414840,26414840,2112482400
f1222_04,33,,296,train,26414840,26414840,3432783900
f3542_00,33,,165,train,26414840,26414840,1848422100
f1857_48,33,,136,train,26414840,26414840,1584361800
f2278_93,33,,140,train,26414840,26414840,1584361800
f2350_98,33,,168,train,26414840,26414840,1980452250
f1548_21,33,,109,train,26414840,26414840,1188271350
f3929_28,33,,136,train,26414840,26414840,1584361800
f2161_58,33,,169,train,26414840,26414840,1980452250
f1300_41,33,,219,train,26414840,26414840,2508572850
f1961_34,33,,136,train,26414840,26414840,1584361800
f0037_16,33,,404,train,26414840,26414840,4753085400
f0892_23,33,,109,train,26414840,26414840,1188271350
f2194_63,33,,172,train,26414840,26414840,1980452250
f0841_10,33,,390,train,26414840,26414840,4621055250
f1978_04,33,,165,train,26414840,26414840,1848422100
f1296_02,33,,228,train,26414840,26414840,2640603000
f1530_18,33,,175,train,26414840,26414840,1980452250
f3883_18,33,,179,train,26414840,26414840,2112482400
f0854_12,34,,375,train,26414840,26414840,4356994950
f3171_30,34,,178,train,26414840,26414840,2112482400
f1224_16,34,,255,train,26414840,26414840,2904663300
f3542_00,34,,165,train,26414840,26414840,1848422100
f1874_36,34,,174,train,26414840,26414840,1980452250
f2292_70,34,,172,train,26414840,26414840,1980452250
f2363_77,34,,174,train,26414840,26414840,1980452250
f1569_23,34,,160,train,26414840,26414840,1848422100
f3929_28,34,,136,train,26414840,26414840,1584361800
f2162_62,34,,160,train,26414840,26414840,1848422100
f1321_40,34,,250,train,26414840,26414840,2904663300
f1965_23,34,,31,train,26414840,26414840,264060300
f0037_16,34,,404,train,26414840,26414840,4753085400
f0892_23,34,,109,train,26414840,26414840,1188271350
f2206_73,34,,144,train,26414840,26414840,1584361800
f0841_10,34,,390,train,26414840,26414840,4621055250
f1989_45,34,,154,train,26414840,26414840,1716391950
f1300_41,34,,219,train,26414840,26414840,2508572850
f1530_18,34,,175,train,26414840,26414840,1980452250
f3883_18,34,,179,train,26414840,26414840,2112482400
f0849_38,35,,345,train,26414840,26414840,4092934650
f3195_04,35,,152,train,26414840,26414840,1716391950
f1190_46,35,,268,train,26414840,26414840,3168723600
f3545_06,35,,159,train,26414840,26414840,1848422100
f1857_48,35,,136,train,26414840,26414840,1584361800
f2292_70,35,,172,train,26414840,26414840,1980452250
f2363_77,35,,174,train,26414840,26414840,1980452250
f1546_05,35,,175,train,26414840,26414840,1980452250
f3929_28,35,,136,train,26414840,26414840,1584361800
f2162_62,35,,160,train,26414840,26414840,1848422100
f1296_02,35,,228,train,26414840,26414840,2640603000
f1970_32,35,,167,train,26414840,26414840,1980452250
f0037_16,35,,404,train,26414840,26414840,4753085400
f0854_12,35,,375,train,26414840,26414840,4356994950
f2206_73,35,,144,train,26414840,26414840,1584361800
f0836_28,35,,285,train,26414840,26414840,3300753750
f2044_20,35,,42,train,26414840,26414840,396090450
f1294_12,35,,332,train,26414840,26414840,3828874350
f1530_18,35,,175,train,26414840,26414840,1980452250
f3883_18,35,,179,train,26414840,26414840,2112482400
f0907_00,36,,280,train,26414840,26414840,3300753750
f3211_20,36,,173,train,26414840,26414840,1980452250
f1278_22,36,,314,train,26414840,26414840,3696844200
f3553_12,36,,173,train,26414840,26414840,1980452250
f1924_29,36,,99,train,26414840,26414840,1056241200
f2319_77,36,,172,train,26414840,26414840,1980452250
f2387_81,36,,171,train,26414840,26414840,1980452250
f1613_27,36,,173,train,26414840,26414840,1980452250
f3929_28,36,,136,train,26414840,26414840,1584361800
f2182_95,36,,165,train,26414840,26414840,1848422100
f1332_24,36,,267,train,26414840,26414840,3168723600
f2044_20,36,,42,train,26414840,26414840,396090450
f0037_16,36,,404,train,26414840,26414840,4753085400
f0909_04,36,,271,train,26414840,26414840,3168723600
f2214_70,36,,181,train,26414840,26414840,2112482400
f0849_38,36,,345,train,26414840,26414840,4092934650
f2104_50,36,,181,train,26414840,26414840,2112482400
f1327_05,36,,322,train,26414840,26414840,3696844200
f1530_18,36,,175,train,26414840,26414840,1980452250
f3883_18,36,,179,train,26414840,26414840,2112482400
f1602_35,37,,169,train,26414840,26414840,1980452250
f3929_28,37,,136,train,26414840,26414840,1584361800
f2175_59,37,,150,train,26414840,26414840,1716391950
f1326_12,37,,317,train,26414840,26414840,3696844200
f1970_32,37,,167,train,26414840,26414840,1980452250
f0037_16,37,,404,train,26414840,26414840,4753085400
f0854_12,37,,375,train,26414840,26414840,4356994950
f2207_75,37,,148,train,26414840,26414840,1716391950
f0836_28,37,,285,train,26414840,26414840,3300753750
f2044_20,37,,42,train,26414840,26414840,396090450
f1327_05,37,,322,train,26414840,26414840,3696844200
f0376_05,37,,375,train,26414840,26414840,4356994950
f0849_38,37,,345,train,26414840,26414840,4092934650
f1823_43,37,,92,train,26414840,26414840,1056241200
f1923_42,37,,101,train,26414840,26414840,1188271350
f1857_48,37,,136,train,26414840,26414840,1584361800
f2194_63,37,,172,train,26414840,26414840,1980452250
f1332_24,37,,267,train,26414840,26414840,3168723600
f2367_63,37,,152,train,26414840,26414840,1716391950
f3650_20,37,,160,train,26414840,26414840,1848422100
f1569_23,38,,160,train,26414840,26414840,1848422100
f3907_43,38,,169,train,26414840,26414840,1980452250
f2162_62,38,,160,train,26414840,26414840,1848422100
f1321_40,38,,250,train,26414840,26414840,2904663300
f1970_32,38,,167,train,26414840,26414840,1980452250
f0037_16,38,,404,train,26414840,26414840,4753085400
f0854_12,38,,375,train,26414840,26414840,4356994950
f2206_73,38,,144,train,26414840,26414840,1584361800
f0836_28,38,,285,train,26414840,26414840,3300753750
f2044_20,38,,42,train,26414840,26414840,396090450
f1326_12,38,,317,train,26414840,26414840,3696844200
f0365_07,38,,285,train,26414840,26414840,3300753750
f0849_38,38,,345,train,26414840,26414840,4092934650
f1819_37,38,,158,train,26414840,26414840,1848422100
f1923_42,38,,101,train,26414840,26414840,1188271350
f1853_42,38,,168,train,26414840,26414840,1980452250
f2182_95,38,,165,train,26414840,26414840,1848422100
f1330_35,38,,282,train,26414840,26414840,3300753750
f2367_63,38,,152,train,26414840,26414840,1716391950
f3650_20,38,,160,train,26414840,26414840,1848422100
f0037_16,39,,404,train,26414840,26414840,4753085400
f3338_15,39,,168,train,26414840,26414840,1980452250
f0016_39,39,,313,train,26414840,26414840,3696844200
f2303_66,39,,181,train,26414840,26414840,2112482400
f0799_13,39,,286,train,26414840,26414840,3300753750
f2465_75,39,,181,train,26414840,26414840,2112482400
f3986_31,39,,177,train,26414840,26414840,1980452250
f0744_23,39,,318,train,26414840,26414840,3696844200
f1948_41,39,,154,train,26414840,26414840,1716391950
f1989_45,39,,154,train,26414840,26414840,1716391950
f1924_29,39,,99,train,26414840,26414840,1056241200
f0646_22,39,,298,train,26414840,26414840,3432783900
f3907_43,39,,169,train,26414840,26414840,1980452250
f1470_34,39,,339,train,26414840,26414840,3960904500
f3412_27,39,,166,train,26414840,26414840,1848422100
f2349_78,39,,133,train,26414840,26414840,1452331650
f0952_49,39,,365,train,26414840,26414840,4224964800
f3222_24,39,,138,train,26414840,26414840,1584361800
f1674_35,39,,119,train,26414840,26414840,1320301500
f3602_12,39,,150,train,26414840,26414840,1716391950
f0326_35,40,,381,train,26414840,26414840,4489025100
f0892_23,40,,109,train,26414840,26414840,1188271350
f0316_21,40,,380,train,26414840,26414840,4489025100
f0999_29,40,,352,train,26414840,26414840,4092934650
f1300_41,40,,219,train,26414840,26414840,2508572850
f0138_30,40,,293,train,26414840,26414840,3432783900
f2319_77,40,,172,train,26414840,26414840,1980452250
f1857_48,40,,136,train,26414840,26414840,1584361800
f0792_07,40,,388,train,26414840,26414840,4489025100
f1686_01,40,,113,train,26414840,26414840,1320301500
f0221_37,40,,346,train,26414840,26414840,4092934650
f1914_02,40,,116,train,26414840,26414840,1320301500
f3777_32,40,,176,train,26414840,26414840,1980452250
f2240_80,40,,171,train,26414840,26414840,1980452250
f0365_07,40,,285,train,26414840,26414840,3300753750
f2367_63,40,,152,train,26414840,26414840,1716391950
f0849_38,40,,345,train,26414840,26414840,4092934650
f0549_39,40,,347,train,26414840,26414840,4092934650
f0476_07,40,,236,train,26414840,26414840,2772633150
f0722_29,40,,341,train,26414840,26414840,3960904500
f2233_79,41,,173,train,26414840,26414840,1980452250
f1222_04,41,,296,train,26414840,26414840,3432783900
f3929_28,41,,136,train,26414840,26414840,1584361800
f0434_21,41,,318,train,26414840,26414840,3696844200
f3542_00,41,,165,train,26414840,26414840,1848422100
f1602_35,41,,169,train,26414840,26414840,1980452250
f3195_04,41,,152,train,26414840,26414840,1716391950
f1727_36,41,,19,train,26414840,26414840,132030150
f2319_77,41,,172,train,26414840,26414840,1980452250
f2437_50,41,,166,train,26414840,26414840,1848422100
f1989_45,41,,154,train,26414840,26414840,1716391950
f1823_43,41,,92,train,26414840,26414840,1056241200
f2574_64,41,,162,train,26414840,26414840,1848422100
f0299_33,41,,310,train,26414840,26414840,3564814050
f0565_03,41,,337,train,26414840,26414840,3960904500
f2511_52,41,,182,train,26414840,26414840,2112482400
f0631_03,41,,390,train,26414840,26414840,4621055250
f0392_15,41,,393,train,26414840,26414840,4621055250
f4073_38,41,,177,train,26414840,26414840,1980452250
f1665_00,41,,120,train,26414840,26414840,1320301500
f0907_00,42,,280,train,26414840,26414840,3300753750
f2329_94,42,,117,train,26414840,26414840,1320301500
f1167_31,42,,296,train,26414840,26414840,3432783900
f0478_10,42,,349,train,26414840,26414840,4092934650
f0060_43,42,,304,train,26414840,26414840,3564814050
f0147_13,42,,355,train,26414840,26414840,4092934650
f2278_93,42,,140,train,26414840,26414840,1584361800
f1420_00,42,,357,train,26414840,26414840,4224964800
f1705_41,42,,179,train,26414840,26414840,2112482400
f3610_45,42,,177,train,26414840,26414840,1980452250
f4072_44,42,,176,train,26414840,26414840,1980452250
f0588_19,42,,379,train,26414840,26414840,4489025100
f2233_79,42,,173,train,26414840,26414840,1980452250
f0735_17,42,,342,train,26414840,26414840,3960904500
f0037_16,42,,404,train,26414840,26414840,4753085400
f2517_63,42,,176,train,26414840,26414840,1980452250
f0952_49,42,,365,train,26414840,26414840,4224964800
f1174_47,42,,241,train,26414840,26414840,2772633150
f0176_30,42,,302,train,26414840,26414840,3564814050
f2437_50,42,,166,train,26414840,26414840,1848422100
f0037_16,43,,404,train,26414840,26414840,4753085400
f3346_12,43,,168,train,26414840,26414840,1980452250
f0016_39,43,,313,train,26414840,26414840,3696844200
f2310_51,43,,131,train,26414840,26414840,1452331650
f0793_02,43,,358,train,26414840,26414840,4224964800
f2473_81,43,,182,train,26414840,26414840,2112482400
f3961_03,43,,113,train,26414840,26414840,1320301500
f0732_46,43,,249,train,26414840,26414840,2904663300
f1961_34,43,,136,train,26414840,26414840,1584361800
f2044_20,43,,42,train,26414840,26414840,396090450
f1948_41,43,,154,train,26414840,26414840,1716391950
f0635_33,43,,396,train,26414840,26414840,4621055250
f3904_45,43,,153,train,26414840,26414840,1716391950
f1480_24,43,,329,train,26414840,26414840,3828874350
f3420_27,43,,185,train,26414840,26414840,2112482400
f2350_98,43,,168,train,26414840,26414840,1980452250
f0907_00,43,,280,train,26414840,26414840,3300753750
f3290_01,43,,182,train,26414840,26414840,2112482400
f1674_35,43,,119,train,26414840,26414840,1320301500
f3602_12,43,,150,train,26414840,26414840,1716391950
f2363_77,44,,174,train,26414840,26414840,1980452250
f0841_10,44,,390,train,26414840,26414840,4621055250
f1417_14,44,,153,train,26414840,26414840,1716391950
f2547_96,44,,173,train,26414840,26414840,1980452250
f1294_12,44,,332,train,26414840,26414840,3828874350
f3639_43,44,,183,train,26414840,26414840,2112482400
f2207_75,44,,148,train,26414840,26414840,1716391950
f3625_17,44,,40,train,26414840,26414840,396090450
f2319_77,44,,172,train,26414840,26414840,1980452250
f1470_34,44,,339,train,26414840,26414840,3960904500
f4007_21,44,,32,train,26414840,26414840,264060300
f0314_27,44,,380,train,26414840,26414840,4489025100
f2583_71,44,,133,train,26414840,26414840,1452331650
f1326_12,44,,317,train,26414840,26414840,3696844200
f2303_66,44,,181,train,26414840,26414840,2112482400
f0732_46,44,,249,train,26414840,26414840,2904663300
f0983_14,44,,245,train,26414840,26414840,2904663300
f3986_31,44,,177,train,26414840,26414840,1980452250
f0892_23,44,,109,train,26414840,26414840,1188271350
f1546_05,44,,175,train,26414840,26414840,1980452250
f1609_27,45,,163,train,26414840,26414840,1848422100
f3907_43,45,,169,train,26414840,26414840,1980452250
f2194_63,45,,172,train,26414840,26414840,1980452250
f1326_12,45,,317,train,26414840,26414840,3696844200
f2044_20,45,,42,train,26414840,26414840,396090450
f0037_16,45,,404,train,26414840,26414840,4753085400
f0892_23,45,,109,train,26414840,26414840,1188271350
f2231_55,45,,161,train,26414840,26414840,1848422100
f0841_10,45,,390,train,26414840,26414840,4621055250
f2157_61,45,,169,train,26414840,26414840,1980452250
f1332_24,45,,267,train,26414840,26414840,3168723600
f0365_07,45,,285,train,26414840,26414840,3300753750
f0854_12,45,,375,train,26414840,26414840,4356994950
f1857_48,45,,136,train,26414840,26414840,1584361800
f1961_34,45,,136,train,26414840,26414840,1584361800
f1914_02,45,,116,train,26414840,26414840,1320301500
f2211_73,45,,164,train,26414840,26414840,1848422100
f1337_29,45,,220,train,26414840,26414840,2508572850
f2367_63,45,,152,train,26414840,26414840,1716391950
f3650_20,45,,160,train,26414840,26414840,1848422100
f1686_01,46,,113,train,26414840,26414840,1320301500
f3907_43,46,,169,train,26414840,26414840,1980452250
f2214_70,46,,181,train,26414840,26414840,2112482400
f1420_00,46,,357,train,26414840,26414840,4224964800
f2159_53,46,,171,train,26414840,26414840,1980452250
f0037_16,46,,404,train,26414840,26414840,4753085400
f0952_49,46,,365,train,26414840,26414840,4224964800
f2274_95,46,,165,train,26414840,26414840,1848422100
f0854_12,46,,375,train,26414840,26414840,4356994950
f2175_59,46,,150,train,26414840,26414840,1716391950
f1446_25,46,,281,train,26414840,26414840,3300753750
f0392_15,46,,393,train,26414840,26414840,4621055250
f0909_04,46,,271,train,26414840,26414840,3168723600
f1948_41,46,,154,train,26414840,26414840,1716391950
f2044_20,46,,42,train,26414840,26414840,396090450
f1965_23,46,,31,train,26414840,26414840,264060300
f2240_80,46,,171,train,26414840,26414840,1980452250
f1469_25,46,,266,train,26414840,26414840,3036693450
f2367_63,46,,152,train,26414840,26414840,1716391950
f3650_20,46,,160,train,26414840,26414840,1848422100
f1674_35,47,,119,train,26414840,26414840,1320301500
f3907_43,47,,169,train,26414840,26414840,1980452250
f2207_75,47,,148,train,26414840,26414840,1716391950
f1388_41,47,,160,train,26414840,26414840,1848422100
f2140_77,47,,168,train,26414840,26414840,1980452250
f0037_16,47,,404,train,26414840,26414840,4753085400
f0854_12,47,,375,train,26414840,26414840,4356994950
f2240_80,47,,171,train,26414840,26414840,1980452250
f0836_28,47,,285,train,26414840,26414840,3300753750
f2161_58,47,,169,train,26414840,26414840,1980452250
f1404_39,47,,160,train,26414840,26414840,1848422100
f0376_05,47,,375,train,26414840,26414840,4356994950
f0849_38,47,,345,train,26414840,26414840,4092934650
f1924_29,47,,99,train,26414840,26414840,1056241200
f1989_45,47,,154,train,26414840,26414840,1716391950
f1961_34,47,,136,train,26414840,26414840,1584361800
f2231_55,47,,161,train,26414840,26414840,1848422100
f1417_14,47,,153,train,26414840,26414840,1716391950
f2367_63,47,,152,train,26414840,26414840,1716391950
f3650_20,47,,160,train,26414840,26414840,1848422100
f0841_10,48,,390,train,26414840,26414840,4621055250
f3195_04,48,,152,train,26414840,26414840,1716391950
f1252_21,48,,206,train,26414840,26414840,2376542700
f3535_09,48,,178,train,26414840,26414840,2112482400
f1948_41,48,,154,train,26414840,26414840,1716391950
f2310_51,48,,131,train,26414840,26414840,1452331650
f2368_50,48,,173,train,26414840,26414840,1980452250
f1613_27,48,,173,train,26414840,26414840,1980452250
f3907_43,48,,169,train,26414840,26414840,1980452250
f2182_95,48,,165,train,26414840,26414840,1848422100
f1332_24,48,,267,train,26414840,26414840,3168723600
f2044_20,48,,42,train,26414840,26414840,396090450
f0037_16,48,,404,train,26414840,26414840,4753085400
f0849_38,48,,345,train,26414840,26414840,4092934650
f2214_70,48,,181,train,26414840,26414840,2112482400
f0818_03,48,,156,train,26414840,26414840,1848422100
f2140_77,48,,168,train,26414840,26414840,1980452250
f1326_12,48,,317,train,26414840,26414840,3696844200
f1530_18,48,,175,train,26414840,26414840,1980452250
f3883_18,48,,179,train,26414840,26414840,2112482400
f0892_23,49,,109,train,26414840,26414840,1188271350
f3207_05,49,,174,train,26414840,26414840,1980452250
f1278_22,49,,314,train,26414840,26414840,3696844200
f3542_00,49,,165,train,26414840,26414840,1848422100
f1948_41,49,,154,train,26414840,26414840,1716391950
f2329_94,49,,117,train,26414840,26414840,1320301500
f2408_73,49,,163,train,26414840,26414840,1848422100
f1619_37,49,,168,train,26414840,26414840,1980452250
f3907_43,49,,169,train,26414840,26414840,1980452250
f2206_73,49,,144,train,26414840,26414840,1584361800
f1337_29,49,,220,train,26414840,26414840,2508572850
f2046_26,49,,41,train,26414840,26414840,396090450
f0037_16,49,,404,train,26414840,26414840,4753085400
f0907_00,49,,280,train,26414840,26414840,3300753750
f2233_79,49,,173,train,26414840,26414840,1980452250
f0849_38,49,,345,train,26414840,26414840,4092934650
f2159_53,49,,171,train,26414840,26414840,1980452250
f1332_24,49,,267,train,26414840,26414840,3168723600
f1530_18,49,,175,train,26414840,26414840,1980452250
f3883_18,49,,179,train,26414840,26414840,2112482400
f2211_73,50,,164,train,26414840,26414840,1848422100
f1167_31,50,,296,train,26414840,26414840,3432783900
f3907_43,50,,169,train,26414840,26414840,1980452250
f0392_15,50,,393,train,26414840,26414840,4621055250
f3521_09,50,,164,train,26414840,26414840,1848422100
f1545_40,50,,143,train,26414840,26414840,1584361800
f3161_02,50,,177,train,26414840,26414840,1980452250
f1686_01,50,,113,train,26414840,26414840,1320301500
f2292_70,50,,172,train,26414840,26414840,1980452250
f2387_81,50,,171,train,26414840,26414840,1980452250
f1961_34,50,,136,train,26414840,26414840,1584361800
f1762_28,50,,172,train,26414840,26414840,1980452250
f2523_65,50,,176,train,26414840,26414840,1980452250
f0239_15,50,,358,train,26414840,26414840,4224964800
f0509_28,50,,247,train,26414840,26414840,2904663300
f2465_75,50,,181,train,26414840,26414840,2112482400
f0629_39,50,,328,train,26414840,26414840,3828874350
f0365_07,50,,285,train,26414840,26414840,3300753750
f4073_38,50,,177,train,26414840,26414840,1980452250
f1665_00,50,,120,train,26414840,26414840,1320301500
