7495,1,,5,train,124808,124808,249652.0
9070,1,,6,train,124808,124808,312065.0
6667,1,,6,train,124808,124808,312065.0
9845,1,,8,train,124808,124808,312065.0
3582,1,,8,train,124808,124808,312065.0
2682,1,,9,train,124808,124808,312065.0
1864,1,,9,train,124808,124808,312065.0
4742,1,,7,train,124808,124808,312065.0
4542,1,,5,train,124808,124808,249652.0
9838,1,,12,train,124808,124808,624130.0
5980,1,,5,train,124808,124808,249652.0
2058,1,,17,train,124808,124808,936195.0
877,1,,22,train,124808,124808,936195.0
1953,1,,20,train,124808,124808,936195.0
10131,1,,12,train,124808,124808,624130.0
6540,1,,20,train,124808,124808,936195.0
7828,1,,20,train,124808,124808,936195.0
5668,1,,16,train,124808,124808,624130.0
10068,1,,7,train,124808,124808,312065.0
956,1,,17,train,124808,124808,936195.0
7495,2,,5,train,124808,124808,249652.0
9070,2,,6,train,124808,124808,312065.0
6667,2,,6,train,124808,124808,312065.0
9845,2,,8,train,124808,124808,312065.0
3582,2,,8,train,124808,124808,312065.0
2682,2,,9,train,124808,124808,312065.0
1864,2,,9,train,124808,124808,312065.0
4742,2,,7,train,124808,124808,312065.0
4542,2,,5,train,124808,124808,249652.0
9838,2,,12,train,124808,124808,624130.0
5980,2,,5,train,124808,124808,249652.0
2058,2,,17,train,124808,124808,936195.0
877,2,,22,train,124808,124808,936195.0
1953,2,,20,train,124808,124808,936195.0
10131,2,,12,train,124808,124808,624130.0
6540,2,,20,train,124808,124808,936195.0
7828,2,,20,train,124808,124808,936195.0
5668,2,,16,train,124808,124808,624130.0
10068,2,,7,train,124808,124808,312065.0
956,2,,17,train,124808,124808,936195.0
7495,3,,5,train,124808,124808,249652.0
9070,3,,6,train,124808,124808,312065.0
6667,3,,6,train,124808,124808,312065.0
9845,3,,8,train,124808,124808,312065.0
3582,3,,8,train,124808,124808,312065.0
2682,3,,9,train,124808,124808,312065.0
1864,3,,9,train,124808,124808,312065.0
4742,3,,7,train,124808,124808,312065.0
4542,3,,5,train,124808,124808,249652.0
9838,3,,12,train,124808,124808,624130.0
5980,3,,5,train,124808,124808,249652.0
2058,3,,17,train,124808,124808,936195.0
877,3,,22,train,124808,124808,936195.0
1953,3,,20,train,124808,124808,936195.0
10131,3,,12,train,124808,124808,624130.0
6540,3,,20,train,124808,124808,936195.0
7828,3,,20,train,124808,124808,936195.0
5668,3,,16,train,124808,124808,624130.0
10068,3,,7,train,124808,124808,312065.0
956,3,,17,train,124808,124808,936195.0
7495,4,,5,train,124808,124808,249652.0
9070,4,,6,train,124808,124808,312065.0
6667,4,,6,train,124808,124808,312065.0
9845,4,,8,train,124808,124808,312065.0
3582,4,,8,train,124808,124808,312065.0
2682,4,,9,train,124808,124808,312065.0
1864,4,,9,train,124808,124808,312065.0
4742,4,,7,train,124808,124808,312065.0
4542,4,,5,train,124808,124808,249652.0
9838,4,,12,train,124808,124808,624130.0
5980,4,,5,train,124808,124808,249652.0
2058,4,,17,train,124808,124808,936195.0
877,4,,22,train,124808,124808,936195.0
1953,4,,20,train,124808,124808,936195.0
10131,4,,12,train,124808,124808,624130.0
6540,4,,20,train,124808,124808,936195.0
7828,4,,20,train,124808,124808,936195.0
5668,4,,16,train,124808,124808,624130.0
10068,4,,7,train,124808,124808,312065.0
956,4,,17,train,124808,124808,936195.0
7495,5,,5,train,124808,124808,249652.0
9070,5,,6,train,124808,124808,312065.0
6667,5,,6,train,124808,124808,312065.0
9845,5,,8,train,124808,124808,312065.0
3582,5,,8,train,124808,124808,312065.0
2682,5,,9,train,124808,124808,312065.0
1864,5,,9,train,124808,124808,312065.0
4742,5,,7,train,124808,124808,312065.0
4542,5,,5,train,124808,124808,249652.0
9838,5,,12,train,124808,124808,624130.0
5980,5,,5,train,124808,124808,249652.0
2058,5,,17,train,124808,124808,936195.0
877,5,,22,train,124808,124808,936195.0
1953,5,,20,train,124808,124808,936195.0
10131,5,,12,train,124808,124808,624130.0
6540,5,,20,train,124808,124808,936195.0
7828,5,,20,train,124808,124808,936195.0
5668,5,,16,train,124808,124808,624130.0
10068,5,,7,train,124808,124808,312065.0
956,5,,17,train,124808,124808,936195.0
7495,6,,5,train,124808,124808,249652.0
9070,6,,6,train,124808,124808,312065.0
6667,6,,6,train,124808,124808,312065.0
9845,6,,8,train,124808,124808,312065.0
3582,6,,8,train,124808,124808,312065.0
2682,6,,9,train,124808,124808,312065.0
1864,6,,9,train,124808,124808,312065.0
4742,6,,7,train,124808,124808,312065.0
4542,6,,5,train,124808,124808,249652.0
9838,6,,12,train,124808,124808,624130.0
5980,6,,5,train,124808,124808,249652.0
2058,6,,17,train,124808,124808,936195.0
877,6,,22,train,124808,124808,936195.0
1953,6,,20,train,124808,124808,936195.0
10131,6,,12,train,124808,124808,624130.0
6540,6,,20,train,124808,124808,936195.0
7828,6,,20,train,124808,124808,936195.0
5668,6,,16,train,124808,124808,624130.0
10068,6,,7,train,124808,124808,312065.0
956,6,,17,train,124808,124808,936195.0
7495,7,,5,train,124808,124808,249652.0
9070,7,,6,train,124808,124808,312065.0
6667,7,,6,train,124808,124808,312065.0
9845,7,,8,train,124808,124808,312065.0
3582,7,,8,train,124808,124808,312065.0
2682,7,,9,train,124808,124808,312065.0
1864,7,,9,train,124808,124808,312065.0
4742,7,,7,train,124808,124808,312065.0
4542,7,,5,train,124808,124808,249652.0
9838,7,,12,train,124808,124808,624130.0
5980,7,,5,train,124808,124808,249652.0
2058,7,,17,train,124808,124808,936195.0
877,7,,22,train,124808,124808,936195.0
1953,7,,20,train,124808,124808,936195.0
10131,7,,12,train,124808,124808,624130.0
6540,7,,20,train,124808,124808,936195.0
7828,7,,20,train,124808,124808,936195.0
5668,7,,16,train,124808,124808,624130.0
10068,7,,7,train,124808,124808,312065.0
956,7,,17,train,124808,124808,936195.0
7495,8,,5,train,124808,124808,249652.0
9070,8,,6,train,124808,124808,312065.0
6667,8,,6,train,124808,124808,312065.0
9845,8,,8,train,124808,124808,312065.0
3582,8,,8,train,124808,124808,312065.0
2682,8,,9,train,124808,124808,312065.0
1864,8,,9,train,124808,124808,312065.0
4742,8,,7,train,124808,124808,312065.0
4542,8,,5,train,124808,124808,249652.0
9838,8,,12,train,124808,124808,624130.0
5980,8,,5,train,124808,124808,249652.0
2058,8,,17,train,124808,124808,936195.0
877,8,,22,train,124808,124808,936195.0
1953,8,,20,train,124808,124808,936195.0
10131,8,,12,train,124808,124808,624130.0
6540,8,,20,train,124808,124808,936195.0
7828,8,,20,train,124808,124808,936195.0
5668,8,,16,train,124808,124808,624130.0
10068,8,,7,train,124808,124808,312065.0
956,8,,17,train,124808,124808,936195.0
7495,9,,5,train,124808,124808,249652.0
9070,9,,6,train,124808,124808,312065.0
6667,9,,6,train,124808,124808,312065.0
9845,9,,8,train,124808,124808,312065.0
3582,9,,8,train,124808,124808,312065.0
2682,9,,9,train,124808,124808,312065.0
1864,9,,9,train,124808,124808,312065.0
4742,9,,7,train,124808,124808,312065.0
4542,9,,5,train,124808,124808,249652.0
9838,9,,12,train,124808,124808,624130.0
5980,9,,5,train,124808,124808,249652.0
2058,9,,17,train,124808,124808,936195.0
877,9,,22,train,124808,124808,936195.0
1953,9,,20,train,124808,124808,936195.0
10131,9,,12,train,124808,124808,624130.0
6540,9,,20,train,124808,124808,936195.0
7828,9,,20,train,124808,124808,936195.0
5668,9,,16,train,124808,124808,624130.0
10068,9,,7,train,124808,124808,312065.0
956,9,,17,train,124808,124808,936195.0
7495,10,,5,train,124808,124808,249652.0
9070,10,,6,train,124808,124808,312065.0
6667,10,,6,train,124808,124808,312065.0
9845,10,,8,train,124808,124808,312065.0
3582,10,,8,train,124808,124808,312065.0
2682,10,,9,train,124808,124808,312065.0
1864,10,,9,train,124808,124808,312065.0
4742,10,,7,train,124808,124808,312065.0
4542,10,,5,train,124808,124808,249652.0
9838,10,,12,train,124808,124808,624130.0
5980,10,,5,train,124808,124808,249652.0
2058,10,,17,train,124808,124808,936195.0
877,10,,22,train,124808,124808,936195.0
1953,10,,20,train,124808,124808,936195.0
10131,10,,12,train,124808,124808,624130.0
6540,10,,20,train,124808,124808,936195.0
7828,10,,20,train,124808,124808,936195.0
5668,10,,16,train,124808,124808,624130.0
10068,10,,7,train,124808,124808,312065.0
956,10,,17,train,124808,124808,936195.0
7495,11,,5,train,124808,124808,249652.0
9070,11,,6,train,124808,124808,312065.0
6667,11,,6,train,124808,124808,312065.0
9845,11,,8,train,124808,124808,312065.0
3582,11,,8,train,124808,124808,312065.0
2682,11,,9,train,124808,124808,312065.0
1864,11,,9,train,124808,124808,312065.0
4742,11,,7,train,124808,124808,312065.0
4542,11,,5,train,124808,124808,249652.0
9838,11,,12,train,124808,124808,624130.0
5980,11,,5,train,124808,124808,249652.0
2058,11,,17,train,124808,124808,936195.0
877,11,,22,train,124808,124808,936195.0
1953,11,,20,train,124808,124808,936195.0
10131,11,,12,train,124808,124808,624130.0
6540,11,,20,train,124808,124808,936195.0
7828,11,,20,train,124808,124808,936195.0
5668,11,,16,train,124808,124808,624130.0
10068,11,,7,train,124808,124808,312065.0
956,11,,17,train,124808,124808,936195.0
7495,12,,5,train,124808,124808,249652.0
9070,12,,6,train,124808,124808,312065.0
6667,12,,6,train,124808,124808,312065.0
9845,12,,8,train,124808,124808,312065.0
3582,12,,8,train,124808,124808,312065.0
2682,12,,9,train,124808,124808,312065.0
1864,12,,9,train,124808,124808,312065.0
4742,12,,7,train,124808,124808,312065.0
4542,12,,5,train,124808,124808,249652.0
9838,12,,12,train,124808,124808,624130.0
5980,12,,5,train,124808,124808,249652.0
2058,12,,17,train,124808,124808,936195.0
877,12,,22,train,124808,124808,936195.0
1953,12,,20,train,124808,124808,936195.0
10131,12,,12,train,124808,124808,624130.0
6540,12,,20,train,124808,124808,936195.0
7828,12,,20,train,124808,124808,936195.0
5668,12,,16,train,124808,124808,624130.0
10068,12,,7,train,124808,124808,312065.0
956,12,,17,train,124808,124808,936195.0
7495,13,,5,train,124808,124808,249652.0
9070,13,,6,train,124808,124808,312065.0
6667,13,,6,train,124808,124808,312065.0
9845,13,,8,train,124808,124808,312065.0
3582,13,,8,train,124808,124808,312065.0
2682,13,,9,train,124808,124808,312065.0
1864,13,,9,train,124808,124808,312065.0
4742,13,,7,train,124808,124808,312065.0
4542,13,,5,train,124808,124808,249652.0
9838,13,,12,train,124808,124808,624130.0
5980,13,,5,train,124808,124808,249652.0
2058,13,,17,train,124808,124808,936195.0
877,13,,22,train,124808,124808,936195.0
1953,13,,20,train,124808,124808,936195.0
10131,13,,12,train,124808,124808,624130.0
6540,13,,20,train,124808,124808,936195.0
7828,13,,20,train,124808,124808,936195.0
5668,13,,16,train,124808,124808,624130.0
10068,13,,7,train,124808,124808,312065.0
956,13,,17,train,124808,124808,936195.0
7495,14,,5,train,124808,124808,249652.0
9070,14,,6,train,124808,124808,312065.0
6667,14,,6,train,124808,124808,312065.0
9845,14,,8,train,124808,124808,312065.0
3582,14,,8,train,124808,124808,312065.0
2682,14,,9,train,124808,124808,312065.0
1864,14,,9,train,124808,124808,312065.0
4742,14,,7,train,124808,124808,312065.0
4542,14,,5,train,124808,124808,249652.0
9838,14,,12,train,124808,124808,624130.0
5980,14,,5,train,124808,124808,249652.0
2058,14,,17,train,124808,124808,936195.0
877,14,,22,train,124808,124808,936195.0
1953,14,,20,train,124808,124808,936195.0
10131,14,,12,train,124808,124808,624130.0
6540,14,,20,train,124808,124808,936195.0
7828,14,,20,train,124808,124808,936195.0
5668,14,,16,train,124808,124808,624130.0
10068,14,,7,train,124808,124808,312065.0
956,14,,17,train,124808,124808,936195.0
7495,15,,5,train,124808,124808,249652.0
9070,15,,6,train,124808,124808,312065.0
6667,15,,6,train,124808,124808,312065.0
9845,15,,8,train,124808,124808,312065.0
3582,15,,8,train,124808,124808,312065.0
2682,15,,9,train,124808,124808,312065.0
1864,15,,9,train,124808,124808,312065.0
4742,15,,7,train,124808,124808,312065.0
4542,15,,5,train,124808,124808,249652.0
9838,15,,12,train,124808,124808,624130.0
5980,15,,5,train,124808,124808,249652.0
2058,15,,17,train,124808,124808,936195.0
877,15,,22,train,124808,124808,936195.0
1953,15,,20,train,124808,124808,936195.0
10131,15,,12,train,124808,124808,624130.0
6540,15,,20,train,124808,124808,936195.0
7828,15,,20,train,124808,124808,936195.0
5668,15,,16,train,124808,124808,624130.0
10068,15,,7,train,124808,124808,312065.0
956,15,,17,train,124808,124808,936195.0
7495,16,,5,train,124808,124808,249652.0
9070,16,,6,train,124808,124808,312065.0
6667,16,,6,train,124808,124808,312065.0
9845,16,,8,train,124808,124808,312065.0
3582,16,,8,train,124808,124808,312065.0
2682,16,,9,train,124808,124808,312065.0
1864,16,,9,train,124808,124808,312065.0
4742,16,,7,train,124808,124808,312065.0
4542,16,,5,train,124808,124808,249652.0
9838,16,,12,train,124808,124808,624130.0
5980,16,,5,train,124808,124808,249652.0
2058,16,,17,train,124808,124808,936195.0
877,16,,22,train,124808,124808,936195.0
1953,16,,20,train,124808,124808,936195.0
10131,16,,12,train,124808,124808,624130.0
6540,16,,20,train,124808,124808,936195.0
7828,16,,20,train,124808,124808,936195.0
5668,16,,16,train,124808,124808,624130.0
10068,16,,7,train,124808,124808,312065.0
956,16,,17,train,124808,124808,936195.0
7495,17,,5,train,124808,124808,249652.0
9070,17,,6,train,124808,124808,312065.0
6667,17,,6,train,124808,124808,312065.0
9845,17,,8,train,124808,124808,312065.0
3582,17,,8,train,124808,124808,312065.0
2682,17,,9,train,124808,124808,312065.0
1864,17,,9,train,124808,124808,312065.0
4742,17,,7,train,124808,124808,312065.0
4542,17,,5,train,124808,124808,249652.0
9838,17,,12,train,124808,124808,624130.0
5980,17,,5,train,124808,124808,249652.0
2058,17,,17,train,124808,124808,936195.0
877,17,,22,train,124808,124808,936195.0
1953,17,,20,train,124808,124808,936195.0
10131,17,,12,train,124808,124808,624130.0
6540,17,,20,train,124808,124808,936195.0
7828,17,,20,train,124808,124808,936195.0
5668,17,,16,train,124808,124808,624130.0
10068,17,,7,train,124808,124808,312065.0
956,17,,17,train,124808,124808,936195.0
7495,18,,5,train,124808,124808,249652.0
9070,18,,6,train,124808,124808,312065.0
6667,18,,6,train,124808,124808,312065.0
9845,18,,8,train,124808,124808,312065.0
3582,18,,8,train,124808,124808,312065.0
2682,18,,9,train,124808,124808,312065.0
1864,18,,9,train,124808,124808,312065.0
4742,18,,7,train,124808,124808,312065.0
4542,18,,5,train,124808,124808,249652.0
9838,18,,12,train,124808,124808,624130.0
5980,18,,5,train,124808,124808,249652.0
2058,18,,17,train,124808,124808,936195.0
877,18,,22,train,124808,124808,936195.0
1953,18,,20,train,124808,124808,936195.0
10131,18,,12,train,124808,124808,624130.0
6540,18,,20,train,124808,124808,936195.0
7828,18,,20,train,124808,124808,936195.0
5668,18,,16,train,124808,124808,624130.0
10068,18,,7,train,124808,124808,312065.0
956,18,,17,train,124808,124808,936195.0
7495,19,,5,train,124808,124808,249652.0
9070,19,,6,train,124808,124808,312065.0
6667,19,,6,train,124808,124808,312065.0
9845,19,,8,train,124808,124808,312065.0
3582,19,,8,train,124808,124808,312065.0
2682,19,,9,train,124808,124808,312065.0
1864,19,,9,train,124808,124808,312065.0
4742,19,,7,train,124808,124808,312065.0
4542,19,,5,train,124808,124808,249652.0
9838,19,,12,train,124808,124808,624130.0
5980,19,,5,train,124808,124808,249652.0
2058,19,,17,train,124808,124808,936195.0
877,19,,22,train,124808,124808,936195.0
1953,19,,20,train,124808,124808,936195.0
10131,19,,12,train,124808,124808,624130.0
6540,19,,20,train,124808,124808,936195.0
7828,19,,20,train,124808,124808,936195.0
5668,19,,16,train,124808,124808,624130.0
10068,19,,7,train,124808,124808,312065.0
956,19,,17,train,124808,124808,936195.0
7495,20,,5,train,124808,124808,249652.0
9070,20,,6,train,124808,124808,312065.0
6667,20,,6,train,124808,124808,312065.0
9845,20,,8,train,124808,124808,312065.0
3582,20,,8,train,124808,124808,312065.0
2682,20,,9,train,124808,124808,312065.0
1864,20,,9,train,124808,124808,312065.0
4742,20,,7,train,124808,124808,312065.0
4542,20,,5,train,124808,124808,249652.0
9838,20,,12,train,124808,124808,624130.0
5980,20,,5,train,124808,124808,249652.0
2058,20,,17,train,124808,124808,936195.0
877,20,,22,train,124808,124808,936195.0
1953,20,,20,train,124808,124808,936195.0
10131,20,,12,train,124808,124808,624130.0
6540,20,,20,train,124808,124808,936195.0
7828,20,,20,train,124808,124808,936195.0
5668,20,,16,train,124808,124808,624130.0
10068,20,,7,train,124808,124808,312065.0
956,20,,17,train,124808,124808,936195.0
7495,21,,5,train,124808,124808,249652.0
9070,21,,6,train,124808,124808,312065.0
6667,21,,6,train,124808,124808,312065.0
9845,21,,8,train,124808,124808,312065.0
3582,21,,8,train,124808,124808,312065.0
2682,21,,9,train,124808,124808,312065.0
1864,21,,9,train,124808,124808,312065.0
4742,21,,7,train,124808,124808,312065.0
4542,21,,5,train,124808,124808,249652.0
9838,21,,12,train,124808,124808,624130.0
5980,21,,5,train,124808,124808,249652.0
2058,21,,17,train,124808,124808,936195.0
877,21,,22,train,124808,124808,936195.0
1953,21,,20,train,124808,124808,936195.0
10131,21,,12,train,124808,124808,624130.0
6540,21,,20,train,124808,124808,936195.0
7828,21,,20,train,124808,124808,936195.0
5668,21,,16,train,124808,124808,624130.0
10068,21,,7,train,124808,124808,312065.0
956,21,,17,train,124808,124808,936195.0
7495,22,,5,train,124808,124808,249652.0
9070,22,,6,train,124808,124808,312065.0
6667,22,,6,train,124808,124808,312065.0
9845,22,,8,train,124808,124808,312065.0
3582,22,,8,train,124808,124808,312065.0
2682,22,,9,train,124808,124808,312065.0
1864,22,,9,train,124808,124808,312065.0
4742,22,,7,train,124808,124808,312065.0
4542,22,,5,train,124808,124808,249652.0
9838,22,,12,train,124808,124808,624130.0
5980,22,,5,train,124808,124808,249652.0
2058,22,,17,train,124808,124808,936195.0
877,22,,22,train,124808,124808,936195.0
1953,22,,20,train,124808,124808,936195.0
10131,22,,12,train,124808,124808,624130.0
6540,22,,20,train,124808,124808,936195.0
7828,22,,20,train,124808,124808,936195.0
5668,22,,16,train,124808,124808,624130.0
10068,22,,7,train,124808,124808,312065.0
956,22,,17,train,124808,124808,936195.0
7495,23,,5,train,124808,124808,249652.0
9070,23,,6,train,124808,124808,312065.0
6667,23,,6,train,124808,124808,312065.0
9845,23,,8,train,124808,124808,312065.0
3582,23,,8,train,124808,124808,312065.0
2682,23,,9,train,124808,124808,312065.0
1864,23,,9,train,124808,124808,312065.0
4742,23,,7,train,124808,124808,312065.0
4542,23,,5,train,124808,124808,249652.0
9838,23,,12,train,124808,124808,624130.0
5980,23,,5,train,124808,124808,249652.0
2058,23,,17,train,124808,124808,936195.0
877,23,,22,train,124808,124808,936195.0
1953,23,,20,train,124808,124808,936195.0
10131,23,,12,train,124808,124808,624130.0
6540,23,,20,train,124808,124808,936195.0
7828,23,,20,train,124808,124808,936195.0
5668,23,,16,train,124808,124808,624130.0
10068,23,,7,train,124808,124808,312065.0
956,23,,17,train,124808,124808,936195.0
7495,24,,5,train,124808,124808,249652.0
9070,24,,6,train,124808,124808,312065.0
6667,24,,6,train,124808,124808,312065.0
9845,24,,8,train,124808,124808,312065.0
3582,24,,8,train,124808,124808,312065.0
2682,24,,9,train,124808,124808,312065.0
1864,24,,9,train,124808,124808,312065.0
4742,24,,7,train,124808,124808,312065.0
4542,24,,5,train,124808,124808,249652.0
9838,24,,12,train,124808,124808,624130.0
5980,24,,5,train,124808,124808,249652.0
2058,24,,17,train,124808,124808,936195.0
877,24,,22,train,124808,124808,936195.0
1953,24,,20,train,124808,124808,936195.0
10131,24,,12,train,124808,124808,624130.0
6540,24,,20,train,124808,124808,936195.0
7828,24,,20,train,124808,124808,936195.0
5668,24,,16,train,124808,124808,624130.0
10068,24,,7,train,124808,124808,312065.0
956,24,,17,train,124808,124808,936195.0
7495,25,,5,train,124808,124808,249652.0
9070,25,,6,train,124808,124808,312065.0
6667,25,,6,train,124808,124808,312065.0
9845,25,,8,train,124808,124808,312065.0
3582,25,,8,train,124808,124808,312065.0
2682,25,,9,train,124808,124808,312065.0
1864,25,,9,train,124808,124808,312065.0
4742,25,,7,train,124808,124808,312065.0
4542,25,,5,train,124808,124808,249652.0
9838,25,,12,train,124808,124808,624130.0
5980,25,,5,train,124808,124808,249652.0
2058,25,,17,train,124808,124808,936195.0
877,25,,22,train,124808,124808,936195.0
1953,25,,20,train,124808,124808,936195.0
10131,25,,12,train,124808,124808,624130.0
6540,25,,20,train,124808,124808,936195.0
7828,25,,20,train,124808,124808,936195.0
5668,25,,16,train,124808,124808,624130.0
10068,25,,7,train,124808,124808,312065.0
956,25,,17,train,124808,124808,936195.0
7495,26,,5,train,124808,124808,249652.0
9070,26,,6,train,124808,124808,312065.0
6667,26,,6,train,124808,124808,312065.0
9845,26,,8,train,124808,124808,312065.0
3582,26,,8,train,124808,124808,312065.0
2682,26,,9,train,124808,124808,312065.0
1864,26,,9,train,124808,124808,312065.0
4742,26,,7,train,124808,124808,312065.0
4542,26,,5,train,124808,124808,249652.0
9838,26,,12,train,124808,124808,624130.0
5980,26,,5,train,124808,124808,249652.0
2058,26,,17,train,124808,124808,936195.0
877,26,,22,train,124808,124808,936195.0
1953,26,,20,train,124808,124808,936195.0
10131,26,,12,train,124808,124808,624130.0
6540,26,,20,train,124808,124808,936195.0
7828,26,,20,train,124808,124808,936195.0
5668,26,,16,train,124808,124808,624130.0
10068,26,,7,train,124808,124808,312065.0
956,26,,17,train,124808,124808,936195.0
7495,27,,5,train,124808,124808,249652.0
9070,27,,6,train,124808,124808,312065.0
6667,27,,6,train,124808,124808,312065.0
9845,27,,8,train,124808,124808,312065.0
3582,27,,8,train,124808,124808,312065.0
2682,27,,9,train,124808,124808,312065.0
1864,27,,9,train,124808,124808,312065.0
4742,27,,7,train,124808,124808,312065.0
4542,27,,5,train,124808,124808,249652.0
9838,27,,12,train,124808,124808,624130.0
5980,27,,5,train,124808,124808,249652.0
2058,27,,17,train,124808,124808,936195.0
877,27,,22,train,124808,124808,936195.0
1953,27,,20,train,124808,124808,936195.0
10131,27,,12,train,124808,124808,624130.0
6540,27,,20,train,124808,124808,936195.0
7828,27,,20,train,124808,124808,936195.0
5668,27,,16,train,124808,124808,624130.0
10068,27,,7,train,124808,124808,312065.0
956,27,,17,train,124808,124808,936195.0
7495,28,,5,train,124808,124808,249652.0
9070,28,,6,train,124808,124808,312065.0
6667,28,,6,train,124808,124808,312065.0
9845,28,,8,train,124808,124808,312065.0
3582,28,,8,train,124808,124808,312065.0
2682,28,,9,train,124808,124808,312065.0
1864,28,,9,train,124808,124808,312065.0
4742,28,,7,train,124808,124808,312065.0
4542,28,,5,train,124808,124808,249652.0
9838,28,,12,train,124808,124808,624130.0
5980,28,,5,train,124808,124808,249652.0
2058,28,,17,train,124808,124808,936195.0
877,28,,22,train,124808,124808,936195.0
1953,28,,20,train,124808,124808,936195.0
10131,28,,12,train,124808,124808,624130.0
6540,28,,20,train,124808,124808,936195.0
7828,28,,20,train,124808,124808,936195.0
5668,28,,16,train,124808,124808,624130.0
10068,28,,7,train,124808,124808,312065.0
956,28,,17,train,124808,124808,936195.0
7495,29,,5,train,124808,124808,249652.0
9070,29,,6,train,124808,124808,312065.0
6667,29,,6,train,124808,124808,312065.0
9845,29,,8,train,124808,124808,312065.0
3582,29,,8,train,124808,124808,312065.0
2682,29,,9,train,124808,124808,312065.0
1864,29,,9,train,124808,124808,312065.0
4742,29,,7,train,124808,124808,312065.0
4542,29,,5,train,124808,124808,249652.0
9838,29,,12,train,124808,124808,624130.0
5980,29,,5,train,124808,124808,249652.0
2058,29,,17,train,124808,124808,936195.0
877,29,,22,train,124808,124808,936195.0
1953,29,,20,train,124808,124808,936195.0
10131,29,,12,train,124808,124808,624130.0
6540,29,,20,train,124808,124808,936195.0
7828,29,,20,train,124808,124808,936195.0
5668,29,,16,train,124808,124808,624130.0
10068,29,,7,train,124808,124808,312065.0
956,29,,17,train,124808,124808,936195.0
7495,30,,5,train,124808,124808,249652.0
9070,30,,6,train,124808,124808,312065.0
6667,30,,6,train,124808,124808,312065.0
9845,30,,8,train,124808,124808,312065.0
3582,30,,8,train,124808,124808,312065.0
2682,30,,9,train,124808,124808,312065.0
1864,30,,9,train,124808,124808,312065.0
4742,30,,7,train,124808,124808,312065.0
4542,30,,5,train,124808,124808,249652.0
9838,30,,12,train,124808,124808,624130.0
5980,30,,5,train,124808,124808,249652.0
2058,30,,17,train,124808,124808,936195.0
877,30,,22,train,124808,124808,936195.0
1953,30,,20,train,124808,124808,936195.0
10131,30,,12,train,124808,124808,624130.0
6540,30,,20,train,124808,124808,936195.0
7828,30,,20,train,124808,124808,936195.0
5668,30,,16,train,124808,124808,624130.0
10068,30,,7,train,124808,124808,312065.0
956,30,,17,train,124808,124808,936195.0
7495,31,,5,train,124808,124808,249652.0
9070,31,,6,train,124808,124808,312065.0
6667,31,,6,train,124808,124808,312065.0
9845,31,,8,train,124808,124808,312065.0
3582,31,,8,train,124808,124808,312065.0
2682,31,,9,train,124808,124808,312065.0
1864,31,,9,train,124808,124808,312065.0
4742,31,,7,train,124808,124808,312065.0
4542,31,,5,train,124808,124808,249652.0
9838,31,,12,train,124808,124808,624130.0
5980,31,,5,train,124808,124808,249652.0
2058,31,,17,train,124808,124808,936195.0
877,31,,22,train,124808,124808,936195.0
1953,31,,20,train,124808,124808,936195.0
10131,31,,12,train,124808,124808,624130.0
6540,31,,20,train,124808,124808,936195.0
7828,31,,20,train,124808,124808,936195.0
5668,31,,16,train,124808,124808,624130.0
10068,31,,7,train,124808,124808,312065.0
956,31,,17,train,124808,124808,936195.0
7495,32,,5,train,124808,124808,249652.0
9070,32,,6,train,124808,124808,312065.0
6667,32,,6,train,124808,124808,312065.0
9845,32,,8,train,124808,124808,312065.0
3582,32,,8,train,124808,124808,312065.0
2682,32,,9,train,124808,124808,312065.0
1864,32,,9,train,124808,124808,312065.0
4742,32,,7,train,124808,124808,312065.0
4542,32,,5,train,124808,124808,249652.0
9838,32,,12,train,124808,124808,624130.0
5980,32,,5,train,124808,124808,249652.0
2058,32,,17,train,124808,124808,936195.0
877,32,,22,train,124808,124808,936195.0
1953,32,,20,train,124808,124808,936195.0
10131,32,,12,train,124808,124808,624130.0
6540,32,,20,train,124808,124808,936195.0
7828,32,,20,train,124808,124808,936195.0
5668,32,,16,train,124808,124808,624130.0
10068,32,,7,train,124808,124808,312065.0
956,32,,17,train,124808,124808,936195.0
7495,33,,5,train,124808,124808,249652.0
9070,33,,6,train,124808,124808,312065.0
6667,33,,6,train,124808,124808,312065.0
9845,33,,8,train,124808,124808,312065.0
3582,33,,8,train,124808,124808,312065.0
2682,33,,9,train,124808,124808,312065.0
1864,33,,9,train,124808,124808,312065.0
4742,33,,7,train,124808,124808,312065.0
4542,33,,5,train,124808,124808,249652.0
9838,33,,12,train,124808,124808,624130.0
5980,33,,5,train,124808,124808,249652.0
2058,33,,17,train,124808,124808,936195.0
877,33,,22,train,124808,124808,936195.0
1953,33,,20,train,124808,124808,936195.0
10131,33,,12,train,124808,124808,624130.0
6540,33,,20,train,124808,124808,936195.0
7828,33,,20,train,124808,124808,936195.0
5668,33,,16,train,124808,124808,624130.0
10068,33,,7,train,124808,124808,312065.0
956,33,,17,train,124808,124808,936195.0
7495,34,,5,train,124808,124808,249652.0
9070,34,,6,train,124808,124808,312065.0
6667,34,,6,train,124808,124808,312065.0
9845,34,,8,train,124808,124808,312065.0
3582,34,,8,train,124808,124808,312065.0
2682,34,,9,train,124808,124808,312065.0
1864,34,,9,train,124808,124808,312065.0
4742,34,,7,train,124808,124808,312065.0
4542,34,,5,train,124808,124808,249652.0
9838,34,,12,train,124808,124808,624130.0
5980,34,,5,train,124808,124808,249652.0
2058,34,,17,train,124808,124808,936195.0
877,34,,22,train,124808,124808,936195.0
1953,34,,20,train,124808,124808,936195.0
10131,34,,12,train,124808,124808,624130.0
6540,34,,20,train,124808,124808,936195.0
7828,34,,20,train,124808,124808,936195.0
5668,34,,16,train,124808,124808,624130.0
10068,34,,7,train,124808,124808,312065.0
956,34,,17,train,124808,124808,936195.0
7495,35,,5,train,124808,124808,249652.0
9070,35,,6,train,124808,124808,312065.0
6667,35,,6,train,124808,124808,312065.0
9845,35,,8,train,124808,124808,312065.0
3582,35,,8,train,124808,124808,312065.0
2682,35,,9,train,124808,124808,312065.0
1864,35,,9,train,124808,124808,312065.0
4742,35,,7,train,124808,124808,312065.0
4542,35,,5,train,124808,124808,249652.0
9838,35,,12,train,124808,124808,624130.0
5980,35,,5,train,124808,124808,249652.0
2058,35,,17,train,124808,124808,936195.0
877,35,,22,train,124808,124808,936195.0
1953,35,,20,train,124808,124808,936195.0
10131,35,,12,train,124808,124808,624130.0
6540,35,,20,train,124808,124808,936195.0
7828,35,,20,train,124808,124808,936195.0
5668,35,,16,train,124808,124808,624130.0
10068,35,,7,train,124808,124808,312065.0
956,35,,17,train,124808,124808,936195.0
7495,36,,5,train,124808,124808,249652.0
9070,36,,6,train,124808,124808,312065.0
6667,36,,6,train,124808,124808,312065.0
9845,36,,8,train,124808,124808,312065.0
3582,36,,8,train,124808,124808,312065.0
2682,36,,9,train,124808,124808,312065.0
1864,36,,9,train,124808,124808,312065.0
4742,36,,7,train,124808,124808,312065.0
4542,36,,5,train,124808,124808,249652.0
9838,36,,12,train,124808,124808,624130.0
5980,36,,5,train,124808,124808,249652.0
2058,36,,17,train,124808,124808,936195.0
877,36,,22,train,124808,124808,936195.0
1953,36,,20,train,124808,124808,936195.0
10131,36,,12,train,124808,124808,624130.0
6540,36,,20,train,124808,124808,936195.0
7828,36,,20,train,124808,124808,936195.0
5668,36,,16,train,124808,124808,624130.0
10068,36,,7,train,124808,124808,312065.0
956,36,,17,train,124808,124808,936195.0
7495,37,,5,train,124808,124808,249652.0
9070,37,,6,train,124808,124808,312065.0
6667,37,,6,train,124808,124808,312065.0
9845,37,,8,train,124808,124808,312065.0
3582,37,,8,train,124808,124808,312065.0
2682,37,,9,train,124808,124808,312065.0
1864,37,,9,train,124808,124808,312065.0
4742,37,,7,train,124808,124808,312065.0
4542,37,,5,train,124808,124808,249652.0
9838,37,,12,train,124808,124808,624130.0
5980,37,,5,train,124808,124808,249652.0
2058,37,,17,train,124808,124808,936195.0
877,37,,22,train,124808,124808,936195.0
1953,37,,20,train,124808,124808,936195.0
10131,37,,12,train,124808,124808,624130.0
6540,37,,20,train,124808,124808,936195.0
7828,37,,20,train,124808,124808,936195.0
5668,37,,16,train,124808,124808,624130.0
10068,37,,7,train,124808,124808,312065.0
956,37,,17,train,124808,124808,936195.0
7495,38,,5,train,124808,124808,249652.0
9070,38,,6,train,124808,124808,312065.0
6667,38,,6,train,124808,124808,312065.0
9845,38,,8,train,124808,124808,312065.0
3582,38,,8,train,124808,124808,312065.0
2682,38,,9,train,124808,124808,312065.0
1864,38,,9,train,124808,124808,312065.0
4742,38,,7,train,124808,124808,312065.0
4542,38,,5,train,124808,124808,249652.0
9838,38,,12,train,124808,124808,624130.0
5980,38,,5,train,124808,124808,249652.0
2058,38,,17,train,124808,124808,936195.0
877,38,,22,train,124808,124808,936195.0
1953,38,,20,train,124808,124808,936195.0
10131,38,,12,train,124808,124808,624130.0
6540,38,,20,train,124808,124808,936195.0
7828,38,,20,train,124808,124808,936195.0
5668,38,,16,train,124808,124808,624130.0
10068,38,,7,train,124808,124808,312065.0
956,38,,17,train,124808,124808,936195.0
7495,39,,5,train,124808,124808,249652.0
9070,39,,6,train,124808,124808,312065.0
6667,39,,6,train,124808,124808,312065.0
9845,39,,8,train,124808,124808,312065.0
3582,39,,8,train,124808,124808,312065.0
2682,39,,9,train,124808,124808,312065.0
1864,39,,9,train,124808,124808,312065.0
4742,39,,7,train,124808,124808,312065.0
4542,39,,5,train,124808,124808,249652.0
9838,39,,12,train,124808,124808,624130.0
5980,39,,5,train,124808,124808,249652.0
2058,39,,17,train,124808,124808,936195.0
877,39,,22,train,124808,124808,936195.0
1953,39,,20,train,124808,124808,936195.0
10131,39,,12,train,124808,124808,624130.0
6540,39,,20,train,124808,124808,936195.0
7828,39,,20,train,124808,124808,936195.0
5668,39,,16,train,124808,124808,624130.0
10068,39,,7,train,124808,124808,312065.0
956,39,,17,train,124808,124808,936195.0
7495,40,,5,train,124808,124808,249652.0
9070,40,,6,train,124808,124808,312065.0
6667,40,,6,train,124808,124808,312065.0
9845,40,,8,train,124808,124808,312065.0
3582,40,,8,train,124808,124808,312065.0
2682,40,,9,train,124808,124808,312065.0
1864,40,,9,train,124808,124808,312065.0
4742,40,,7,train,124808,124808,312065.0
4542,40,,5,train,124808,124808,249652.0
9838,40,,12,train,124808,124808,624130.0
5980,40,,5,train,124808,124808,249652.0
2058,40,,17,train,124808,124808,936195.0
877,40,,22,train,124808,124808,936195.0
1953,40,,20,train,124808,124808,936195.0
10131,40,,12,train,124808,124808,624130.0
6540,40,,20,train,124808,124808,936195.0
7828,40,,20,train,124808,124808,936195.0
5668,40,,16,train,124808,124808,624130.0
10068,40,,7,train,124808,124808,312065.0
956,40,,17,train,124808,124808,936195.0
7495,41,,5,train,124808,124808,249652.0
9070,41,,6,train,124808,124808,312065.0
6667,41,,6,train,124808,124808,312065.0
9845,41,,8,train,124808,124808,312065.0
3582,41,,8,train,124808,124808,312065.0
2682,41,,9,train,124808,124808,312065.0
1864,41,,9,train,124808,124808,312065.0
4742,41,,7,train,124808,124808,312065.0
4542,41,,5,train,124808,124808,249652.0
9838,41,,12,train,124808,124808,624130.0
5980,41,,5,train,124808,124808,249652.0
2058,41,,17,train,124808,124808,936195.0
877,41,,22,train,124808,124808,936195.0
1953,41,,20,train,124808,124808,936195.0
10131,41,,12,train,124808,124808,624130.0
6540,41,,20,train,124808,124808,936195.0
7828,41,,20,train,124808,124808,936195.0
5668,41,,16,train,124808,124808,624130.0
10068,41,,7,train,124808,124808,312065.0
956,41,,17,train,124808,124808,936195.0
7495,42,,5,train,124808,124808,249652.0
9070,42,,6,train,124808,124808,312065.0
6667,42,,6,train,124808,124808,312065.0
9845,42,,8,train,124808,124808,312065.0
3582,42,,8,train,124808,124808,312065.0
2682,42,,9,train,124808,124808,312065.0
1864,42,,9,train,124808,124808,312065.0
4742,42,,7,train,124808,124808,312065.0
4542,42,,5,train,124808,124808,249652.0
9838,42,,12,train,124808,124808,624130.0
5980,42,,5,train,124808,124808,249652.0
2058,42,,17,train,124808,124808,936195.0
877,42,,22,train,124808,124808,936195.0
1953,42,,20,train,124808,124808,936195.0
10131,42,,12,train,124808,124808,624130.0
6540,42,,20,train,124808,124808,936195.0
7828,42,,20,train,124808,124808,936195.0
5668,42,,16,train,124808,124808,624130.0
10068,42,,7,train,124808,124808,312065.0
956,42,,17,train,124808,124808,936195.0
7495,43,,5,train,124808,124808,249652.0
9070,43,,6,train,124808,124808,312065.0
6667,43,,6,train,124808,124808,312065.0
9845,43,,8,train,124808,124808,312065.0
3582,43,,8,train,124808,124808,312065.0
2682,43,,9,train,124808,124808,312065.0
1864,43,,9,train,124808,124808,312065.0
4742,43,,7,train,124808,124808,312065.0
4542,43,,5,train,124808,124808,249652.0
9838,43,,12,train,124808,124808,624130.0
5980,43,,5,train,124808,124808,249652.0
2058,43,,17,train,124808,124808,936195.0
877,43,,22,train,124808,124808,936195.0
1953,43,,20,train,124808,124808,936195.0
10131,43,,12,train,124808,124808,624130.0
6540,43,,20,train,124808,124808,936195.0
7828,43,,20,train,124808,124808,936195.0
5668,43,,16,train,124808,124808,624130.0
10068,43,,7,train,124808,124808,312065.0
956,43,,17,train,124808,124808,936195.0
7495,44,,5,train,124808,124808,249652.0
9070,44,,6,train,124808,124808,312065.0
6667,44,,6,train,124808,124808,312065.0
9845,44,,8,train,124808,124808,312065.0
3582,44,,8,train,124808,124808,312065.0
2682,44,,9,train,124808,124808,312065.0
1864,44,,9,train,124808,124808,312065.0
4742,44,,7,train,124808,124808,312065.0
4542,44,,5,train,124808,124808,249652.0
9838,44,,12,train,124808,124808,624130.0
5980,44,,5,train,124808,124808,249652.0
2058,44,,17,train,124808,124808,936195.0
877,44,,22,train,124808,124808,936195.0
1953,44,,20,train,124808,124808,936195.0
10131,44,,12,train,124808,124808,624130.0
6540,44,,20,train,124808,124808,936195.0
7828,44,,20,train,124808,124808,936195.0
5668,44,,16,train,124808,124808,624130.0
10068,44,,7,train,124808,124808,312065.0
956,44,,17,train,124808,124808,936195.0
7495,45,,5,train,124808,124808,249652.0
9070,45,,6,train,124808,124808,312065.0
6667,45,,6,train,124808,124808,312065.0
9845,45,,8,train,124808,124808,312065.0
3582,45,,8,train,124808,124808,312065.0
2682,45,,9,train,124808,124808,312065.0
1864,45,,9,train,124808,124808,312065.0
4742,45,,7,train,124808,124808,312065.0
4542,45,,5,train,124808,124808,249652.0
9838,45,,12,train,124808,124808,624130.0
5980,45,,5,train,124808,124808,249652.0
2058,45,,17,train,124808,124808,936195.0
877,45,,22,train,124808,124808,936195.0
1953,45,,20,train,124808,124808,936195.0
10131,45,,12,train,124808,124808,624130.0
6540,45,,20,train,124808,124808,936195.0
7828,45,,20,train,124808,124808,936195.0
5668,45,,16,train,124808,124808,624130.0
10068,45,,7,train,124808,124808,312065.0
956,45,,17,train,124808,124808,936195.0
7495,46,,5,train,124808,124808,249652.0
9070,46,,6,train,124808,124808,312065.0
6667,46,,6,train,124808,124808,312065.0
9845,46,,8,train,124808,124808,312065.0
3582,46,,8,train,124808,124808,312065.0
2682,46,,9,train,124808,124808,312065.0
1864,46,,9,train,124808,124808,312065.0
4742,46,,7,train,124808,124808,312065.0
4542,46,,5,train,124808,124808,249652.0
9838,46,,12,train,124808,124808,624130.0
5980,46,,5,train,124808,124808,249652.0
2058,46,,17,train,124808,124808,936195.0
877,46,,22,train,124808,124808,936195.0
1953,46,,20,train,124808,124808,936195.0
10131,46,,12,train,124808,124808,624130.0
6540,46,,20,train,124808,124808,936195.0
7828,46,,20,train,124808,124808,936195.0
5668,46,,16,train,124808,124808,624130.0
10068,46,,7,train,124808,124808,312065.0
956,46,,17,train,124808,124808,936195.0
7495,47,,5,train,124808,124808,249652.0
9070,47,,6,train,124808,124808,312065.0
6667,47,,6,train,124808,124808,312065.0
9845,47,,8,train,124808,124808,312065.0
3582,47,,8,train,124808,124808,312065.0
2682,47,,9,train,124808,124808,312065.0
1864,47,,9,train,124808,124808,312065.0
4742,47,,7,train,124808,124808,312065.0
4542,47,,5,train,124808,124808,249652.0
9838,47,,12,train,124808,124808,624130.0
5980,47,,5,train,124808,124808,249652.0
2058,47,,17,train,124808,124808,936195.0
877,47,,22,train,124808,124808,936195.0
1953,47,,20,train,124808,124808,936195.0
10131,47,,12,train,124808,124808,624130.0
6540,47,,20,train,124808,124808,936195.0
7828,47,,20,train,124808,124808,936195.0
5668,47,,16,train,124808,124808,624130.0
10068,47,,7,train,124808,124808,312065.0
956,47,,17,train,124808,124808,936195.0
7495,48,,5,train,124808,124808,249652.0
9070,48,,6,train,124808,124808,312065.0
6667,48,,6,train,124808,124808,312065.0
9845,48,,8,train,124808,124808,312065.0
3582,48,,8,train,124808,124808,312065.0
2682,48,,9,train,124808,124808,312065.0
1864,48,,9,train,124808,124808,312065.0
4742,48,,7,train,124808,124808,312065.0
4542,48,,5,train,124808,124808,249652.0
9838,48,,12,train,124808,124808,624130.0
5980,48,,5,train,124808,124808,249652.0
2058,48,,17,train,124808,124808,936195.0
877,48,,22,train,124808,124808,936195.0
1953,48,,20,train,124808,124808,936195.0
10131,48,,12,train,124808,124808,624130.0
6540,48,,20,train,124808,124808,936195.0
7828,48,,20,train,124808,124808,936195.0
5668,48,,16,train,124808,124808,624130.0
10068,48,,7,train,124808,124808,312065.0
956,48,,17,train,124808,124808,936195.0
7495,49,,5,train,124808,124808,249652.0
9070,49,,6,train,124808,124808,312065.0
6667,49,,6,train,124808,124808,312065.0
9845,49,,8,train,124808,124808,312065.0
3582,49,,8,train,124808,124808,312065.0
2682,49,,9,train,124808,124808,312065.0
1864,49,,9,train,124808,124808,312065.0
4742,49,,7,train,124808,124808,312065.0
4542,49,,5,train,124808,124808,249652.0
9838,49,,12,train,124808,124808,624130.0
5980,49,,5,train,124808,124808,249652.0
2058,49,,17,train,124808,124808,936195.0
877,49,,22,train,124808,124808,936195.0
1953,49,,20,train,124808,124808,936195.0
10131,49,,12,train,124808,124808,624130.0
6540,49,,20,train,124808,124808,936195.0
7828,49,,20,train,124808,124808,936195.0
5668,49,,16,train,124808,124808,624130.0
10068,49,,7,train,124808,124808,312065.0
956,49,,17,train,124808,124808,936195.0
7495,50,,5,train,124808,124808,249652.0
9070,50,,6,train,124808,124808,312065.0
6667,50,,6,train,124808,124808,312065.0
9845,50,,8,train,124808,124808,312065.0
3582,50,,8,train,124808,124808,312065.0
2682,50,,9,train,124808,124808,312065.0
1864,50,,9,train,124808,124808,312065.0
4742,50,,7,train,124808,124808,312065.0
4542,50,,5,train,124808,124808,249652.0
9838,50,,12,train,124808,124808,624130.0
5980,50,,5,train,124808,124808,249652.0
2058,50,,17,train,124808,124808,936195.0
877,50,,22,train,124808,124808,936195.0
1953,50,,20,train,124808,124808,936195.0
10131,50,,12,train,124808,124808,624130.0
6540,50,,20,train,124808,124808,936195.0
7828,50,,20,train,124808,124808,936195.0
5668,50,,16,train,124808,124808,624130.0
10068,50,,7,train,124808,124808,312065.0
956,50,,17,train,124808,124808,936195.0
