5119,1,,15,train,124808,124808,624130
8147,1,,7,train,124808,124808,312065
5125,1,,30,train,124808,124808,1560325
4407,1,,30,train,124808,124808,1560325
8397,1,,5,train,124808,124808,0
3906,1,,5,train,124808,124808,0
6646,1,,23,train,124808,124808,1248260
4181,1,,30,train,124808,124808,1560325
9526,1,,20,train,124808,124808,936195
2074,1,,23,train,124808,124808,1248260
8765,1,,20,train,124808,124808,936195
5086,1,,30,train,124808,124808,1560325
8096,1,,21,train,124808,124808,936195
5552,1,,30,train,124808,124808,1560325
6939,1,,19,train,124808,124808,936195
7250,1,,18,train,124808,124808,936195
6010,1,,18,train,124808,124808,936195
5694,1,,30,train,124808,124808,1560325
9711,1,,30,train,124808,124808,1560325
9961,1,,6,train,124808,124808,312065
5119,1,,15,train,124808,124808,624130
8147,1,,7,train,124808,124808,312065
5125,1,,30,train,124808,124808,1560325
4407,1,,30,train,124808,124808,1560325
8397,1,,5,train,124808,124808,0
3906,1,,5,train,124808,124808,0
6646,1,,23,train,124808,124808,1248260
4181,1,,30,train,124808,124808,1560325
9526,1,,20,train,124808,124808,936195
2074,1,,23,train,124808,124808,1248260
8765,1,,20,train,124808,124808,936195
5086,1,,30,train,124808,124808,1560325
8096,1,,21,train,124808,124808,936195
5552,1,,30,train,124808,124808,1560325
6939,1,,19,train,124808,124808,936195
7250,1,,18,train,124808,124808,936195
6010,1,,18,train,124808,124808,936195
5694,1,,30,train,124808,124808,1560325
9711,1,,30,train,124808,124808,1560325
9961,1,,6,train,124808,124808,312065
5119,1,,15,train,124808,124808,624130
8147,1,,7,train,124808,124808,312065
5125,1,,30,train,124808,124808,1560325
4407,1,,30,train,124808,124808,1560325
8397,1,,5,train,124808,124808,0
3906,1,,5,train,124808,124808,0
6646,1,,23,train,124808,124808,1248260
4181,1,,30,train,124808,124808,1560325
9526,1,,20,train,124808,124808,936195
2074,1,,23,train,124808,124808,1248260
8765,1,,20,train,124808,124808,936195
5086,1,,30,train,124808,124808,1560325
8096,1,,21,train,124808,124808,936195
5552,1,,30,train,124808,124808,1560325
6939,1,,19,train,124808,124808,936195
7250,1,,18,train,124808,124808,936195
6010,1,,18,train,124808,124808,936195
5694,1,,30,train,124808,124808,1560325
9711,1,,30,train,124808,124808,1560325
9961,1,,6,train,124808,124808,312065
5119,1,,15,train,124808,124808,624130
8147,1,,7,train,124808,124808,312065
5125,1,,30,train,124808,124808,1560325
4407,1,,30,train,124808,124808,1560325
8397,1,,5,train,124808,124808,0
3906,1,,5,train,124808,124808,0
6646,1,,23,train,124808,124808,1248260
4181,1,,30,train,124808,124808,1560325
9526,1,,20,train,124808,124808,936195
2074,1,,23,train,124808,124808,1248260
8765,1,,20,train,124808,124808,936195
5086,1,,30,train,124808,124808,1560325
8096,1,,21,train,124808,124808,936195
5552,1,,30,train,124808,124808,1560325
6939,1,,19,train,124808,124808,936195
7250,1,,18,train,124808,124808,936195
6010,1,,18,train,124808,124808,936195
5694,1,,30,train,124808,124808,1560325
9711,1,,30,train,124808,124808,1560325
9961,1,,6,train,124808,124808,312065
6194,2,,30,train,124808,124808,1560325
5735,2,,20,train,124808,124808,936195
4581,2,,20,train,124808,124808,936195
6630,2,,29,train,124808,124808,1560325
4691,2,,30,train,124808,124808,1560325
8952,2,,28,train,124808,124808,1560325
9610,2,,30,train,124808,124808,1560325
4310,2,,30,train,124808,124808,1560325
7963,2,,29,train,124808,124808,1560325
5595,2,,23,train,124808,124808,1248260
5879,2,,30,train,124808,124808,1560325
9301,2,,9,train,124808,124808,312065
1480,2,,24,train,124808,124808,1248260
1653,2,,18,train,124808,124808,936195
10135,2,,30,train,124808,124808,1560325
8337,2,,23,train,124808,124808,1248260
7835,2,,14,train,124808,124808,624130
8765,2,,20,train,124808,124808,936195
4227,2,,23,train,124808,124808,1248260
9690,2,,29,train,124808,124808,1560325
9610,3,,30,train,124808,124808,1560325
4310,3,,30,train,124808,124808,1560325
7963,3,,29,train,124808,124808,1560325
5595,3,,23,train,124808,124808,1248260
5879,3,,30,train,124808,124808,1560325
9301,3,,9,train,124808,124808,312065
1480,3,,24,train,124808,124808,1248260
1653,3,,18,train,124808,124808,936195
10135,3,,30,train,124808,124808,1560325
8337,3,,23,train,124808,124808,1248260
7835,3,,14,train,124808,124808,624130
8765,3,,20,train,124808,124808,936195
9838,3,,12,train,124808,124808,624130
8088,3,,29,train,124808,124808,1560325
4923,3,,30,train,124808,124808,1560325
7841,3,,13,train,124808,124808,624130
1929,3,,30,train,124808,124808,1560325
6572,3,,23,train,124808,124808,1248260
9686,3,,29,train,124808,124808,1560325
6366,3,,18,train,124808,124808,936195
6646,4,,23,train,124808,124808,1248260
4181,4,,30,train,124808,124808,1560325
9526,4,,20,train,124808,124808,936195
2074,4,,23,train,124808,124808,1248260
8765,4,,20,train,124808,124808,936195
5086,4,,30,train,124808,124808,1560325
8096,4,,21,train,124808,124808,936195
5552,4,,30,train,124808,124808,1560325
6939,4,,19,train,124808,124808,936195
7250,4,,18,train,124808,124808,936195
6010,4,,18,train,124808,124808,936195
5694,4,,30,train,124808,124808,1560325
7706,4,,23,train,124808,124808,1248260
1882,4,,30,train,124808,124808,1560325
2519,4,,13,train,124808,124808,624130
7460,4,,30,train,124808,124808,1560325
2763,4,,20,train,124808,124808,936195
2008,4,,19,train,124808,124808,936195
4997,4,,6,train,124808,124808,312065
3625,4,,30,train,124808,124808,1560325
6646,5,,23,train,124808,124808,1248260
4181,5,,30,train,124808,124808,1560325
9526,5,,20,train,124808,124808,936195
2074,5,,23,train,124808,124808,1248260
8765,5,,20,train,124808,124808,936195
5086,5,,30,train,124808,124808,1560325
8096,5,,21,train,124808,124808,936195
5552,5,,30,train,124808,124808,1560325
6939,5,,19,train,124808,124808,936195
7250,5,,18,train,124808,124808,936195
6010,5,,18,train,124808,124808,936195
5694,5,,30,train,124808,124808,1560325
7706,5,,23,train,124808,124808,1248260
1882,5,,30,train,124808,124808,1560325
2519,5,,13,train,124808,124808,624130
7460,5,,30,train,124808,124808,1560325
2763,5,,20,train,124808,124808,936195
2008,5,,19,train,124808,124808,936195
4997,5,,6,train,124808,124808,312065
3625,5,,30,train,124808,124808,1560325
6646,6,,23,train,124808,124808,1248260
4181,6,,30,train,124808,124808,1560325
9526,6,,20,train,124808,124808,936195
2074,6,,23,train,124808,124808,1248260
8765,6,,20,train,124808,124808,936195
5086,6,,30,train,124808,124808,1560325
8096,6,,21,train,124808,124808,936195
5552,6,,30,train,124808,124808,1560325
6939,6,,19,train,124808,124808,936195
7250,6,,18,train,124808,124808,936195
6010,6,,18,train,124808,124808,936195
5694,6,,30,train,124808,124808,1560325
7706,6,,23,train,124808,124808,1248260
1882,6,,30,train,124808,124808,1560325
2519,6,,13,train,124808,124808,624130
7460,6,,30,train,124808,124808,1560325
2763,6,,20,train,124808,124808,936195
2008,6,,19,train,124808,124808,936195
4997,6,,6,train,124808,124808,312065
3625,6,,30,train,124808,124808,1560325
6646,7,,23,train,124808,124808,1248260
4181,7,,30,train,124808,124808,1560325
9526,7,,20,train,124808,124808,936195
2074,7,,23,train,124808,124808,1248260
8765,7,,20,train,124808,124808,936195
5086,7,,30,train,124808,124808,1560325
8096,7,,21,train,124808,124808,936195
5552,7,,30,train,124808,124808,1560325
6939,7,,19,train,124808,124808,936195
7250,7,,18,train,124808,124808,936195
6010,7,,18,train,124808,124808,936195
5694,7,,30,train,124808,124808,1560325
7706,7,,23,train,124808,124808,1248260
1882,7,,30,train,124808,124808,1560325
2519,7,,13,train,124808,124808,624130
7460,7,,30,train,124808,124808,1560325
2763,7,,20,train,124808,124808,936195
2008,7,,19,train,124808,124808,936195
4997,7,,6,train,124808,124808,312065
3625,7,,30,train,124808,124808,1560325
6194,8,,30,train,124808,124808,1560325
5735,8,,20,train,124808,124808,936195
4581,8,,20,train,124808,124808,936195
6630,8,,29,train,124808,124808,1560325
4691,8,,30,train,124808,124808,1560325
8952,8,,28,train,124808,124808,1560325
9610,8,,30,train,124808,124808,1560325
4310,8,,30,train,124808,124808,1560325
7963,8,,29,train,124808,124808,1560325
5595,8,,23,train,124808,124808,1248260
5879,8,,30,train,124808,124808,1560325
9301,8,,9,train,124808,124808,312065
1480,8,,24,train,124808,124808,1248260
1653,8,,18,train,124808,124808,936195
10135,8,,30,train,124808,124808,1560325
8337,8,,23,train,124808,124808,1248260
7835,8,,14,train,124808,124808,624130
8765,8,,20,train,124808,124808,936195
4227,8,,23,train,124808,124808,1248260
9690,8,,29,train,124808,124808,1560325
7963,9,,29,train,124808,124808,1560325
5595,9,,23,train,124808,124808,1248260
5879,9,,30,train,124808,124808,1560325
9301,9,,9,train,124808,124808,312065
1480,9,,24,train,124808,124808,1248260
1653,9,,18,train,124808,124808,936195
10135,9,,30,train,124808,124808,1560325
8337,9,,23,train,124808,124808,1248260
7835,9,,14,train,124808,124808,624130
8765,9,,20,train,124808,124808,936195
9838,9,,12,train,124808,124808,624130
8088,9,,29,train,124808,124808,1560325
4923,9,,30,train,124808,124808,1560325
7841,9,,13,train,124808,124808,624130
1929,9,,30,train,124808,124808,1560325
6572,9,,23,train,124808,124808,1248260
2136,9,,30,train,124808,124808,1560325
9469,9,,7,train,124808,124808,312065
9711,9,,30,train,124808,124808,1560325
5694,9,,30,train,124808,124808,1560325
6630,10,,29,train,124808,124808,1560325
4691,10,,30,train,124808,124808,1560325
8952,10,,28,train,124808,124808,1560325
9610,10,,30,train,124808,124808,1560325
4310,10,,30,train,124808,124808,1560325
7963,10,,29,train,124808,124808,1560325
5595,10,,23,train,124808,124808,1248260
5879,10,,30,train,124808,124808,1560325
9301,10,,9,train,124808,124808,312065
1480,10,,24,train,124808,124808,1248260
1653,10,,18,train,124808,124808,936195
10135,10,,30,train,124808,124808,1560325
8337,10,,23,train,124808,124808,1248260
7835,10,,14,train,124808,124808,624130
8765,10,,20,train,124808,124808,936195
9838,10,,12,train,124808,124808,624130
8088,10,,29,train,124808,124808,1560325
4923,10,,30,train,124808,124808,1560325
9642,10,,19,train,124808,124808,936195
635,10,,7,train,124808,124808,312065
6646,11,,23,train,124808,124808,1248260
4181,11,,30,train,124808,124808,1560325
9526,11,,20,train,124808,124808,936195
2074,11,,23,train,124808,124808,1248260
8765,11,,20,train,124808,124808,936195
5086,11,,30,train,124808,124808,1560325
8096,11,,21,train,124808,124808,936195
5552,11,,30,train,124808,124808,1560325
6939,11,,19,train,124808,124808,936195
7250,11,,18,train,124808,124808,936195
6010,11,,18,train,124808,124808,936195
5694,11,,30,train,124808,124808,1560325
7706,11,,23,train,124808,124808,1248260
1882,11,,30,train,124808,124808,1560325
2519,11,,13,train,124808,124808,624130
7460,11,,30,train,124808,124808,1560325
2763,11,,20,train,124808,124808,936195
2008,11,,19,train,124808,124808,936195
4997,11,,6,train,124808,124808,312065
3625,11,,30,train,124808,124808,1560325
5119,12,,15,train,124808,124808,624130
8147,12,,7,train,124808,124808,312065
5125,12,,30,train,124808,124808,1560325
4407,12,,30,train,124808,124808,1560325
8397,12,,5,train,124808,124808,0
3906,12,,5,train,124808,124808,0
6646,12,,23,train,124808,124808,1248260
4181,12,,30,train,124808,124808,1560325
9526,12,,20,train,124808,124808,936195
2074,12,,23,train,124808,124808,1248260
8765,12,,20,train,124808,124808,936195
5086,12,,30,train,124808,124808,1560325
8096,12,,21,train,124808,124808,936195
5552,12,,30,train,124808,124808,1560325
6939,12,,19,train,124808,124808,936195
7250,12,,18,train,124808,124808,936195
6010,12,,18,train,124808,124808,936195
5694,12,,30,train,124808,124808,1560325
9711,12,,30,train,124808,124808,1560325
9961,12,,6,train,124808,124808,312065
6646,13,,23,train,124808,124808,1248260
4181,13,,30,train,124808,124808,1560325
9526,13,,20,train,124808,124808,936195
2074,13,,23,train,124808,124808,1248260
8765,13,,20,train,124808,124808,936195
5086,13,,30,train,124808,124808,1560325
8096,13,,21,train,124808,124808,936195
5552,13,,30,train,124808,124808,1560325
6939,13,,19,train,124808,124808,936195
7250,13,,18,train,124808,124808,936195
6010,13,,18,train,124808,124808,936195
5694,13,,30,train,124808,124808,1560325
7706,13,,23,train,124808,124808,1248260
1882,13,,30,train,124808,124808,1560325
2519,13,,13,train,124808,124808,624130
7460,13,,30,train,124808,124808,1560325
2763,13,,20,train,124808,124808,936195
2008,13,,19,train,124808,124808,936195
4997,13,,6,train,124808,124808,312065
3625,13,,30,train,124808,124808,1560325
6646,14,,23,train,124808,124808,1248260
4181,14,,30,train,124808,124808,1560325
9526,14,,20,train,124808,124808,936195
2074,14,,23,train,124808,124808,1248260
8765,14,,20,train,124808,124808,936195
5086,14,,30,train,124808,124808,1560325
8096,14,,21,train,124808,124808,936195
5552,14,,30,train,124808,124808,1560325
6939,14,,19,train,124808,124808,936195
7250,14,,18,train,124808,124808,936195
6010,14,,18,train,124808,124808,936195
5694,14,,30,train,124808,124808,1560325
7706,14,,23,train,124808,124808,1248260
1882,14,,30,train,124808,124808,1560325
2519,14,,13,train,124808,124808,624130
7460,14,,30,train,124808,124808,1560325
2763,14,,20,train,124808,124808,936195
2008,14,,19,train,124808,124808,936195
4997,14,,6,train,124808,124808,312065
3625,14,,30,train,124808,124808,1560325
3526,15,,22,train,124808,124808,936195
132,15,,29,train,124808,124808,1560325
3223,15,,20,train,124808,124808,936195
5119,15,,15,train,124808,124808,624130
8147,15,,7,train,124808,124808,312065
5125,15,,30,train,124808,124808,1560325
4407,15,,30,train,124808,124808,1560325
8397,15,,5,train,124808,124808,0
3906,15,,5,train,124808,124808,0
6646,15,,23,train,124808,124808,1248260
4181,15,,30,train,124808,124808,1560325
9526,15,,20,train,124808,124808,936195
2074,15,,23,train,124808,124808,1248260
8765,15,,20,train,124808,124808,936195
5086,15,,30,train,124808,124808,1560325
8096,15,,21,train,124808,124808,936195
5552,15,,30,train,124808,124808,1560325
6939,15,,19,train,124808,124808,936195
9676,15,,20,train,124808,124808,936195
6389,15,,11,train,124808,124808,312065
6630,16,,29,train,124808,124808,1560325
4691,16,,30,train,124808,124808,1560325
8952,16,,28,train,124808,124808,1560325
9610,16,,30,train,124808,124808,1560325
4310,16,,30,train,124808,124808,1560325
7963,16,,29,train,124808,124808,1560325
5595,16,,23,train,124808,124808,1248260
5879,16,,30,train,124808,124808,1560325
9301,16,,9,train,124808,124808,312065
1480,16,,24,train,124808,124808,1248260
1653,16,,18,train,124808,124808,936195
10135,16,,30,train,124808,124808,1560325
8337,16,,23,train,124808,124808,1248260
7835,16,,14,train,124808,124808,624130
8765,16,,20,train,124808,124808,936195
9838,16,,12,train,124808,124808,624130
8088,16,,29,train,124808,124808,1560325
4923,16,,30,train,124808,124808,1560325
9642,16,,19,train,124808,124808,936195
635,16,,7,train,124808,124808,312065
6646,17,,23,train,124808,124808,1248260
4181,17,,30,train,124808,124808,1560325
9526,17,,20,train,124808,124808,936195
2074,17,,23,train,124808,124808,1248260
8765,17,,20,train,124808,124808,936195
5086,17,,30,train,124808,124808,1560325
8096,17,,21,train,124808,124808,936195
5552,17,,30,train,124808,124808,1560325
6939,17,,19,train,124808,124808,936195
7250,17,,18,train,124808,124808,936195
6010,17,,18,train,124808,124808,936195
5694,17,,30,train,124808,124808,1560325
7706,17,,23,train,124808,124808,1248260
1882,17,,30,train,124808,124808,1560325
2519,17,,13,train,124808,124808,624130
7460,17,,30,train,124808,124808,1560325
2763,17,,20,train,124808,124808,936195
2008,17,,19,train,124808,124808,936195
4997,17,,6,train,124808,124808,312065
3625,17,,30,train,124808,124808,1560325
5119,18,,15,train,124808,124808,624130
8147,18,,7,train,124808,124808,312065
5125,18,,30,train,124808,124808,1560325
4407,18,,30,train,124808,124808,1560325
8397,18,,5,train,124808,124808,0
3906,18,,5,train,124808,124808,0
6646,18,,23,train,124808,124808,1248260
4181,18,,30,train,124808,124808,1560325
9526,18,,20,train,124808,124808,936195
2074,18,,23,train,124808,124808,1248260
8765,18,,20,train,124808,124808,936195
5086,18,,30,train,124808,124808,1560325
8096,18,,21,train,124808,124808,936195
5552,18,,30,train,124808,124808,1560325
6939,18,,19,train,124808,124808,936195
7250,18,,18,train,124808,124808,936195
6010,18,,18,train,124808,124808,936195
5694,18,,30,train,124808,124808,1560325
9711,18,,30,train,124808,124808,1560325
9961,18,,6,train,124808,124808,312065
6646,19,,23,train,124808,124808,1248260
4181,19,,30,train,124808,124808,1560325
9526,19,,20,train,124808,124808,936195
2074,19,,23,train,124808,124808,1248260
8765,19,,20,train,124808,124808,936195
5086,19,,30,train,124808,124808,1560325
8096,19,,21,train,124808,124808,936195
5552,19,,30,train,124808,124808,1560325
6939,19,,19,train,124808,124808,936195
7250,19,,18,train,124808,124808,936195
6010,19,,18,train,124808,124808,936195
5694,19,,30,train,124808,124808,1560325
7706,19,,23,train,124808,124808,1248260
1882,19,,30,train,124808,124808,1560325
2519,19,,13,train,124808,124808,624130
7460,19,,30,train,124808,124808,1560325
2763,19,,20,train,124808,124808,936195
2008,19,,19,train,124808,124808,936195
4997,19,,6,train,124808,124808,312065
3625,19,,30,train,124808,124808,1560325
6646,20,,23,train,124808,124808,1248260
4181,20,,30,train,124808,124808,1560325
9526,20,,20,train,124808,124808,936195
2074,20,,23,train,124808,124808,1248260
8765,20,,20,train,124808,124808,936195
5086,20,,30,train,124808,124808,1560325
8096,20,,21,train,124808,124808,936195
5552,20,,30,train,124808,124808,1560325
6939,20,,19,train,124808,124808,936195
7250,20,,18,train,124808,124808,936195
6010,20,,18,train,124808,124808,936195
5694,20,,30,train,124808,124808,1560325
7706,20,,23,train,124808,124808,1248260
1882,20,,30,train,124808,124808,1560325
2519,20,,13,train,124808,124808,624130
7460,20,,30,train,124808,124808,1560325
2763,20,,20,train,124808,124808,936195
2008,20,,19,train,124808,124808,936195
4997,20,,6,train,124808,124808,312065
3625,20,,30,train,124808,124808,1560325
6646,21,,23,train,124808,124808,1248260
4181,21,,30,train,124808,124808,1560325
9526,21,,20,train,124808,124808,936195
2074,21,,23,train,124808,124808,1248260
8765,21,,20,train,124808,124808,936195
5086,21,,30,train,124808,124808,1560325
8096,21,,21,train,124808,124808,936195
5552,21,,30,train,124808,124808,1560325
6939,21,,19,train,124808,124808,936195
7250,21,,18,train,124808,124808,936195
6010,21,,18,train,124808,124808,936195
5694,21,,30,train,124808,124808,1560325
7706,21,,23,train,124808,124808,1248260
1882,21,,30,train,124808,124808,1560325
2519,21,,13,train,124808,124808,624130
7460,21,,30,train,124808,124808,1560325
2763,21,,20,train,124808,124808,936195
2008,21,,19,train,124808,124808,936195
4997,21,,6,train,124808,124808,312065
3625,21,,30,train,124808,124808,1560325
6646,22,,23,train,124808,124808,1248260
4181,22,,30,train,124808,124808,1560325
9526,22,,20,train,124808,124808,936195
2074,22,,23,train,124808,124808,1248260
8765,22,,20,train,124808,124808,936195
5086,22,,30,train,124808,124808,1560325
8096,22,,21,train,124808,124808,936195
5552,22,,30,train,124808,124808,1560325
6939,22,,19,train,124808,124808,936195
7250,22,,18,train,124808,124808,936195
6010,22,,18,train,124808,124808,936195
5694,22,,30,train,124808,124808,1560325
7706,22,,23,train,124808,124808,1248260
1882,22,,30,train,124808,124808,1560325
2519,22,,13,train,124808,124808,624130
7460,22,,30,train,124808,124808,1560325
2763,22,,20,train,124808,124808,936195
2008,22,,19,train,124808,124808,936195
4997,22,,6,train,124808,124808,312065
3625,22,,30,train,124808,124808,1560325
6646,23,,23,train,124808,124808,1248260
4181,23,,30,train,124808,124808,1560325
9526,23,,20,train,124808,124808,936195
2074,23,,23,train,124808,124808,1248260
8765,23,,20,train,124808,124808,936195
5086,23,,30,train,124808,124808,1560325
8096,23,,21,train,124808,124808,936195
5552,23,,30,train,124808,124808,1560325
6939,23,,19,train,124808,124808,936195
7250,23,,18,train,124808,124808,936195
6010,23,,18,train,124808,124808,936195
5694,23,,30,train,124808,124808,1560325
7706,23,,23,train,124808,124808,1248260
1882,23,,30,train,124808,124808,1560325
2519,23,,13,train,124808,124808,624130
7460,23,,30,train,124808,124808,1560325
2763,23,,20,train,124808,124808,936195
2008,23,,19,train,124808,124808,936195
4997,23,,6,train,124808,124808,312065
3625,23,,30,train,124808,124808,1560325
6646,24,,23,train,124808,124808,1248260
4181,24,,30,train,124808,124808,1560325
9526,24,,20,train,124808,124808,936195
2074,24,,23,train,124808,124808,1248260
8765,24,,20,train,124808,124808,936195
5086,24,,30,train,124808,124808,1560325
8096,24,,21,train,124808,124808,936195
5552,24,,30,train,124808,124808,1560325
6939,24,,19,train,124808,124808,936195
7250,24,,18,train,124808,124808,936195
6010,24,,18,train,124808,124808,936195
5694,24,,30,train,124808,124808,1560325
7706,24,,23,train,124808,124808,1248260
1882,24,,30,train,124808,124808,1560325
2519,24,,13,train,124808,124808,624130
7460,24,,30,train,124808,124808,1560325
2763,24,,20,train,124808,124808,936195
2008,24,,19,train,124808,124808,936195
4997,24,,6,train,124808,124808,312065
3625,24,,30,train,124808,124808,1560325
6194,25,,30,train,124808,124808,1560325
5735,25,,20,train,124808,124808,936195
4581,25,,20,train,124808,124808,936195
6630,25,,29,train,124808,124808,1560325
4691,25,,30,train,124808,124808,1560325
8952,25,,28,train,124808,124808,1560325
9610,25,,30,train,124808,124808,1560325
4310,25,,30,train,124808,124808,1560325
7963,25,,29,train,124808,124808,1560325
5595,25,,23,train,124808,124808,1248260
5879,25,,30,train,124808,124808,1560325
9301,25,,9,train,124808,124808,312065
1480,25,,24,train,124808,124808,1248260
1653,25,,18,train,124808,124808,936195
10135,25,,30,train,124808,124808,1560325
8337,25,,23,train,124808,124808,1248260
7835,25,,14,train,124808,124808,624130
8765,25,,20,train,124808,124808,936195
4227,25,,23,train,124808,124808,1248260
9690,25,,29,train,124808,124808,1560325
6646,26,,23,train,124808,124808,1248260
4181,26,,30,train,124808,124808,1560325
9526,26,,20,train,124808,124808,936195
2074,26,,23,train,124808,124808,1248260
8765,26,,20,train,124808,124808,936195
5086,26,,30,train,124808,124808,1560325
8096,26,,21,train,124808,124808,936195
5552,26,,30,train,124808,124808,1560325
6939,26,,19,train,124808,124808,936195
7250,26,,18,train,124808,124808,936195
6010,26,,18,train,124808,124808,936195
5694,26,,30,train,124808,124808,1560325
7706,26,,23,train,124808,124808,1248260
1882,26,,30,train,124808,124808,1560325
2519,26,,13,train,124808,124808,624130
7460,26,,30,train,124808,124808,1560325
2763,26,,20,train,124808,124808,936195
2008,26,,19,train,124808,124808,936195
4997,26,,6,train,124808,124808,312065
3625,26,,30,train,124808,124808,1560325
6194,27,,30,train,124808,124808,1560325
5735,27,,20,train,124808,124808,936195
4581,27,,20,train,124808,124808,936195
6630,27,,29,train,124808,124808,1560325
4691,27,,30,train,124808,124808,1560325
8952,27,,28,train,124808,124808,1560325
9610,27,,30,train,124808,124808,1560325
4310,27,,30,train,124808,124808,1560325
7963,27,,29,train,124808,124808,1560325
5595,27,,23,train,124808,124808,1248260
5879,27,,30,train,124808,124808,1560325
9301,27,,9,train,124808,124808,312065
1480,27,,24,train,124808,124808,1248260
1653,27,,18,train,124808,124808,936195
10135,27,,30,train,124808,124808,1560325
8337,27,,23,train,124808,124808,1248260
7835,27,,14,train,124808,124808,624130
8765,27,,20,train,124808,124808,936195
4227,27,,23,train,124808,124808,1248260
9690,27,,29,train,124808,124808,1560325
6646,28,,23,train,124808,124808,1248260
4181,28,,30,train,124808,124808,1560325
9526,28,,20,train,124808,124808,936195
2074,28,,23,train,124808,124808,1248260
8765,28,,20,train,124808,124808,936195
5086,28,,30,train,124808,124808,1560325
8096,28,,21,train,124808,124808,936195
5552,28,,30,train,124808,124808,1560325
6939,28,,19,train,124808,124808,936195
7250,28,,18,train,124808,124808,936195
6010,28,,18,train,124808,124808,936195
5694,28,,30,train,124808,124808,1560325
7706,28,,23,train,124808,124808,1248260
1882,28,,30,train,124808,124808,1560325
2519,28,,13,train,124808,124808,624130
7460,28,,30,train,124808,124808,1560325
2763,28,,20,train,124808,124808,936195
2008,28,,19,train,124808,124808,936195
4997,28,,6,train,124808,124808,312065
3625,28,,30,train,124808,124808,1560325
6194,29,,30,train,124808,124808,1560325
5735,29,,20,train,124808,124808,936195
4581,29,,20,train,124808,124808,936195
6630,29,,29,train,124808,124808,1560325
4691,29,,30,train,124808,124808,1560325
8952,29,,28,train,124808,124808,1560325
9610,29,,30,train,124808,124808,1560325
4310,29,,30,train,124808,124808,1560325
7963,29,,29,train,124808,124808,1560325
5595,29,,23,train,124808,124808,1248260
5879,29,,30,train,124808,124808,1560325
9301,29,,9,train,124808,124808,312065
1480,29,,24,train,124808,124808,1248260
1653,29,,18,train,124808,124808,936195
10135,29,,30,train,124808,124808,1560325
8337,29,,23,train,124808,124808,1248260
7835,29,,14,train,124808,124808,624130
8765,29,,20,train,124808,124808,936195
4227,29,,23,train,124808,124808,1248260
9690,29,,29,train,124808,124808,1560325
6646,30,,23,train,124808,124808,1248260
4181,30,,30,train,124808,124808,1560325
9526,30,,20,train,124808,124808,936195
2074,30,,23,train,124808,124808,1248260
8765,30,,20,train,124808,124808,936195
5086,30,,30,train,124808,124808,1560325
8096,30,,21,train,124808,124808,936195
5552,30,,30,train,124808,124808,1560325
6939,30,,19,train,124808,124808,936195
7250,30,,18,train,124808,124808,936195
6010,30,,18,train,124808,124808,936195
5694,30,,30,train,124808,124808,1560325
7706,30,,23,train,124808,124808,1248260
1882,30,,30,train,124808,124808,1560325
2519,30,,13,train,124808,124808,624130
7460,30,,30,train,124808,124808,1560325
2763,30,,20,train,124808,124808,936195
2008,30,,19,train,124808,124808,936195
4997,30,,6,train,124808,124808,312065
3625,30,,30,train,124808,124808,1560325
6646,31,,23,train,124808,124808,1248260
4181,31,,30,train,124808,124808,1560325
9526,31,,20,train,124808,124808,936195
2074,31,,23,train,124808,124808,1248260
8765,31,,20,train,124808,124808,936195
5086,31,,30,train,124808,124808,1560325
8096,31,,21,train,124808,124808,936195
5552,31,,30,train,124808,124808,1560325
6939,31,,19,train,124808,124808,936195
7250,31,,18,train,124808,124808,936195
6010,31,,18,train,124808,124808,936195
5694,31,,30,train,124808,124808,1560325
7706,31,,23,train,124808,124808,1248260
1882,31,,30,train,124808,124808,1560325
2519,31,,13,train,124808,124808,624130
7460,31,,30,train,124808,124808,1560325
2763,31,,20,train,124808,124808,936195
2008,31,,19,train,124808,124808,936195
4997,31,,6,train,124808,124808,312065
3625,31,,30,train,124808,124808,1560325
6194,32,,30,train,124808,124808,1560325
5735,32,,20,train,124808,124808,936195
4581,32,,20,train,124808,124808,936195
6630,32,,29,train,124808,124808,1560325
4691,32,,30,train,124808,124808,1560325
8952,32,,28,train,124808,124808,1560325
9610,32,,30,train,124808,124808,1560325
4310,32,,30,train,124808,124808,1560325
7963,32,,29,train,124808,124808,1560325
5595,32,,23,train,124808,124808,1248260
5879,32,,30,train,124808,124808,1560325
9301,32,,9,train,124808,124808,312065
1480,32,,24,train,124808,124808,1248260
1653,32,,18,train,124808,124808,936195
10135,32,,30,train,124808,124808,1560325
8337,32,,23,train,124808,124808,1248260
7835,32,,14,train,124808,124808,624130
8765,32,,20,train,124808,124808,936195
4227,32,,23,train,124808,124808,1248260
9690,32,,29,train,124808,124808,1560325
6646,33,,23,train,124808,124808,1248260
4181,33,,30,train,124808,124808,1560325
9526,33,,20,train,124808,124808,936195
2074,33,,23,train,124808,124808,1248260
8765,33,,20,train,124808,124808,936195
5086,33,,30,train,124808,124808,1560325
8096,33,,21,train,124808,124808,936195
5552,33,,30,train,124808,124808,1560325
6939,33,,19,train,124808,124808,936195
7250,33,,18,train,124808,124808,936195
6010,33,,18,train,124808,124808,936195
5694,33,,30,train,124808,124808,1560325
7706,33,,23,train,124808,124808,1248260
1882,33,,30,train,124808,124808,1560325
2519,33,,13,train,124808,124808,624130
7460,33,,30,train,124808,124808,1560325
2763,33,,20,train,124808,124808,936195
2008,33,,19,train,124808,124808,936195
4997,33,,6,train,124808,124808,312065
3625,33,,30,train,124808,124808,1560325
5119,34,,15,train,124808,124808,624130
8147,34,,7,train,124808,124808,312065
5125,34,,30,train,124808,124808,1560325
4407,34,,30,train,124808,124808,1560325
8397,34,,5,train,124808,124808,0
3906,34,,5,train,124808,124808,0
6646,34,,23,train,124808,124808,1248260
4181,34,,30,train,124808,124808,1560325
9526,34,,20,train,124808,124808,936195
2074,34,,23,train,124808,124808,1248260
8765,34,,20,train,124808,124808,936195
5086,34,,30,train,124808,124808,1560325
8096,34,,21,train,124808,124808,936195
5552,34,,30,train,124808,124808,1560325
6939,34,,19,train,124808,124808,936195
7250,34,,18,train,124808,124808,936195
6010,34,,18,train,124808,124808,936195
5694,34,,30,train,124808,124808,1560325
9711,34,,30,train,124808,124808,1560325
9961,34,,6,train,124808,124808,312065
6194,35,,30,train,124808,124808,1560325
5735,35,,20,train,124808,124808,936195
4581,35,,20,train,124808,124808,936195
6630,35,,29,train,124808,124808,1560325
4691,35,,30,train,124808,124808,1560325
8952,35,,28,train,124808,124808,1560325
9610,35,,30,train,124808,124808,1560325
4310,35,,30,train,124808,124808,1560325
7963,35,,29,train,124808,124808,1560325
5595,35,,23,train,124808,124808,1248260
5879,35,,30,train,124808,124808,1560325
9301,35,,9,train,124808,124808,312065
1480,35,,24,train,124808,124808,1248260
1653,35,,18,train,124808,124808,936195
10135,35,,30,train,124808,124808,1560325
8337,35,,23,train,124808,124808,1248260
7835,35,,14,train,124808,124808,624130
8765,35,,20,train,124808,124808,936195
4227,35,,23,train,124808,124808,1248260
9690,35,,29,train,124808,124808,1560325
5119,36,,15,train,124808,124808,624130
8147,36,,7,train,124808,124808,312065
5125,36,,30,train,124808,124808,1560325
4407,36,,30,train,124808,124808,1560325
8397,36,,5,train,124808,124808,0
3906,36,,5,train,124808,124808,0
6646,36,,23,train,124808,124808,1248260
4181,36,,30,train,124808,124808,1560325
9526,36,,20,train,124808,124808,936195
2074,36,,23,train,124808,124808,1248260
8765,36,,20,train,124808,124808,936195
5086,36,,30,train,124808,124808,1560325
8096,36,,21,train,124808,124808,936195
5552,36,,30,train,124808,124808,1560325
6939,36,,19,train,124808,124808,936195
7250,36,,18,train,124808,124808,936195
6010,36,,18,train,124808,124808,936195
5694,36,,30,train,124808,124808,1560325
9711,36,,30,train,124808,124808,1560325
9961,36,,6,train,124808,124808,312065
6194,37,,30,train,124808,124808,1560325
5735,37,,20,train,124808,124808,936195
4581,37,,20,train,124808,124808,936195
6630,37,,29,train,124808,124808,1560325
4691,37,,30,train,124808,124808,1560325
8952,37,,28,train,124808,124808,1560325
9610,37,,30,train,124808,124808,1560325
4310,37,,30,train,124808,124808,1560325
7963,37,,29,train,124808,124808,1560325
5595,37,,23,train,124808,124808,1248260
5879,37,,30,train,124808,124808,1560325
9301,37,,9,train,124808,124808,312065
1480,37,,24,train,124808,124808,1248260
1653,37,,18,train,124808,124808,936195
10135,37,,30,train,124808,124808,1560325
8337,37,,23,train,124808,124808,1248260
7835,37,,14,train,124808,124808,624130
8765,37,,20,train,124808,124808,936195
4227,37,,23,train,124808,124808,1248260
9690,37,,29,train,124808,124808,1560325
6646,38,,23,train,124808,124808,1248260
4181,38,,30,train,124808,124808,1560325
9526,38,,20,train,124808,124808,936195
2074,38,,23,train,124808,124808,1248260
8765,38,,20,train,124808,124808,936195
5086,38,,30,train,124808,124808,1560325
8096,38,,21,train,124808,124808,936195
5552,38,,30,train,124808,124808,1560325
6939,38,,19,train,124808,124808,936195
7250,38,,18,train,124808,124808,936195
6010,38,,18,train,124808,124808,936195
5694,38,,30,train,124808,124808,1560325
7706,38,,23,train,124808,124808,1248260
1882,38,,30,train,124808,124808,1560325
2519,38,,13,train,124808,124808,624130
7460,38,,30,train,124808,124808,1560325
2763,38,,20,train,124808,124808,936195
2008,38,,19,train,124808,124808,936195
4997,38,,6,train,124808,124808,312065
3625,38,,30,train,124808,124808,1560325
5119,39,,15,train,124808,124808,624130
8147,39,,7,train,124808,124808,312065
5125,39,,30,train,124808,124808,1560325
4407,39,,30,train,124808,124808,1560325
8397,39,,5,train,124808,124808,0
3906,39,,5,train,124808,124808,0
6646,39,,23,train,124808,124808,1248260
4181,39,,30,train,124808,124808,1560325
9526,39,,20,train,124808,124808,936195
2074,39,,23,train,124808,124808,1248260
8765,39,,20,train,124808,124808,936195
5086,39,,30,train,124808,124808,1560325
8096,39,,21,train,124808,124808,936195
5552,39,,30,train,124808,124808,1560325
6939,39,,19,train,124808,124808,936195
7250,39,,18,train,124808,124808,936195
6010,39,,18,train,124808,124808,936195
5694,39,,30,train,124808,124808,1560325
9711,39,,30,train,124808,124808,1560325
9961,39,,6,train,124808,124808,312065
5119,40,,15,train,124808,124808,624130
8147,40,,7,train,124808,124808,312065
5125,40,,30,train,124808,124808,1560325
4407,40,,30,train,124808,124808,1560325
8397,40,,5,train,124808,124808,0
3906,40,,5,train,124808,124808,0
6646,40,,23,train,124808,124808,1248260
4181,40,,30,train,124808,124808,1560325
9526,40,,20,train,124808,124808,936195
2074,40,,23,train,124808,124808,1248260
8765,40,,20,train,124808,124808,936195
5086,40,,30,train,124808,124808,1560325
8096,40,,21,train,124808,124808,936195
5552,40,,30,train,124808,124808,1560325
6939,40,,19,train,124808,124808,936195
7250,40,,18,train,124808,124808,936195
6010,40,,18,train,124808,124808,936195
5694,40,,30,train,124808,124808,1560325
9711,40,,30,train,124808,124808,1560325
9961,40,,6,train,124808,124808,312065
5119,41,,15,train,124808,124808,624130
8147,41,,7,train,124808,124808,312065
5125,41,,30,train,124808,124808,1560325
4407,41,,30,train,124808,124808,1560325
8397,41,,5,train,124808,124808,0
3906,41,,5,train,124808,124808,0
6646,41,,23,train,124808,124808,1248260
4181,41,,30,train,124808,124808,1560325
9526,41,,20,train,124808,124808,936195
2074,41,,23,train,124808,124808,1248260
8765,41,,20,train,124808,124808,936195
5086,41,,30,train,124808,124808,1560325
8096,41,,21,train,124808,124808,936195
5552,41,,30,train,124808,124808,1560325
6939,41,,19,train,124808,124808,936195
7250,41,,18,train,124808,124808,936195
6010,41,,18,train,124808,124808,936195
5694,41,,30,train,124808,124808,1560325
9711,41,,30,train,124808,124808,1560325
9961,41,,6,train,124808,124808,312065
6194,42,,30,train,124808,124808,1560325
5735,42,,20,train,124808,124808,936195
4581,42,,20,train,124808,124808,936195
6630,42,,29,train,124808,124808,1560325
4691,42,,30,train,124808,124808,1560325
8952,42,,28,train,124808,124808,1560325
9610,42,,30,train,124808,124808,1560325
4310,42,,30,train,124808,124808,1560325
7963,42,,29,train,124808,124808,1560325
5595,42,,23,train,124808,124808,1248260
5879,42,,30,train,124808,124808,1560325
9301,42,,9,train,124808,124808,312065
1480,42,,24,train,124808,124808,1248260
1653,42,,18,train,124808,124808,936195
10135,42,,30,train,124808,124808,1560325
8337,42,,23,train,124808,124808,1248260
7835,42,,14,train,124808,124808,624130
8765,42,,20,train,124808,124808,936195
4227,42,,23,train,124808,124808,1248260
9690,42,,29,train,124808,124808,1560325
6646,43,,23,train,124808,124808,1248260
4181,43,,30,train,124808,124808,1560325
9526,43,,20,train,124808,124808,936195
2074,43,,23,train,124808,124808,1248260
8765,43,,20,train,124808,124808,936195
5086,43,,30,train,124808,124808,1560325
8096,43,,21,train,124808,124808,936195
5552,43,,30,train,124808,124808,1560325
6939,43,,19,train,124808,124808,936195
7250,43,,18,train,124808,124808,936195
6010,43,,18,train,124808,124808,936195
5694,43,,30,train,124808,124808,1560325
7706,43,,23,train,124808,124808,1248260
1882,43,,30,train,124808,124808,1560325
2519,43,,13,train,124808,124808,624130
7460,43,,30,train,124808,124808,1560325
2763,43,,20,train,124808,124808,936195
2008,43,,19,train,124808,124808,936195
4997,43,,6,train,124808,124808,312065
3625,43,,30,train,124808,124808,1560325
5119,44,,15,train,124808,124808,624130
8147,44,,7,train,124808,124808,312065
5125,44,,30,train,124808,124808,1560325
4407,44,,30,train,124808,124808,1560325
8397,44,,5,train,124808,124808,0
3906,44,,5,train,124808,124808,0
6646,44,,23,train,124808,124808,1248260
4181,44,,30,train,124808,124808,1560325
9526,44,,20,train,124808,124808,936195
2074,44,,23,train,124808,124808,1248260
8765,44,,20,train,124808,124808,936195
5086,44,,30,train,124808,124808,1560325
8096,44,,21,train,124808,124808,936195
5552,44,,30,train,124808,124808,1560325
6939,44,,19,train,124808,124808,936195
7250,44,,18,train,124808,124808,936195
6010,44,,18,train,124808,124808,936195
5694,44,,30,train,124808,124808,1560325
9711,44,,30,train,124808,124808,1560325
9961,44,,6,train,124808,124808,312065
6194,45,,30,train,124808,124808,1560325
5735,45,,20,train,124808,124808,936195
4581,45,,20,train,124808,124808,936195
6630,45,,29,train,124808,124808,1560325
4691,45,,30,train,124808,124808,1560325
8952,45,,28,train,124808,124808,1560325
9610,45,,30,train,124808,124808,1560325
4310,45,,30,train,124808,124808,1560325
7963,45,,29,train,124808,124808,1560325
5595,45,,23,train,124808,124808,1248260
5879,45,,30,train,124808,124808,1560325
9301,45,,9,train,124808,124808,312065
1480,45,,24,train,124808,124808,1248260
1653,45,,18,train,124808,124808,936195
10135,45,,30,train,124808,124808,1560325
8337,45,,23,train,124808,124808,1248260
7835,45,,14,train,124808,124808,624130
8765,45,,20,train,124808,124808,936195
4227,45,,23,train,124808,124808,1248260
9690,45,,29,train,124808,124808,1560325
6646,46,,23,train,124808,124808,1248260
4181,46,,30,train,124808,124808,1560325
9526,46,,20,train,124808,124808,936195
2074,46,,23,train,124808,124808,1248260
8765,46,,20,train,124808,124808,936195
5086,46,,30,train,124808,124808,1560325
8096,46,,21,train,124808,124808,936195
5552,46,,30,train,124808,124808,1560325
6939,46,,19,train,124808,124808,936195
7250,46,,18,train,124808,124808,936195
6010,46,,18,train,124808,124808,936195
5694,46,,30,train,124808,124808,1560325
7706,46,,23,train,124808,124808,1248260
1882,46,,30,train,124808,124808,1560325
2519,46,,13,train,124808,124808,624130
7460,46,,30,train,124808,124808,1560325
2763,46,,20,train,124808,124808,936195
2008,46,,19,train,124808,124808,936195
4997,46,,6,train,124808,124808,312065
3625,46,,30,train,124808,124808,1560325
5119,47,,15,train,124808,124808,624130
8147,47,,7,train,124808,124808,312065
5125,47,,30,train,124808,124808,1560325
4407,47,,30,train,124808,124808,1560325
8397,47,,5,train,124808,124808,0
3906,47,,5,train,124808,124808,0
6646,47,,23,train,124808,124808,1248260
4181,47,,30,train,124808,124808,1560325
9526,47,,20,train,124808,124808,936195
2074,47,,23,train,124808,124808,1248260
8765,47,,20,train,124808,124808,936195
5086,47,,30,train,124808,124808,1560325
8096,47,,21,train,124808,124808,936195
5552,47,,30,train,124808,124808,1560325
6939,47,,19,train,124808,124808,936195
7250,47,,18,train,124808,124808,936195
6010,47,,18,train,124808,124808,936195
5694,47,,30,train,124808,124808,1560325
9711,47,,30,train,124808,124808,1560325
9961,47,,6,train,124808,124808,312065
6194,48,,30,train,124808,124808,1560325
5735,48,,20,train,124808,124808,936195
4581,48,,20,train,124808,124808,936195
6630,48,,29,train,124808,124808,1560325
4691,48,,30,train,124808,124808,1560325
8952,48,,28,train,124808,124808,1560325
9610,48,,30,train,124808,124808,1560325
4310,48,,30,train,124808,124808,1560325
7963,48,,29,train,124808,124808,1560325
5595,48,,23,train,124808,124808,1248260
5879,48,,30,train,124808,124808,1560325
9301,48,,9,train,124808,124808,312065
1480,48,,24,train,124808,124808,1248260
1653,48,,18,train,124808,124808,936195
10135,48,,30,train,124808,124808,1560325
8337,48,,23,train,124808,124808,1248260
7835,48,,14,train,124808,124808,624130
8765,48,,20,train,124808,124808,936195
4227,48,,23,train,124808,124808,1248260
9690,48,,29,train,124808,124808,1560325
7963,49,,29,train,124808,124808,1560325
5595,49,,23,train,124808,124808,1248260
5879,49,,30,train,124808,124808,1560325
9301,49,,9,train,124808,124808,312065
1480,49,,24,train,124808,124808,1248260
1653,49,,18,train,124808,124808,936195
10135,49,,30,train,124808,124808,1560325
8337,49,,23,train,124808,124808,1248260
7835,49,,14,train,124808,124808,624130
8765,49,,20,train,124808,124808,936195
9838,49,,12,train,124808,124808,624130
8088,49,,29,train,124808,124808,1560325
4923,49,,30,train,124808,124808,1560325
7841,49,,13,train,124808,124808,624130
1929,49,,30,train,124808,124808,1560325
6572,49,,23,train,124808,124808,1248260
2136,49,,30,train,124808,124808,1560325
9469,49,,7,train,124808,124808,312065
9711,49,,30,train,124808,124808,1560325
5694,49,,30,train,124808,124808,1560325
6646,50,,23,train,124808,124808,1248260
4181,50,,30,train,124808,124808,1560325
9526,50,,20,train,124808,124808,936195
2074,50,,23,train,124808,124808,1248260
8765,50,,20,train,124808,124808,936195
5086,50,,30,train,124808,124808,1560325
8096,50,,21,train,124808,124808,936195
5552,50,,30,train,124808,124808,1560325
6939,50,,19,train,124808,124808,936195
7250,50,,18,train,124808,124808,936195
6010,50,,18,train,124808,124808,936195
5694,50,,30,train,124808,124808,1560325
7706,50,,23,train,124808,124808,1248260
1882,50,,30,train,124808,124808,1560325
2519,50,,13,train,124808,124808,624130
7460,50,,30,train,124808,124808,1560325
2763,50,,20,train,124808,124808,936195
2008,50,,19,train,124808,124808,936195
4997,50,,6,train,124808,124808,312065
3625,50,,30,train,124808,124808,1560325
10002,1,,23,train,124808,124808,1248260
10043,1,,21,train,124808,124808,936195
10045,1,,25,train,124808,124808,1248260
10046,1,,23,train,124808,124808,1248260
1005,1,,27,train,124808,124808,1248260
10055,1,,30,train,124808,124808,1560325
1006,1,,28,train,124808,124808,1560325
10062,1,,30,train,124808,124808,1560325
10064,1,,18,train,124808,124808,936195
10068,1,,7,train,124808,124808,312065
10072,1,,29,train,124808,124808,1560325
10110,1,,24,train,124808,124808,1248260
10125,1,,29,train,124808,124808,1560325
10131,1,,12,train,124808,124808,624130
10135,1,,30,train,124808,124808,1560325
10136,1,,25,train,124808,124808,1248260
10151,1,,14,train,124808,124808,624130
10152,1,,19,train,124808,124808,936195
1038,1,,20,train,124808,124808,936195
1060,1,,22,train,124808,124808,936195
1088,1,,30,train,124808,124808,1560325
1093,1,,23,train,124808,124808,1248260
10002,2,,23,train,124808,124808,1248260
10043,2,,21,train,124808,124808,936195
10045,2,,25,train,124808,124808,1248260
10046,2,,23,train,124808,124808,1248260
1005,2,,27,train,124808,124808,1248260
10055,2,,30,train,124808,124808,1560325
1006,2,,28,train,124808,124808,1560325
10062,2,,30,train,124808,124808,1560325
10064,2,,18,train,124808,124808,936195
10068,2,,7,train,124808,124808,312065
10072,2,,29,train,124808,124808,1560325
10110,2,,24,train,124808,124808,1248260
10125,2,,29,train,124808,124808,1560325
10131,2,,12,train,124808,124808,624130
10135,2,,30,train,124808,124808,1560325
10136,2,,25,train,124808,124808,1248260
10151,2,,14,train,124808,124808,624130
10152,2,,19,train,124808,124808,936195
1038,2,,20,train,124808,124808,936195
1060,2,,22,train,124808,124808,936195
1088,2,,30,train,124808,124808,1560325
1093,2,,23,train,124808,124808,1248260
10002,3,,23,train,124808,124808,1248260
10043,3,,21,train,124808,124808,936195
10045,3,,25,train,124808,124808,1248260
10046,3,,23,train,124808,124808,1248260
1005,3,,27,train,124808,124808,1248260
10055,3,,30,train,124808,124808,1560325
1006,3,,28,train,124808,124808,1560325
10062,3,,30,train,124808,124808,1560325
10064,3,,18,train,124808,124808,936195
10068,3,,7,train,124808,124808,312065
10072,3,,29,train,124808,124808,1560325
10110,3,,24,train,124808,124808,1248260
10125,3,,29,train,124808,124808,1560325
10131,3,,12,train,124808,124808,624130
10135,3,,30,train,124808,124808,1560325
10136,3,,25,train,124808,124808,1248260
10151,3,,14,train,124808,124808,624130
10152,3,,19,train,124808,124808,936195
1038,3,,20,train,124808,124808,936195
1060,3,,22,train,124808,124808,936195
1088,3,,30,train,124808,124808,1560325
1093,3,,23,train,124808,124808,1248260
10002,4,,23,train,124808,124808,1248260
10043,4,,21,train,124808,124808,936195
10045,4,,25,train,124808,124808,1248260
10046,4,,23,train,124808,124808,1248260
1005,4,,27,train,124808,124808,1248260
10055,4,,30,train,124808,124808,1560325
1006,4,,28,train,124808,124808,1560325
10062,4,,30,train,124808,124808,1560325
10064,4,,18,train,124808,124808,936195
10068,4,,7,train,124808,124808,312065
10072,4,,29,train,124808,124808,1560325
10110,4,,24,train,124808,124808,1248260
10125,4,,29,train,124808,124808,1560325
10131,4,,12,train,124808,124808,624130
10135,4,,30,train,124808,124808,1560325
10136,4,,25,train,124808,124808,1248260
10151,4,,14,train,124808,124808,624130
10152,4,,19,train,124808,124808,936195
1038,4,,20,train,124808,124808,936195
1060,4,,22,train,124808,124808,936195
1088,4,,30,train,124808,124808,1560325
1093,4,,23,train,124808,124808,1248260
10002,5,,23,train,124808,124808,1248260
10043,5,,21,train,124808,124808,936195
10045,5,,25,train,124808,124808,1248260
10046,5,,23,train,124808,124808,1248260
1005,5,,27,train,124808,124808,1248260
10055,5,,30,train,124808,124808,1560325
1006,5,,28,train,124808,124808,1560325
10062,5,,30,train,124808,124808,1560325
10064,5,,18,train,124808,124808,936195
10068,5,,7,train,124808,124808,312065
10072,5,,29,train,124808,124808,1560325
10110,5,,24,train,124808,124808,1248260
10125,5,,29,train,124808,124808,1560325
10131,5,,12,train,124808,124808,624130
10135,5,,30,train,124808,124808,1560325
10136,5,,25,train,124808,124808,1248260
10151,5,,14,train,124808,124808,624130
10152,5,,19,train,124808,124808,936195
1038,5,,20,train,124808,124808,936195
1060,5,,22,train,124808,124808,936195
1088,5,,30,train,124808,124808,1560325
1093,5,,23,train,124808,124808,1248260
10002,6,,23,train,124808,124808,1248260
10043,6,,21,train,124808,124808,936195
10045,6,,25,train,124808,124808,1248260
10046,6,,23,train,124808,124808,1248260
1005,6,,27,train,124808,124808,1248260
10055,6,,30,train,124808,124808,1560325
1006,6,,28,train,124808,124808,1560325
10062,6,,30,train,124808,124808,1560325
10064,6,,18,train,124808,124808,936195
10068,6,,7,train,124808,124808,312065
10072,6,,29,train,124808,124808,1560325
10110,6,,24,train,124808,124808,1248260
10125,6,,29,train,124808,124808,1560325
10131,6,,12,train,124808,124808,624130
10135,6,,30,train,124808,124808,1560325
10136,6,,25,train,124808,124808,1248260
10151,6,,14,train,124808,124808,624130
10152,6,,19,train,124808,124808,936195
1038,6,,20,train,124808,124808,936195
1060,6,,22,train,124808,124808,936195
1088,6,,30,train,124808,124808,1560325
1093,6,,23,train,124808,124808,1248260
10002,7,,23,train,124808,124808,1248260
10043,7,,21,train,124808,124808,936195
10045,7,,25,train,124808,124808,1248260
10046,7,,23,train,124808,124808,1248260
1005,7,,27,train,124808,124808,1248260
10055,7,,30,train,124808,124808,1560325
1006,7,,28,train,124808,124808,1560325
10062,7,,30,train,124808,124808,1560325
10064,7,,18,train,124808,124808,936195
10068,7,,7,train,124808,124808,312065
10072,7,,29,train,124808,124808,1560325
10110,7,,24,train,124808,124808,1248260
10125,7,,29,train,124808,124808,1560325
10131,7,,12,train,124808,124808,624130
10135,7,,30,train,124808,124808,1560325
10136,7,,25,train,124808,124808,1248260
10151,7,,14,train,124808,124808,624130
10152,7,,19,train,124808,124808,936195
1038,7,,20,train,124808,124808,936195
1060,7,,22,train,124808,124808,936195
1088,7,,30,train,124808,124808,1560325
1093,7,,23,train,124808,124808,1248260
10002,8,,23,train,124808,124808,1248260
10043,8,,21,train,124808,124808,936195
10045,8,,25,train,124808,124808,1248260
10046,8,,23,train,124808,124808,1248260
1005,8,,27,train,124808,124808,1248260
10055,8,,30,train,124808,124808,1560325
1006,8,,28,train,124808,124808,1560325
10062,8,,30,train,124808,124808,1560325
10064,8,,18,train,124808,124808,936195
10068,8,,7,train,124808,124808,312065
10072,8,,29,train,124808,124808,1560325
10110,8,,24,train,124808,124808,1248260
10125,8,,29,train,124808,124808,1560325
10131,8,,12,train,124808,124808,624130
10135,8,,30,train,124808,124808,1560325
10136,8,,25,train,124808,124808,1248260
10151,8,,14,train,124808,124808,624130
10152,8,,19,train,124808,124808,936195
1038,8,,20,train,124808,124808,936195
1060,8,,22,train,124808,124808,936195
1088,8,,30,train,124808,124808,1560325
1093,8,,23,train,124808,124808,1248260
10002,9,,23,train,124808,124808,1248260
10043,9,,21,train,124808,124808,936195
10045,9,,25,train,124808,124808,1248260
10046,9,,23,train,124808,124808,1248260
1005,9,,27,train,124808,124808,1248260
10055,9,,30,train,124808,124808,1560325
1006,9,,28,train,124808,124808,1560325
10062,9,,30,train,124808,124808,1560325
10064,9,,18,train,124808,124808,936195
10068,9,,7,train,124808,124808,312065
10072,9,,29,train,124808,124808,1560325
10110,9,,24,train,124808,124808,1248260
10125,9,,29,train,124808,124808,1560325
10131,9,,12,train,124808,124808,624130
10135,9,,30,train,124808,124808,1560325
10136,9,,25,train,124808,124808,1248260
10151,9,,14,train,124808,124808,624130
10152,9,,19,train,124808,124808,936195
1038,9,,20,train,124808,124808,936195
1060,9,,22,train,124808,124808,936195
1088,9,,30,train,124808,124808,1560325
1093,9,,23,train,124808,124808,1248260
10002,10,,23,train,124808,124808,1248260
10043,10,,21,train,124808,124808,936195
10045,10,,25,train,124808,124808,1248260
10046,10,,23,train,124808,124808,1248260
1005,10,,27,train,124808,124808,1248260
10055,10,,30,train,124808,124808,1560325
1006,10,,28,train,124808,124808,1560325
10062,10,,30,train,124808,124808,1560325
10064,10,,18,train,124808,124808,936195
10068,10,,7,train,124808,124808,312065
10072,10,,29,train,124808,124808,1560325
10110,10,,24,train,124808,124808,1248260
10125,10,,29,train,124808,124808,1560325
10131,10,,12,train,124808,124808,624130
10135,10,,30,train,124808,124808,1560325
10136,10,,25,train,124808,124808,1248260
10151,10,,14,train,124808,124808,624130
10152,10,,19,train,124808,124808,936195
1038,10,,20,train,124808,124808,936195
1060,10,,22,train,124808,124808,936195
1088,10,,30,train,124808,124808,1560325
1093,10,,23,train,124808,124808,1248260
10002,11,,23,train,124808,124808,1248260
10043,11,,21,train,124808,124808,936195
10045,11,,25,train,124808,124808,1248260
10046,11,,23,train,124808,124808,1248260
1005,11,,27,train,124808,124808,1248260
10055,11,,30,train,124808,124808,1560325
1006,11,,28,train,124808,124808,1560325
10062,11,,30,train,124808,124808,1560325
10064,11,,18,train,124808,124808,936195
10068,11,,7,train,124808,124808,312065
10072,11,,29,train,124808,124808,1560325
10110,11,,24,train,124808,124808,1248260
10125,11,,29,train,124808,124808,1560325
10131,11,,12,train,124808,124808,624130
10135,11,,30,train,124808,124808,1560325
10136,11,,25,train,124808,124808,1248260
10151,11,,14,train,124808,124808,624130
10152,11,,19,train,124808,124808,936195
1038,11,,20,train,124808,124808,936195
1060,11,,22,train,124808,124808,936195
1088,11,,30,train,124808,124808,1560325
1093,11,,23,train,124808,124808,1248260
10002,12,,23,train,124808,124808,1248260
10043,12,,21,train,124808,124808,936195
10045,12,,25,train,124808,124808,1248260
10046,12,,23,train,124808,124808,1248260
1005,12,,27,train,124808,124808,1248260
10055,12,,30,train,124808,124808,1560325
1006,12,,28,train,124808,124808,1560325
10062,12,,30,train,124808,124808,1560325
10064,12,,18,train,124808,124808,936195
10068,12,,7,train,124808,124808,312065
10072,12,,29,train,124808,124808,1560325
10110,12,,24,train,124808,124808,1248260
10125,12,,29,train,124808,124808,1560325
10131,12,,12,train,124808,124808,624130
10135,12,,30,train,124808,124808,1560325
10136,12,,25,train,124808,124808,1248260
10151,12,,14,train,124808,124808,624130
10152,12,,19,train,124808,124808,936195
1038,12,,20,train,124808,124808,936195
1060,12,,22,train,124808,124808,936195
1088,12,,30,train,124808,124808,1560325
1093,12,,23,train,124808,124808,1248260
10002,13,,23,train,124808,124808,1248260
10043,13,,21,train,124808,124808,936195
10045,13,,25,train,124808,124808,1248260
10046,13,,23,train,124808,124808,1248260
1005,13,,27,train,124808,124808,1248260
10055,13,,30,train,124808,124808,1560325
1006,13,,28,train,124808,124808,1560325
10062,13,,30,train,124808,124808,1560325
10064,13,,18,train,124808,124808,936195
10068,13,,7,train,124808,124808,312065
10072,13,,29,train,124808,124808,1560325
10110,13,,24,train,124808,124808,1248260
10125,13,,29,train,124808,124808,1560325
10131,13,,12,train,124808,124808,624130
10135,13,,30,train,124808,124808,1560325
10136,13,,25,train,124808,124808,1248260
10151,13,,14,train,124808,124808,624130
10152,13,,19,train,124808,124808,936195
1038,13,,20,train,124808,124808,936195
1060,13,,22,train,124808,124808,936195
1088,13,,30,train,124808,124808,1560325
1093,13,,23,train,124808,124808,1248260
10002,14,,23,train,124808,124808,1248260
10043,14,,21,train,124808,124808,936195
10045,14,,25,train,124808,124808,1248260
10046,14,,23,train,124808,124808,1248260
1005,14,,27,train,124808,124808,1248260
10055,14,,30,train,124808,124808,1560325
1006,14,,28,train,124808,124808,1560325
10062,14,,30,train,124808,124808,1560325
10064,14,,18,train,124808,124808,936195
10068,14,,7,train,124808,124808,312065
10072,14,,29,train,124808,124808,1560325
10110,14,,24,train,124808,124808,1248260
10125,14,,29,train,124808,124808,1560325
10131,14,,12,train,124808,124808,624130
10135,14,,30,train,124808,124808,1560325
10136,14,,25,train,124808,124808,1248260
10151,14,,14,train,124808,124808,624130
10152,14,,19,train,124808,124808,936195
1038,14,,20,train,124808,124808,936195
1060,14,,22,train,124808,124808,936195
1088,14,,30,train,124808,124808,1560325
1093,14,,23,train,124808,124808,1248260
10002,15,,23,train,124808,124808,1248260
10043,15,,21,train,124808,124808,936195
10045,15,,25,train,124808,124808,1248260
10046,15,,23,train,124808,124808,1248260
1005,15,,27,train,124808,124808,1248260
10055,15,,30,train,124808,124808,1560325
1006,15,,28,train,124808,124808,1560325
10062,15,,30,train,124808,124808,1560325
10064,15,,18,train,124808,124808,936195
10068,15,,7,train,124808,124808,312065
10072,15,,29,train,124808,124808,1560325
10110,15,,24,train,124808,124808,1248260
10125,15,,29,train,124808,124808,1560325
10131,15,,12,train,124808,124808,624130
10135,15,,30,train,124808,124808,1560325
10136,15,,25,train,124808,124808,1248260
10151,15,,14,train,124808,124808,624130
10152,15,,19,train,124808,124808,936195
1038,15,,20,train,124808,124808,936195
1060,15,,22,train,124808,124808,936195
1088,15,,30,train,124808,124808,1560325
1093,15,,23,train,124808,124808,1248260
10002,16,,23,train,124808,124808,1248260
10043,16,,21,train,124808,124808,936195
10045,16,,25,train,124808,124808,1248260
10046,16,,23,train,124808,124808,1248260
1005,16,,27,train,124808,124808,1248260
10055,16,,30,train,124808,124808,1560325
1006,16,,28,train,124808,124808,1560325
10062,16,,30,train,124808,124808,1560325
10064,16,,18,train,124808,124808,936195
10068,16,,7,train,124808,124808,312065
10072,16,,29,train,124808,124808,1560325
10110,16,,24,train,124808,124808,1248260
10125,16,,29,train,124808,124808,1560325
10131,16,,12,train,124808,124808,624130
10135,16,,30,train,124808,124808,1560325
10136,16,,25,train,124808,124808,1248260
10151,16,,14,train,124808,124808,624130
10152,16,,19,train,124808,124808,936195
1038,16,,20,train,124808,124808,936195
1060,16,,22,train,124808,124808,936195
1088,16,,30,train,124808,124808,1560325
1093,16,,23,train,124808,124808,1248260
10002,17,,23,train,124808,124808,1248260
10043,17,,21,train,124808,124808,936195
10045,17,,25,train,124808,124808,1248260
10046,17,,23,train,124808,124808,1248260
1005,17,,27,train,124808,124808,1248260
10055,17,,30,train,124808,124808,1560325
1006,17,,28,train,124808,124808,1560325
10062,17,,30,train,124808,124808,1560325
10064,17,,18,train,124808,124808,936195
10068,17,,7,train,124808,124808,312065
10072,17,,29,train,124808,124808,1560325
10110,17,,24,train,124808,124808,1248260
10125,17,,29,train,124808,124808,1560325
10131,17,,12,train,124808,124808,624130
10135,17,,30,train,124808,124808,1560325
10136,17,,25,train,124808,124808,1248260
10151,17,,14,train,124808,124808,624130
10152,17,,19,train,124808,124808,936195
1038,17,,20,train,124808,124808,936195
1060,17,,22,train,124808,124808,936195
1088,17,,30,train,124808,124808,1560325
1093,17,,23,train,124808,124808,1248260
10002,18,,23,train,124808,124808,1248260
10043,18,,21,train,124808,124808,936195
10045,18,,25,train,124808,124808,1248260
10046,18,,23,train,124808,124808,1248260
1005,18,,27,train,124808,124808,1248260
10055,18,,30,train,124808,124808,1560325
1006,18,,28,train,124808,124808,1560325
10062,18,,30,train,124808,124808,1560325
10064,18,,18,train,124808,124808,936195
10068,18,,7,train,124808,124808,312065
10072,18,,29,train,124808,124808,1560325
10110,18,,24,train,124808,124808,1248260
10125,18,,29,train,124808,124808,1560325
10131,18,,12,train,124808,124808,624130
10135,18,,30,train,124808,124808,1560325
10136,18,,25,train,124808,124808,1248260
10151,18,,14,train,124808,124808,624130
10152,18,,19,train,124808,124808,936195
1038,18,,20,train,124808,124808,936195
1060,18,,22,train,124808,124808,936195
1088,18,,30,train,124808,124808,1560325
1093,18,,23,train,124808,124808,1248260
10002,19,,23,train,124808,124808,1248260
10043,19,,21,train,124808,124808,936195
10045,19,,25,train,124808,124808,1248260
10046,19,,23,train,124808,124808,1248260
1005,19,,27,train,124808,124808,1248260
10055,19,,30,train,124808,124808,1560325
1006,19,,28,train,124808,124808,1560325
10062,19,,30,train,124808,124808,1560325
10064,19,,18,train,124808,124808,936195
10068,19,,7,train,124808,124808,312065
10072,19,,29,train,124808,124808,1560325
10110,19,,24,train,124808,124808,1248260
10125,19,,29,train,124808,124808,1560325
10131,19,,12,train,124808,124808,624130
10135,19,,30,train,124808,124808,1560325
10136,19,,25,train,124808,124808,1248260
10151,19,,14,train,124808,124808,624130
10152,19,,19,train,124808,124808,936195
1038,19,,20,train,124808,124808,936195
1060,19,,22,train,124808,124808,936195
1088,19,,30,train,124808,124808,1560325
1093,19,,23,train,124808,124808,1248260
10002,20,,23,train,124808,124808,1248260
10043,20,,21,train,124808,124808,936195
10045,20,,25,train,124808,124808,1248260
10046,20,,23,train,124808,124808,1248260
1005,20,,27,train,124808,124808,1248260
10055,20,,30,train,124808,124808,1560325
1006,20,,28,train,124808,124808,1560325
10062,20,,30,train,124808,124808,1560325
10064,20,,18,train,124808,124808,936195
10068,20,,7,train,124808,124808,312065
10072,20,,29,train,124808,124808,1560325
10110,20,,24,train,124808,124808,1248260
10125,20,,29,train,124808,124808,1560325
10131,20,,12,train,124808,124808,624130
10135,20,,30,train,124808,124808,1560325
10136,20,,25,train,124808,124808,1248260
10151,20,,14,train,124808,124808,624130
10152,20,,19,train,124808,124808,936195
1038,20,,20,train,124808,124808,936195
1060,20,,22,train,124808,124808,936195
1088,20,,30,train,124808,124808,1560325
1093,20,,23,train,124808,124808,1248260
10002,21,,23,train,124808,124808,1248260
10043,21,,21,train,124808,124808,936195
10045,21,,25,train,124808,124808,1248260
10046,21,,23,train,124808,124808,1248260
1005,21,,27,train,124808,124808,1248260
10055,21,,30,train,124808,124808,1560325
1006,21,,28,train,124808,124808,1560325
10062,21,,30,train,124808,124808,1560325
10064,21,,18,train,124808,124808,936195
10068,21,,7,train,124808,124808,312065
10072,21,,29,train,124808,124808,1560325
10110,21,,24,train,124808,124808,1248260
10125,21,,29,train,124808,124808,1560325
10131,21,,12,train,124808,124808,624130
10135,21,,30,train,124808,124808,1560325
10136,21,,25,train,124808,124808,1248260
10151,21,,14,train,124808,124808,624130
10152,21,,19,train,124808,124808,936195
1038,21,,20,train,124808,124808,936195
1060,21,,22,train,124808,124808,936195
1088,21,,30,train,124808,124808,1560325
1093,21,,23,train,124808,124808,1248260
10002,22,,23,train,124808,124808,1248260
10043,22,,21,train,124808,124808,936195
10045,22,,25,train,124808,124808,1248260
10046,22,,23,train,124808,124808,1248260
1005,22,,27,train,124808,124808,1248260
10055,22,,30,train,124808,124808,1560325
1006,22,,28,train,124808,124808,1560325
10062,22,,30,train,124808,124808,1560325
10064,22,,18,train,124808,124808,936195
10068,22,,7,train,124808,124808,312065
10072,22,,29,train,124808,124808,1560325
10110,22,,24,train,124808,124808,1248260
10125,22,,29,train,124808,124808,1560325
10131,22,,12,train,124808,124808,624130
10135,22,,30,train,124808,124808,1560325
10136,22,,25,train,124808,124808,1248260
10151,22,,14,train,124808,124808,624130
10152,22,,19,train,124808,124808,936195
1038,22,,20,train,124808,124808,936195
1060,22,,22,train,124808,124808,936195
1088,22,,30,train,124808,124808,1560325
1093,22,,23,train,124808,124808,1248260
10002,23,,23,train,124808,124808,1248260
10043,23,,21,train,124808,124808,936195
10045,23,,25,train,124808,124808,1248260
10046,23,,23,train,124808,124808,1248260
1005,23,,27,train,124808,124808,1248260
10055,23,,30,train,124808,124808,1560325
1006,23,,28,train,124808,124808,1560325
10062,23,,30,train,124808,124808,1560325
10064,23,,18,train,124808,124808,936195
10068,23,,7,train,124808,124808,312065
10072,23,,29,train,124808,124808,1560325
10110,23,,24,train,124808,124808,1248260
10125,23,,29,train,124808,124808,1560325
10131,23,,12,train,124808,124808,624130
10135,23,,30,train,124808,124808,1560325
10136,23,,25,train,124808,124808,1248260
10151,23,,14,train,124808,124808,624130
10152,23,,19,train,124808,124808,936195
1038,23,,20,train,124808,124808,936195
1060,23,,22,train,124808,124808,936195
1088,23,,30,train,124808,124808,1560325
1093,23,,23,train,124808,124808,1248260
10002,24,,23,train,124808,124808,1248260
10043,24,,21,train,124808,124808,936195
10045,24,,25,train,124808,124808,1248260
10046,24,,23,train,124808,124808,1248260
1005,24,,27,train,124808,124808,1248260
10055,24,,30,train,124808,124808,1560325
1006,24,,28,train,124808,124808,1560325
10062,24,,30,train,124808,124808,1560325
10064,24,,18,train,124808,124808,936195
10068,24,,7,train,124808,124808,312065
10072,24,,29,train,124808,124808,1560325
10110,24,,24,train,124808,124808,1248260
10125,24,,29,train,124808,124808,1560325
10131,24,,12,train,124808,124808,624130
10135,24,,30,train,124808,124808,1560325
10136,24,,25,train,124808,124808,1248260
10151,24,,14,train,124808,124808,624130
10152,24,,19,train,124808,124808,936195
1038,24,,20,train,124808,124808,936195
1060,24,,22,train,124808,124808,936195
1088,24,,30,train,124808,124808,1560325
1093,24,,23,train,124808,124808,1248260
10002,25,,23,train,124808,124808,1248260
10043,25,,21,train,124808,124808,936195
10045,25,,25,train,124808,124808,1248260
10046,25,,23,train,124808,124808,1248260
1005,25,,27,train,124808,124808,1248260
10055,25,,30,train,124808,124808,1560325
1006,25,,28,train,124808,124808,1560325
10062,25,,30,train,124808,124808,1560325
10064,25,,18,train,124808,124808,936195
10068,25,,7,train,124808,124808,312065
10072,25,,29,train,124808,124808,1560325
10110,25,,24,train,124808,124808,1248260
10125,25,,29,train,124808,124808,1560325
10131,25,,12,train,124808,124808,624130
10135,25,,30,train,124808,124808,1560325
10136,25,,25,train,124808,124808,1248260
10151,25,,14,train,124808,124808,624130
10152,25,,19,train,124808,124808,936195
1038,25,,20,train,124808,124808,936195
1060,25,,22,train,124808,124808,936195
1088,25,,30,train,124808,124808,1560325
1093,25,,23,train,124808,124808,1248260
10002,26,,23,train,124808,124808,1248260
10043,26,,21,train,124808,124808,936195
10045,26,,25,train,124808,124808,1248260
10046,26,,23,train,124808,124808,1248260
1005,26,,27,train,124808,124808,1248260
10055,26,,30,train,124808,124808,1560325
1006,26,,28,train,124808,124808,1560325
10062,26,,30,train,124808,124808,1560325
10064,26,,18,train,124808,124808,936195
10068,26,,7,train,124808,124808,312065
10072,26,,29,train,124808,124808,1560325
10110,26,,24,train,124808,124808,1248260
10125,26,,29,train,124808,124808,1560325
10131,26,,12,train,124808,124808,624130
10135,26,,30,train,124808,124808,1560325
10136,26,,25,train,124808,124808,1248260
10151,26,,14,train,124808,124808,624130
10152,26,,19,train,124808,124808,936195
1038,26,,20,train,124808,124808,936195
1060,26,,22,train,124808,124808,936195
1088,26,,30,train,124808,124808,1560325
1093,26,,23,train,124808,124808,1248260
10002,27,,23,train,124808,124808,1248260
10043,27,,21,train,124808,124808,936195
10045,27,,25,train,124808,124808,1248260
10046,27,,23,train,124808,124808,1248260
1005,27,,27,train,124808,124808,1248260
10055,27,,30,train,124808,124808,1560325
1006,27,,28,train,124808,124808,1560325
10062,27,,30,train,124808,124808,1560325
10064,27,,18,train,124808,124808,936195
10068,27,,7,train,124808,124808,312065
10072,27,,29,train,124808,124808,1560325
10110,27,,24,train,124808,124808,1248260
10125,27,,29,train,124808,124808,1560325
10131,27,,12,train,124808,124808,624130
10135,27,,30,train,124808,124808,1560325
10136,27,,25,train,124808,124808,1248260
10151,27,,14,train,124808,124808,624130
10152,27,,19,train,124808,124808,936195
1038,27,,20,train,124808,124808,936195
1060,27,,22,train,124808,124808,936195
1088,27,,30,train,124808,124808,1560325
1093,27,,23,train,124808,124808,1248260
10002,28,,23,train,124808,124808,1248260
10043,28,,21,train,124808,124808,936195
10045,28,,25,train,124808,124808,1248260
10046,28,,23,train,124808,124808,1248260
1005,28,,27,train,124808,124808,1248260
10055,28,,30,train,124808,124808,1560325
1006,28,,28,train,124808,124808,1560325
10062,28,,30,train,124808,124808,1560325
10064,28,,18,train,124808,124808,936195
10068,28,,7,train,124808,124808,312065
10072,28,,29,train,124808,124808,1560325
10110,28,,24,train,124808,124808,1248260
10125,28,,29,train,124808,124808,1560325
10131,28,,12,train,124808,124808,624130
10135,28,,30,train,124808,124808,1560325
10136,28,,25,train,124808,124808,1248260
10151,28,,14,train,124808,124808,624130
10152,28,,19,train,124808,124808,936195
1038,28,,20,train,124808,124808,936195
1060,28,,22,train,124808,124808,936195
1088,28,,30,train,124808,124808,1560325
1093,28,,23,train,124808,124808,1248260
10002,29,,23,train,124808,124808,1248260
10043,29,,21,train,124808,124808,936195
10045,29,,25,train,124808,124808,1248260
10046,29,,23,train,124808,124808,1248260
1005,29,,27,train,124808,124808,1248260
10055,29,,30,train,124808,124808,1560325
1006,29,,28,train,124808,124808,1560325
10062,29,,30,train,124808,124808,1560325
10064,29,,18,train,124808,124808,936195
10068,29,,7,train,124808,124808,312065
10072,29,,29,train,124808,124808,1560325
10110,29,,24,train,124808,124808,1248260
10125,29,,29,train,124808,124808,1560325
10131,29,,12,train,124808,124808,624130
10135,29,,30,train,124808,124808,1560325
10136,29,,25,train,124808,124808,1248260
10151,29,,14,train,124808,124808,624130
10152,29,,19,train,124808,124808,936195
1038,29,,20,train,124808,124808,936195
1060,29,,22,train,124808,124808,936195
1088,29,,30,train,124808,124808,1560325
1093,29,,23,train,124808,124808,1248260
10002,30,,23,train,124808,124808,1248260
10043,30,,21,train,124808,124808,936195
10045,30,,25,train,124808,124808,1248260
10046,30,,23,train,124808,124808,1248260
1005,30,,27,train,124808,124808,1248260
10055,30,,30,train,124808,124808,1560325
1006,30,,28,train,124808,124808,1560325
10062,30,,30,train,124808,124808,1560325
10064,30,,18,train,124808,124808,936195
10068,30,,7,train,124808,124808,312065
10072,30,,29,train,124808,124808,1560325
10110,30,,24,train,124808,124808,1248260
10125,30,,29,train,124808,124808,1560325
10131,30,,12,train,124808,124808,624130
10135,30,,30,train,124808,124808,1560325
10136,30,,25,train,124808,124808,1248260
10151,30,,14,train,124808,124808,624130
10152,30,,19,train,124808,124808,936195
1038,30,,20,train,124808,124808,936195
1060,30,,22,train,124808,124808,936195
1088,30,,30,train,124808,124808,1560325
1093,30,,23,train,124808,124808,1248260
10002,31,,23,train,124808,124808,1248260
10043,31,,21,train,124808,124808,936195
10045,31,,25,train,124808,124808,1248260
10046,31,,23,train,124808,124808,1248260
1005,31,,27,train,124808,124808,1248260
10055,31,,30,train,124808,124808,1560325
1006,31,,28,train,124808,124808,1560325
10062,31,,30,train,124808,124808,1560325
10064,31,,18,train,124808,124808,936195
10068,31,,7,train,124808,124808,312065
10072,31,,29,train,124808,124808,1560325
10110,31,,24,train,124808,124808,1248260
10125,31,,29,train,124808,124808,1560325
10131,31,,12,train,124808,124808,624130
10135,31,,30,train,124808,124808,1560325
10136,31,,25,train,124808,124808,1248260
10151,31,,14,train,124808,124808,624130
10152,31,,19,train,124808,124808,936195
1038,31,,20,train,124808,124808,936195
1060,31,,22,train,124808,124808,936195
1088,31,,30,train,124808,124808,1560325
1093,31,,23,train,124808,124808,1248260
10002,32,,23,train,124808,124808,1248260
10043,32,,21,train,124808,124808,936195
10045,32,,25,train,124808,124808,1248260
10046,32,,23,train,124808,124808,1248260
1005,32,,27,train,124808,124808,1248260
10055,32,,30,train,124808,124808,1560325
1006,32,,28,train,124808,124808,1560325
10062,32,,30,train,124808,124808,1560325
10064,32,,18,train,124808,124808,936195
10068,32,,7,train,124808,124808,312065
10072,32,,29,train,124808,124808,1560325
10110,32,,24,train,124808,124808,1248260
10125,32,,29,train,124808,124808,1560325
10131,32,,12,train,124808,124808,624130
10135,32,,30,train,124808,124808,1560325
10136,32,,25,train,124808,124808,1248260
10151,32,,14,train,124808,124808,624130
10152,32,,19,train,124808,124808,936195
1038,32,,20,train,124808,124808,936195
1060,32,,22,train,124808,124808,936195
1088,32,,30,train,124808,124808,1560325
1093,32,,23,train,124808,124808,1248260
10002,33,,23,train,124808,124808,1248260
10043,33,,21,train,124808,124808,936195
10045,33,,25,train,124808,124808,1248260
10046,33,,23,train,124808,124808,1248260
1005,33,,27,train,124808,124808,1248260
10055,33,,30,train,124808,124808,1560325
1006,33,,28,train,124808,124808,1560325
10062,33,,30,train,124808,124808,1560325
10064,33,,18,train,124808,124808,936195
10068,33,,7,train,124808,124808,312065
10072,33,,29,train,124808,124808,1560325
10110,33,,24,train,124808,124808,1248260
10125,33,,29,train,124808,124808,1560325
10131,33,,12,train,124808,124808,624130
10135,33,,30,train,124808,124808,1560325
10136,33,,25,train,124808,124808,1248260
10151,33,,14,train,124808,124808,624130
10152,33,,19,train,124808,124808,936195
1038,33,,20,train,124808,124808,936195
1060,33,,22,train,124808,124808,936195
1088,33,,30,train,124808,124808,1560325
1093,33,,23,train,124808,124808,1248260
10002,34,,23,train,124808,124808,1248260
10043,34,,21,train,124808,124808,936195
10045,34,,25,train,124808,124808,1248260
10046,34,,23,train,124808,124808,1248260
1005,34,,27,train,124808,124808,1248260
10055,34,,30,train,124808,124808,1560325
1006,34,,28,train,124808,124808,1560325
10062,34,,30,train,124808,124808,1560325
10064,34,,18,train,124808,124808,936195
10068,34,,7,train,124808,124808,312065
10072,34,,29,train,124808,124808,1560325
10110,34,,24,train,124808,124808,1248260
10125,34,,29,train,124808,124808,1560325
10131,34,,12,train,124808,124808,624130
10135,34,,30,train,124808,124808,1560325
10136,34,,25,train,124808,124808,1248260
10151,34,,14,train,124808,124808,624130
10152,34,,19,train,124808,124808,936195
1038,34,,20,train,124808,124808,936195
1060,34,,22,train,124808,124808,936195
1088,34,,30,train,124808,124808,1560325
1093,34,,23,train,124808,124808,1248260
10002,35,,23,train,124808,124808,1248260
10043,35,,21,train,124808,124808,936195
10045,35,,25,train,124808,124808,1248260
10046,35,,23,train,124808,124808,1248260
1005,35,,27,train,124808,124808,1248260
10055,35,,30,train,124808,124808,1560325
1006,35,,28,train,124808,124808,1560325
10062,35,,30,train,124808,124808,1560325
10064,35,,18,train,124808,124808,936195
10068,35,,7,train,124808,124808,312065
10072,35,,29,train,124808,124808,1560325
10110,35,,24,train,124808,124808,1248260
10125,35,,29,train,124808,124808,1560325
10131,35,,12,train,124808,124808,624130
10135,35,,30,train,124808,124808,1560325
10136,35,,25,train,124808,124808,1248260
10151,35,,14,train,124808,124808,624130
10152,35,,19,train,124808,124808,936195
1038,35,,20,train,124808,124808,936195
1060,35,,22,train,124808,124808,936195
1088,35,,30,train,124808,124808,1560325
1093,35,,23,train,124808,124808,1248260
10002,36,,23,train,124808,124808,1248260
10043,36,,21,train,124808,124808,936195
10045,36,,25,train,124808,124808,1248260
10046,36,,23,train,124808,124808,1248260
1005,36,,27,train,124808,124808,1248260
10055,36,,30,train,124808,124808,1560325
1006,36,,28,train,124808,124808,1560325
10062,36,,30,train,124808,124808,1560325
10064,36,,18,train,124808,124808,936195
10068,36,,7,train,124808,124808,312065
10072,36,,29,train,124808,124808,1560325
10110,36,,24,train,124808,124808,1248260
10125,36,,29,train,124808,124808,1560325
10131,36,,12,train,124808,124808,624130
10135,36,,30,train,124808,124808,1560325
10136,36,,25,train,124808,124808,1248260
10151,36,,14,train,124808,124808,624130
10152,36,,19,train,124808,124808,936195
1038,36,,20,train,124808,124808,936195
1060,36,,22,train,124808,124808,936195
1088,36,,30,train,124808,124808,1560325
1093,36,,23,train,124808,124808,1248260
10002,37,,23,train,124808,124808,1248260
10043,37,,21,train,124808,124808,936195
10045,37,,25,train,124808,124808,1248260
10046,37,,23,train,124808,124808,1248260
1005,37,,27,train,124808,124808,1248260
10055,37,,30,train,124808,124808,1560325
1006,37,,28,train,124808,124808,1560325
10062,37,,30,train,124808,124808,1560325
10064,37,,18,train,124808,124808,936195
10068,37,,7,train,124808,124808,312065
10072,37,,29,train,124808,124808,1560325
10110,37,,24,train,124808,124808,1248260
10125,37,,29,train,124808,124808,1560325
10131,37,,12,train,124808,124808,624130
10135,37,,30,train,124808,124808,1560325
10136,37,,25,train,124808,124808,1248260
10151,37,,14,train,124808,124808,624130
10152,37,,19,train,124808,124808,936195
1038,37,,20,train,124808,124808,936195
1060,37,,22,train,124808,124808,936195
1088,37,,30,train,124808,124808,1560325
1093,37,,23,train,124808,124808,1248260
10002,38,,23,train,124808,124808,1248260
10043,38,,21,train,124808,124808,936195
10045,38,,25,train,124808,124808,1248260
10046,38,,23,train,124808,124808,1248260
1005,38,,27,train,124808,124808,1248260
10055,38,,30,train,124808,124808,1560325
1006,38,,28,train,124808,124808,1560325
10062,38,,30,train,124808,124808,1560325
10064,38,,18,train,124808,124808,936195
10068,38,,7,train,124808,124808,312065
10072,38,,29,train,124808,124808,1560325
10110,38,,24,train,124808,124808,1248260
10125,38,,29,train,124808,124808,1560325
10131,38,,12,train,124808,124808,624130
10135,38,,30,train,124808,124808,1560325
10136,38,,25,train,124808,124808,1248260
10151,38,,14,train,124808,124808,624130
10152,38,,19,train,124808,124808,936195
1038,38,,20,train,124808,124808,936195
1060,38,,22,train,124808,124808,936195
1088,38,,30,train,124808,124808,1560325
1093,38,,23,train,124808,124808,1248260
10002,39,,23,train,124808,124808,1248260
10043,39,,21,train,124808,124808,936195
10045,39,,25,train,124808,124808,1248260
10046,39,,23,train,124808,124808,1248260
1005,39,,27,train,124808,124808,1248260
10055,39,,30,train,124808,124808,1560325
1006,39,,28,train,124808,124808,1560325
10062,39,,30,train,124808,124808,1560325
10064,39,,18,train,124808,124808,936195
10068,39,,7,train,124808,124808,312065
10072,39,,29,train,124808,124808,1560325
10110,39,,24,train,124808,124808,1248260
10125,39,,29,train,124808,124808,1560325
10131,39,,12,train,124808,124808,624130
10135,39,,30,train,124808,124808,1560325
10136,39,,25,train,124808,124808,1248260
10151,39,,14,train,124808,124808,624130
10152,39,,19,train,124808,124808,936195
1038,39,,20,train,124808,124808,936195
1060,39,,22,train,124808,124808,936195
1088,39,,30,train,124808,124808,1560325
1093,39,,23,train,124808,124808,1248260
10002,40,,23,train,124808,124808,1248260
10043,40,,21,train,124808,124808,936195
10045,40,,25,train,124808,124808,1248260
10046,40,,23,train,124808,124808,1248260
1005,40,,27,train,124808,124808,1248260
10055,40,,30,train,124808,124808,1560325
1006,40,,28,train,124808,124808,1560325
10062,40,,30,train,124808,124808,1560325
10064,40,,18,train,124808,124808,936195
10068,40,,7,train,124808,124808,312065
10072,40,,29,train,124808,124808,1560325
10110,40,,24,train,124808,124808,1248260
10125,40,,29,train,124808,124808,1560325
10131,40,,12,train,124808,124808,624130
10135,40,,30,train,124808,124808,1560325
10136,40,,25,train,124808,124808,1248260
10151,40,,14,train,124808,124808,624130
10152,40,,19,train,124808,124808,936195
1038,40,,20,train,124808,124808,936195
1060,40,,22,train,124808,124808,936195
1088,40,,30,train,124808,124808,1560325
1093,40,,23,train,124808,124808,1248260
10002,41,,23,train,124808,124808,1248260
10043,41,,21,train,124808,124808,936195
10045,41,,25,train,124808,124808,1248260
10046,41,,23,train,124808,124808,1248260
1005,41,,27,train,124808,124808,1248260
10055,41,,30,train,124808,124808,1560325
1006,41,,28,train,124808,124808,1560325
10062,41,,30,train,124808,124808,1560325
10064,41,,18,train,124808,124808,936195
10068,41,,7,train,124808,124808,312065
10072,41,,29,train,124808,124808,1560325
10110,41,,24,train,124808,124808,1248260
10125,41,,29,train,124808,124808,1560325
10131,41,,12,train,124808,124808,624130
10135,41,,30,train,124808,124808,1560325
10136,41,,25,train,124808,124808,1248260
10151,41,,14,train,124808,124808,624130
10152,41,,19,train,124808,124808,936195
1038,41,,20,train,124808,124808,936195
1060,41,,22,train,124808,124808,936195
1088,41,,30,train,124808,124808,1560325
1093,41,,23,train,124808,124808,1248260
10002,42,,23,train,124808,124808,1248260
10043,42,,21,train,124808,124808,936195
10045,42,,25,train,124808,124808,1248260
10046,42,,23,train,124808,124808,1248260
1005,42,,27,train,124808,124808,1248260
10055,42,,30,train,124808,124808,1560325
1006,42,,28,train,124808,124808,1560325
10062,42,,30,train,124808,124808,1560325
10064,42,,18,train,124808,124808,936195
10068,42,,7,train,124808,124808,312065
10072,42,,29,train,124808,124808,1560325
10110,42,,24,train,124808,124808,1248260
10125,42,,29,train,124808,124808,1560325
10131,42,,12,train,124808,124808,624130
10135,42,,30,train,124808,124808,1560325
10136,42,,25,train,124808,124808,1248260
10151,42,,14,train,124808,124808,624130
10152,42,,19,train,124808,124808,936195
1038,42,,20,train,124808,124808,936195
1060,42,,22,train,124808,124808,936195
1088,42,,30,train,124808,124808,1560325
1093,42,,23,train,124808,124808,1248260
10002,43,,23,train,124808,124808,1248260
10043,43,,21,train,124808,124808,936195
10045,43,,25,train,124808,124808,1248260
10046,43,,23,train,124808,124808,1248260
1005,43,,27,train,124808,124808,1248260
10055,43,,30,train,124808,124808,1560325
1006,43,,28,train,124808,124808,1560325
10062,43,,30,train,124808,124808,1560325
10064,43,,18,train,124808,124808,936195
10068,43,,7,train,124808,124808,312065
10072,43,,29,train,124808,124808,1560325
10110,43,,24,train,124808,124808,1248260
10125,43,,29,train,124808,124808,1560325
10131,43,,12,train,124808,124808,624130
10135,43,,30,train,124808,124808,1560325
10136,43,,25,train,124808,124808,1248260
10151,43,,14,train,124808,124808,624130
10152,43,,19,train,124808,124808,936195
1038,43,,20,train,124808,124808,936195
1060,43,,22,train,124808,124808,936195
1088,43,,30,train,124808,124808,1560325
1093,43,,23,train,124808,124808,1248260
10002,44,,23,train,124808,124808,1248260
10043,44,,21,train,124808,124808,936195
10045,44,,25,train,124808,124808,1248260
10046,44,,23,train,124808,124808,1248260
1005,44,,27,train,124808,124808,1248260
10055,44,,30,train,124808,124808,1560325
1006,44,,28,train,124808,124808,1560325
10062,44,,30,train,124808,124808,1560325
10064,44,,18,train,124808,124808,936195
10068,44,,7,train,124808,124808,312065
10072,44,,29,train,124808,124808,1560325
10110,44,,24,train,124808,124808,1248260
10125,44,,29,train,124808,124808,1560325
10131,44,,12,train,124808,124808,624130
10135,44,,30,train,124808,124808,1560325
10136,44,,25,train,124808,124808,1248260
10151,44,,14,train,124808,124808,624130
10152,44,,19,train,124808,124808,936195
1038,44,,20,train,124808,124808,936195
1060,44,,22,train,124808,124808,936195
1088,44,,30,train,124808,124808,1560325
1093,44,,23,train,124808,124808,1248260
10002,45,,23,train,124808,124808,1248260
10043,45,,21,train,124808,124808,936195
10045,45,,25,train,124808,124808,1248260
10046,45,,23,train,124808,124808,1248260
1005,45,,27,train,124808,124808,1248260
10055,45,,30,train,124808,124808,1560325
1006,45,,28,train,124808,124808,1560325
10062,45,,30,train,124808,124808,1560325
10064,45,,18,train,124808,124808,936195
10068,45,,7,train,124808,124808,312065
10072,45,,29,train,124808,124808,1560325
10110,45,,24,train,124808,124808,1248260
10125,45,,29,train,124808,124808,1560325
10131,45,,12,train,124808,124808,624130
10135,45,,30,train,124808,124808,1560325
10136,45,,25,train,124808,124808,1248260
10151,45,,14,train,124808,124808,624130
10152,45,,19,train,124808,124808,936195
1038,45,,20,train,124808,124808,936195
1060,45,,22,train,124808,124808,936195
1088,45,,30,train,124808,124808,1560325
1093,45,,23,train,124808,124808,1248260
10002,46,,23,train,124808,124808,1248260
10043,46,,21,train,124808,124808,936195
10045,46,,25,train,124808,124808,1248260
10046,46,,23,train,124808,124808,1248260
1005,46,,27,train,124808,124808,1248260
10055,46,,30,train,124808,124808,1560325
1006,46,,28,train,124808,124808,1560325
10062,46,,30,train,124808,124808,1560325
10064,46,,18,train,124808,124808,936195
10068,46,,7,train,124808,124808,312065
10072,46,,29,train,124808,124808,1560325
10110,46,,24,train,124808,124808,1248260
10125,46,,29,train,124808,124808,1560325
10131,46,,12,train,124808,124808,624130
10135,46,,30,train,124808,124808,1560325
10136,46,,25,train,124808,124808,1248260
10151,46,,14,train,124808,124808,624130
10152,46,,19,train,124808,124808,936195
1038,46,,20,train,124808,124808,936195
1060,46,,22,train,124808,124808,936195
1088,46,,30,train,124808,124808,1560325
1093,46,,23,train,124808,124808,1248260
10002,47,,23,train,124808,124808,1248260
10043,47,,21,train,124808,124808,936195
10045,47,,25,train,124808,124808,1248260
10046,47,,23,train,124808,124808,1248260
1005,47,,27,train,124808,124808,1248260
10055,47,,30,train,124808,124808,1560325
1006,47,,28,train,124808,124808,1560325
10062,47,,30,train,124808,124808,1560325
10064,47,,18,train,124808,124808,936195
10068,47,,7,train,124808,124808,312065
10072,47,,29,train,124808,124808,1560325
10110,47,,24,train,124808,124808,1248260
10125,47,,29,train,124808,124808,1560325
10131,47,,12,train,124808,124808,624130
10135,47,,30,train,124808,124808,1560325
10136,47,,25,train,124808,124808,1248260
10151,47,,14,train,124808,124808,624130
10152,47,,19,train,124808,124808,936195
1038,47,,20,train,124808,124808,936195
1060,47,,22,train,124808,124808,936195
1088,47,,30,train,124808,124808,1560325
1093,47,,23,train,124808,124808,1248260
10002,48,,23,train,124808,124808,1248260
10043,48,,21,train,124808,124808,936195
10045,48,,25,train,124808,124808,1248260
10046,48,,23,train,124808,124808,1248260
1005,48,,27,train,124808,124808,1248260
10055,48,,30,train,124808,124808,1560325
1006,48,,28,train,124808,124808,1560325
10062,48,,30,train,124808,124808,1560325
10064,48,,18,train,124808,124808,936195
10068,48,,7,train,124808,124808,312065
10072,48,,29,train,124808,124808,1560325
10110,48,,24,train,124808,124808,1248260
10125,48,,29,train,124808,124808,1560325
10131,48,,12,train,124808,124808,624130
10135,48,,30,train,124808,124808,1560325
10136,48,,25,train,124808,124808,1248260
10151,48,,14,train,124808,124808,624130
10152,48,,19,train,124808,124808,936195
1038,48,,20,train,124808,124808,936195
1060,48,,22,train,124808,124808,936195
1088,48,,30,train,124808,124808,1560325
1093,48,,23,train,124808,124808,1248260
10002,49,,23,train,124808,124808,1248260
10043,49,,21,train,124808,124808,936195
10045,49,,25,train,124808,124808,1248260
10046,49,,23,train,124808,124808,1248260
1005,49,,27,train,124808,124808,1248260
10055,49,,30,train,124808,124808,1560325
1006,49,,28,train,124808,124808,1560325
10062,49,,30,train,124808,124808,1560325
10064,49,,18,train,124808,124808,936195
10068,49,,7,train,124808,124808,312065
10072,49,,29,train,124808,124808,1560325
10110,49,,24,train,124808,124808,1248260
10125,49,,29,train,124808,124808,1560325
10131,49,,12,train,124808,124808,624130
10135,49,,30,train,124808,124808,1560325
10136,49,,25,train,124808,124808,1248260
10151,49,,14,train,124808,124808,624130
10152,49,,19,train,124808,124808,936195
1038,49,,20,train,124808,124808,936195
1060,49,,22,train,124808,124808,936195
1088,49,,30,train,124808,124808,1560325
1093,49,,23,train,124808,124808,1248260
10002,50,,23,train,124808,124808,1248260
10043,50,,21,train,124808,124808,936195
10045,50,,25,train,124808,124808,1248260
10046,50,,23,train,124808,124808,1248260
1005,50,,27,train,124808,124808,1248260
10055,50,,30,train,124808,124808,1560325
1006,50,,28,train,124808,124808,1560325
10062,50,,30,train,124808,124808,1560325
10064,50,,18,train,124808,124808,936195
10068,50,,7,train,124808,124808,312065
10072,50,,29,train,124808,124808,1560325
10110,50,,24,train,124808,124808,1248260
10125,50,,29,train,124808,124808,1560325
10131,50,,12,train,124808,124808,624130
10135,50,,30,train,124808,124808,1560325
10136,50,,25,train,124808,124808,1248260
10151,50,,14,train,124808,124808,624130
10152,50,,19,train,124808,124808,936195
1038,50,,20,train,124808,124808,936195
1060,50,,22,train,124808,124808,936195
1088,50,,30,train,124808,124808,1560325
1093,50,,23,train,124808,124808,1248260
