5595,1,,23,train,124808,124808,1248260
5879,1,,30,train,124808,124808,1560325
9301,1,,9,train,124808,124808,312065
1480,1,,24,train,124808,124808,1248260
1653,1,,18,train,124808,124808,936195
10135,1,,30,train,124808,124808,1560325
8337,1,,23,train,124808,124808,1248260
7835,1,,14,train,124808,124808,624130
8765,1,,20,train,124808,124808,936195
9838,1,,12,train,124808,124808,624130
8088,1,,29,train,124808,124808,1560325
4923,1,,30,train,124808,124808,1560325
7841,1,,13,train,124808,124808,624130
1929,1,,30,train,124808,124808,1560325
6572,1,,23,train,124808,124808,1248260
2136,1,,30,train,124808,124808,1560325
9469,1,,7,train,124808,124808,312065
5555,1,,21,train,124808,124808,936195
5119,2,,15,train,124808,124808,624130
8147,2,,7,train,124808,124808,312065
5125,2,,30,train,124808,124808,1560325
4407,2,,30,train,124808,124808,1560325
8397,2,,5,train,124808,124808,249652.0
3906,2,,5,train,124808,124808,249652.0
6646,2,,23,train,124808,124808,1248260
4181,2,,30,train,124808,124808,1560325
9526,2,,20,train,124808,124808,936195
2074,2,,23,train,124808,124808,1248260
8765,2,,20,train,124808,124808,936195
5086,2,,30,train,124808,124808,1560325
8096,2,,21,train,124808,124808,936195
5552,2,,30,train,124808,124808,1560325
6939,2,,19,train,124808,124808,936195
7250,2,,18,train,124808,124808,936195
6010,2,,18,train,124808,124808,936195
5694,2,,30,train,124808,124808,1560325
6646,3,,23,train,124808,124808,1248260
4181,3,,30,train,124808,124808,1560325
9526,3,,20,train,124808,124808,936195
2074,3,,23,train,124808,124808,1248260
8765,3,,20,train,124808,124808,936195
5086,3,,30,train,124808,124808,1560325
8096,3,,21,train,124808,124808,936195
5552,3,,30,train,124808,124808,1560325
6939,3,,19,train,124808,124808,936195
7250,3,,18,train,124808,124808,936195
6010,3,,18,train,124808,124808,936195
5694,3,,30,train,124808,124808,1560325
7706,3,,23,train,124808,124808,1248260
1882,3,,30,train,124808,124808,1560325
2519,3,,13,train,124808,124808,624130
7460,3,,30,train,124808,124808,1560325
2763,3,,20,train,124808,124808,936195
2008,3,,19,train,124808,124808,936195
5119,4,,15,train,124808,124808,624130
8147,4,,7,train,124808,124808,312065
5125,4,,30,train,124808,124808,1560325
4407,4,,30,train,124808,124808,1560325
8397,4,,5,train,124808,124808,249652.0
3906,4,,5,train,124808,124808,249652.0
6646,4,,23,train,124808,124808,1248260
4181,4,,30,train,124808,124808,1560325
9526,4,,20,train,124808,124808,936195
2074,4,,23,train,124808,124808,1248260
8765,4,,20,train,124808,124808,936195
5086,4,,30,train,124808,124808,1560325
8096,4,,21,train,124808,124808,936195
5552,4,,30,train,124808,124808,1560325
6939,4,,19,train,124808,124808,936195
7250,4,,18,train,124808,124808,936195
6010,4,,18,train,124808,124808,936195
5694,4,,30,train,124808,124808,1560325
5119,5,,15,train,124808,124808,624130
8147,5,,7,train,124808,124808,312065
5125,5,,30,train,124808,124808,1560325
4407,5,,30,train,124808,124808,1560325
8397,5,,5,train,124808,124808,249652.0
3906,5,,5,train,124808,124808,249652.0
6646,5,,23,train,124808,124808,1248260
4181,5,,30,train,124808,124808,1560325
9526,5,,20,train,124808,124808,936195
2074,5,,23,train,124808,124808,1248260
8765,5,,20,train,124808,124808,936195
5086,5,,30,train,124808,124808,1560325
8096,5,,21,train,124808,124808,936195
5552,5,,30,train,124808,124808,1560325
6939,5,,19,train,124808,124808,936195
7250,5,,18,train,124808,124808,936195
6010,5,,18,train,124808,124808,936195
5694,5,,30,train,124808,124808,1560325
6646,6,,23,train,124808,124808,1248260
4181,6,,30,train,124808,124808,1560325
9526,6,,20,train,124808,124808,936195
2074,6,,23,train,124808,124808,1248260
8765,6,,20,train,124808,124808,936195
5086,6,,30,train,124808,124808,1560325
8096,6,,21,train,124808,124808,936195
5552,6,,30,train,124808,124808,1560325
6939,6,,19,train,124808,124808,936195
7250,6,,18,train,124808,124808,936195
6010,6,,18,train,124808,124808,936195
5694,6,,30,train,124808,124808,1560325
7706,6,,23,train,124808,124808,1248260
1882,6,,30,train,124808,124808,1560325
2519,6,,13,train,124808,124808,624130
7460,6,,30,train,124808,124808,1560325
2763,6,,20,train,124808,124808,936195
2008,6,,19,train,124808,124808,936195
5119,7,,15,train,124808,124808,624130
8147,7,,7,train,124808,124808,312065
5125,7,,30,train,124808,124808,1560325
4407,7,,30,train,124808,124808,1560325
8397,7,,5,train,124808,124808,249652.0
3906,7,,5,train,124808,124808,249652.0
6646,7,,23,train,124808,124808,1248260
4181,7,,30,train,124808,124808,1560325
9526,7,,20,train,124808,124808,936195
2074,7,,23,train,124808,124808,1248260
8765,7,,20,train,124808,124808,936195
5086,7,,30,train,124808,124808,1560325
8096,7,,21,train,124808,124808,936195
5552,7,,30,train,124808,124808,1560325
6939,7,,19,train,124808,124808,936195
7250,7,,18,train,124808,124808,936195
6010,7,,18,train,124808,124808,936195
5694,7,,30,train,124808,124808,1560325
5119,8,,15,train,124808,124808,624130
8147,8,,7,train,124808,124808,312065
5125,8,,30,train,124808,124808,1560325
4407,8,,30,train,124808,124808,1560325
8397,8,,5,train,124808,124808,249652.0
3906,8,,5,train,124808,124808,249652.0
6646,8,,23,train,124808,124808,1248260
4181,8,,30,train,124808,124808,1560325
9526,8,,20,train,124808,124808,936195
2074,8,,23,train,124808,124808,1248260
8765,8,,20,train,124808,124808,936195
5086,8,,30,train,124808,124808,1560325
8096,8,,21,train,124808,124808,936195
5552,8,,30,train,124808,124808,1560325
6939,8,,19,train,124808,124808,936195
7250,8,,18,train,124808,124808,936195
6010,8,,18,train,124808,124808,936195
5694,8,,30,train,124808,124808,1560325
6646,9,,23,train,124808,124808,1248260
4181,9,,30,train,124808,124808,1560325
9526,9,,20,train,124808,124808,936195
2074,9,,23,train,124808,124808,1248260
8765,9,,20,train,124808,124808,936195
5086,9,,30,train,124808,124808,1560325
8096,9,,21,train,124808,124808,936195
5552,9,,30,train,124808,124808,1560325
6939,9,,19,train,124808,124808,936195
7250,9,,18,train,124808,124808,936195
6010,9,,18,train,124808,124808,936195
5694,9,,30,train,124808,124808,1560325
7706,9,,23,train,124808,124808,1248260
1882,9,,30,train,124808,124808,1560325
2519,9,,13,train,124808,124808,624130
7460,9,,30,train,124808,124808,1560325
2763,9,,20,train,124808,124808,936195
2008,9,,19,train,124808,124808,936195
3526,10,,22,train,124808,124808,936195
132,10,,29,train,124808,124808,1560325
3223,10,,20,train,124808,124808,936195
5119,10,,15,train,124808,124808,624130
8147,10,,7,train,124808,124808,312065
5125,10,,30,train,124808,124808,1560325
4407,10,,30,train,124808,124808,1560325
8397,10,,5,train,124808,124808,249652.0
3906,10,,5,train,124808,124808,249652.0
6646,10,,23,train,124808,124808,1248260
4181,10,,30,train,124808,124808,1560325
9526,10,,20,train,124808,124808,936195
2074,10,,23,train,124808,124808,1248260
8765,10,,20,train,124808,124808,936195
5086,10,,30,train,124808,124808,1560325
8096,10,,21,train,124808,124808,936195
5552,10,,30,train,124808,124808,1560325
6939,10,,19,train,124808,124808,936195
5119,11,,15,train,124808,124808,624130
8147,11,,7,train,124808,124808,312065
5125,11,,30,train,124808,124808,1560325
4407,11,,30,train,124808,124808,1560325
8397,11,,5,train,124808,124808,249652.0
3906,11,,5,train,124808,124808,249652.0
6646,11,,23,train,124808,124808,1248260
4181,11,,30,train,124808,124808,1560325
9526,11,,20,train,124808,124808,936195
2074,11,,23,train,124808,124808,1248260
8765,11,,20,train,124808,124808,936195
5086,11,,30,train,124808,124808,1560325
8096,11,,21,train,124808,124808,936195
5552,11,,30,train,124808,124808,1560325
6939,11,,19,train,124808,124808,936195
7250,11,,18,train,124808,124808,936195
6010,11,,18,train,124808,124808,936195
5694,11,,30,train,124808,124808,1560325
5119,12,,15,train,124808,124808,624130
8147,12,,7,train,124808,124808,312065
5125,12,,30,train,124808,124808,1560325
4407,12,,30,train,124808,124808,1560325
8397,12,,5,train,124808,124808,249652.0
3906,12,,5,train,124808,124808,249652.0
6646,12,,23,train,124808,124808,1248260
4181,12,,30,train,124808,124808,1560325
9526,12,,20,train,124808,124808,936195
2074,12,,23,train,124808,124808,1248260
8765,12,,20,train,124808,124808,936195
5086,12,,30,train,124808,124808,1560325
8096,12,,21,train,124808,124808,936195
5552,12,,30,train,124808,124808,1560325
6939,12,,19,train,124808,124808,936195
7250,12,,18,train,124808,124808,936195
6010,12,,18,train,124808,124808,936195
5694,12,,30,train,124808,124808,1560325
6646,13,,23,train,124808,124808,1248260
4181,13,,30,train,124808,124808,1560325
9526,13,,20,train,124808,124808,936195
2074,13,,23,train,124808,124808,1248260
8765,13,,20,train,124808,124808,936195
5086,13,,30,train,124808,124808,1560325
8096,13,,21,train,124808,124808,936195
5552,13,,30,train,124808,124808,1560325
6939,13,,19,train,124808,124808,936195
7250,13,,18,train,124808,124808,936195
6010,13,,18,train,124808,124808,936195
5694,13,,30,train,124808,124808,1560325
7706,13,,23,train,124808,124808,1248260
1882,13,,30,train,124808,124808,1560325
2519,13,,13,train,124808,124808,624130
7460,13,,30,train,124808,124808,1560325
2763,13,,20,train,124808,124808,936195
2008,13,,19,train,124808,124808,936195
5119,14,,15,train,124808,124808,624130
8147,14,,7,train,124808,124808,312065
5125,14,,30,train,124808,124808,1560325
4407,14,,30,train,124808,124808,1560325
8397,14,,5,train,124808,124808,249652.0
3906,14,,5,train,124808,124808,249652.0
6646,14,,23,train,124808,124808,1248260
4181,14,,30,train,124808,124808,1560325
9526,14,,20,train,124808,124808,936195
2074,14,,23,train,124808,124808,1248260
8765,14,,20,train,124808,124808,936195
5086,14,,30,train,124808,124808,1560325
8096,14,,21,train,124808,124808,936195
5552,14,,30,train,124808,124808,1560325
6939,14,,19,train,124808,124808,936195
7250,14,,18,train,124808,124808,936195
6010,14,,18,train,124808,124808,936195
5694,14,,30,train,124808,124808,1560325
6646,15,,23,train,124808,124808,1248260
4181,15,,30,train,124808,124808,1560325
9526,15,,20,train,124808,124808,936195
2074,15,,23,train,124808,124808,1248260
8765,15,,20,train,124808,124808,936195
5086,15,,30,train,124808,124808,1560325
8096,15,,21,train,124808,124808,936195
5552,15,,30,train,124808,124808,1560325
6939,15,,19,train,124808,124808,936195
7250,15,,18,train,124808,124808,936195
6010,15,,18,train,124808,124808,936195
5694,15,,30,train,124808,124808,1560325
7706,15,,23,train,124808,124808,1248260
1882,15,,30,train,124808,124808,1560325
2519,15,,13,train,124808,124808,624130
7460,15,,30,train,124808,124808,1560325
2763,15,,20,train,124808,124808,936195
2008,15,,19,train,124808,124808,936195
6646,16,,23,train,124808,124808,1248260
4181,16,,30,train,124808,124808,1560325
9526,16,,20,train,124808,124808,936195
2074,16,,23,train,124808,124808,1248260
8765,16,,20,train,124808,124808,936195
5086,16,,30,train,124808,124808,1560325
8096,16,,21,train,124808,124808,936195
5552,16,,30,train,124808,124808,1560325
6939,16,,19,train,124808,124808,936195
7250,16,,18,train,124808,124808,936195
6010,16,,18,train,124808,124808,936195
5694,16,,30,train,124808,124808,1560325
7706,16,,23,train,124808,124808,1248260
1882,16,,30,train,124808,124808,1560325
2519,16,,13,train,124808,124808,624130
7460,16,,30,train,124808,124808,1560325
2763,16,,20,train,124808,124808,936195
2008,16,,19,train,124808,124808,936195
7963,17,,29,train,124808,124808,1560325
5595,17,,23,train,124808,124808,1248260
5879,17,,30,train,124808,124808,1560325
9301,17,,9,train,124808,124808,312065
1480,17,,24,train,124808,124808,1248260
1653,17,,18,train,124808,124808,936195
10135,17,,30,train,124808,124808,1560325
8337,17,,23,train,124808,124808,1248260
7835,17,,14,train,124808,124808,624130
8765,17,,20,train,124808,124808,936195
9838,17,,12,train,124808,124808,624130
8088,17,,29,train,124808,124808,1560325
4923,17,,30,train,124808,124808,1560325
7841,17,,13,train,124808,124808,624130
1929,17,,30,train,124808,124808,1560325
6572,17,,23,train,124808,124808,1248260
2136,17,,30,train,124808,124808,1560325
9469,17,,7,train,124808,124808,312065
6630,18,,29,train,124808,124808,1560325
4691,18,,30,train,124808,124808,1560325
8952,18,,28,train,124808,124808,1560325
9610,18,,30,train,124808,124808,1560325
4310,18,,30,train,124808,124808,1560325
7963,18,,29,train,124808,124808,1560325
5595,18,,23,train,124808,124808,1248260
5879,18,,30,train,124808,124808,1560325
9301,18,,9,train,124808,124808,312065
1480,18,,24,train,124808,124808,1248260
1653,18,,18,train,124808,124808,936195
10135,18,,30,train,124808,124808,1560325
8337,18,,23,train,124808,124808,1248260
7835,18,,14,train,124808,124808,624130
8765,18,,20,train,124808,124808,936195
9838,18,,12,train,124808,124808,624130
8088,18,,29,train,124808,124808,1560325
4923,18,,30,train,124808,124808,1560325
4691,19,,30,train,124808,124808,1560325
8952,19,,28,train,124808,124808,1560325
9610,19,,30,train,124808,124808,1560325
4310,19,,30,train,124808,124808,1560325
7963,19,,29,train,124808,124808,1560325
5595,19,,23,train,124808,124808,1248260
5879,19,,30,train,124808,124808,1560325
9301,19,,9,train,124808,124808,312065
1480,19,,24,train,124808,124808,1248260
1653,19,,18,train,124808,124808,936195
10135,19,,30,train,124808,124808,1560325
8337,19,,23,train,124808,124808,1248260
7835,19,,14,train,124808,124808,624130
8765,19,,20,train,124808,124808,936195
9838,19,,12,train,124808,124808,624130
8088,19,,29,train,124808,124808,1560325
4923,19,,30,train,124808,124808,1560325
7841,19,,13,train,124808,124808,624130
3526,20,,22,train,124808,124808,936195
132,20,,29,train,124808,124808,1560325
3223,20,,20,train,124808,124808,936195
5119,20,,15,train,124808,124808,624130
8147,20,,7,train,124808,124808,312065
5125,20,,30,train,124808,124808,1560325
4407,20,,30,train,124808,124808,1560325
8397,20,,5,train,124808,124808,249652.0
3906,20,,5,train,124808,124808,249652.0
6646,20,,23,train,124808,124808,1248260
4181,20,,30,train,124808,124808,1560325
9526,20,,20,train,124808,124808,936195
2074,20,,23,train,124808,124808,1248260
8765,20,,20,train,124808,124808,936195
5086,20,,30,train,124808,124808,1560325
8096,20,,21,train,124808,124808,936195
5552,20,,30,train,124808,124808,1560325
6939,20,,19,train,124808,124808,936195
5119,21,,15,train,124808,124808,624130
8147,21,,7,train,124808,124808,312065
5125,21,,30,train,124808,124808,1560325
4407,21,,30,train,124808,124808,1560325
8397,21,,5,train,124808,124808,249652.0
3906,21,,5,train,124808,124808,249652.0
6646,21,,23,train,124808,124808,1248260
4181,21,,30,train,124808,124808,1560325
9526,21,,20,train,124808,124808,936195
2074,21,,23,train,124808,124808,1248260
8765,21,,20,train,124808,124808,936195
5086,21,,30,train,124808,124808,1560325
8096,21,,21,train,124808,124808,936195
5552,21,,30,train,124808,124808,1560325
6939,21,,19,train,124808,124808,936195
7250,21,,18,train,124808,124808,936195
6010,21,,18,train,124808,124808,936195
5694,21,,30,train,124808,124808,1560325
5119,22,,15,train,124808,124808,624130
8147,22,,7,train,124808,124808,312065
5125,22,,30,train,124808,124808,1560325
4407,22,,30,train,124808,124808,1560325
8397,22,,5,train,124808,124808,249652.0
3906,22,,5,train,124808,124808,249652.0
6646,22,,23,train,124808,124808,1248260
4181,22,,30,train,124808,124808,1560325
9526,22,,20,train,124808,124808,936195
2074,22,,23,train,124808,124808,1248260
8765,22,,20,train,124808,124808,936195
5086,22,,30,train,124808,124808,1560325
8096,22,,21,train,124808,124808,936195
5552,22,,30,train,124808,124808,1560325
6939,22,,19,train,124808,124808,936195
7250,22,,18,train,124808,124808,936195
6010,22,,18,train,124808,124808,936195
5694,22,,30,train,124808,124808,1560325
6646,23,,23,train,124808,124808,1248260
4181,23,,30,train,124808,124808,1560325
9526,23,,20,train,124808,124808,936195
2074,23,,23,train,124808,124808,1248260
8765,23,,20,train,124808,124808,936195
5086,23,,30,train,124808,124808,1560325
8096,23,,21,train,124808,124808,936195
5552,23,,30,train,124808,124808,1560325
6939,23,,19,train,124808,124808,936195
7250,23,,18,train,124808,124808,936195
6010,23,,18,train,124808,124808,936195
5694,23,,30,train,124808,124808,1560325
7706,23,,23,train,124808,124808,1248260
1882,23,,30,train,124808,124808,1560325
2519,23,,13,train,124808,124808,624130
7460,23,,30,train,124808,124808,1560325
2763,23,,20,train,124808,124808,936195
2008,23,,19,train,124808,124808,936195
5119,24,,15,train,124808,124808,624130
8147,24,,7,train,124808,124808,312065
5125,24,,30,train,124808,124808,1560325
4407,24,,30,train,124808,124808,1560325
8397,24,,5,train,124808,124808,249652.0
3906,24,,5,train,124808,124808,249652.0
6646,24,,23,train,124808,124808,1248260
4181,24,,30,train,124808,124808,1560325
9526,24,,20,train,124808,124808,936195
2074,24,,23,train,124808,124808,1248260
8765,24,,20,train,124808,124808,936195
5086,24,,30,train,124808,124808,1560325
8096,24,,21,train,124808,124808,936195
5552,24,,30,train,124808,124808,1560325
6939,24,,19,train,124808,124808,936195
7250,24,,18,train,124808,124808,936195
6010,24,,18,train,124808,124808,936195
5694,24,,30,train,124808,124808,1560325
6646,25,,23,train,124808,124808,1248260
4181,25,,30,train,124808,124808,1560325
9526,25,,20,train,124808,124808,936195
2074,25,,23,train,124808,124808,1248260
8765,25,,20,train,124808,124808,936195
5086,25,,30,train,124808,124808,1560325
8096,25,,21,train,124808,124808,936195
5552,25,,30,train,124808,124808,1560325
6939,25,,19,train,124808,124808,936195
7250,25,,18,train,124808,124808,936195
6010,25,,18,train,124808,124808,936195
5694,25,,30,train,124808,124808,1560325
7706,25,,23,train,124808,124808,1248260
1882,25,,30,train,124808,124808,1560325
2519,25,,13,train,124808,124808,624130
7460,25,,30,train,124808,124808,1560325
2763,25,,20,train,124808,124808,936195
2008,25,,19,train,124808,124808,936195
5119,26,,15,train,124808,124808,624130
8147,26,,7,train,124808,124808,312065
5125,26,,30,train,124808,124808,1560325
4407,26,,30,train,124808,124808,1560325
8397,26,,5,train,124808,124808,249652.0
3906,26,,5,train,124808,124808,249652.0
6646,26,,23,train,124808,124808,1248260
4181,26,,30,train,124808,124808,1560325
9526,26,,20,train,124808,124808,936195
2074,26,,23,train,124808,124808,1248260
8765,26,,20,train,124808,124808,936195
5086,26,,30,train,124808,124808,1560325
8096,26,,21,train,124808,124808,936195
5552,26,,30,train,124808,124808,1560325
6939,26,,19,train,124808,124808,936195
7250,26,,18,train,124808,124808,936195
6010,26,,18,train,124808,124808,936195
5694,26,,30,train,124808,124808,1560325
5119,27,,15,train,124808,124808,624130
8147,27,,7,train,124808,124808,312065
5125,27,,30,train,124808,124808,1560325
4407,27,,30,train,124808,124808,1560325
8397,27,,5,train,124808,124808,249652.0
3906,27,,5,train,124808,124808,249652.0
6646,27,,23,train,124808,124808,1248260
4181,27,,30,train,124808,124808,1560325
9526,27,,20,train,124808,124808,936195
2074,27,,23,train,124808,124808,1248260
8765,27,,20,train,124808,124808,936195
5086,27,,30,train,124808,124808,1560325
8096,27,,21,train,124808,124808,936195
5552,27,,30,train,124808,124808,1560325
6939,27,,19,train,124808,124808,936195
7250,27,,18,train,124808,124808,936195
6010,27,,18,train,124808,124808,936195
5694,27,,30,train,124808,124808,1560325
5119,28,,15,train,124808,124808,624130
8147,28,,7,train,124808,124808,312065
5125,28,,30,train,124808,124808,1560325
4407,28,,30,train,124808,124808,1560325
8397,28,,5,train,124808,124808,249652.0
3906,28,,5,train,124808,124808,249652.0
6646,28,,23,train,124808,124808,1248260
4181,28,,30,train,124808,124808,1560325
9526,28,,20,train,124808,124808,936195
2074,28,,23,train,124808,124808,1248260
8765,28,,20,train,124808,124808,936195
5086,28,,30,train,124808,124808,1560325
8096,28,,21,train,124808,124808,936195
5552,28,,30,train,124808,124808,1560325
6939,28,,19,train,124808,124808,936195
7250,28,,18,train,124808,124808,936195
6010,28,,18,train,124808,124808,936195
5694,28,,30,train,124808,124808,1560325
6646,29,,23,train,124808,124808,1248260
4181,29,,30,train,124808,124808,1560325
9526,29,,20,train,124808,124808,936195
2074,29,,23,train,124808,124808,1248260
8765,29,,20,train,124808,124808,936195
5086,29,,30,train,124808,124808,1560325
8096,29,,21,train,124808,124808,936195
5552,29,,30,train,124808,124808,1560325
6939,29,,19,train,124808,124808,936195
7250,29,,18,train,124808,124808,936195
6010,29,,18,train,124808,124808,936195
5694,29,,30,train,124808,124808,1560325
7706,29,,23,train,124808,124808,1248260
1882,29,,30,train,124808,124808,1560325
2519,29,,13,train,124808,124808,624130
7460,29,,30,train,124808,124808,1560325
2763,29,,20,train,124808,124808,936195
2008,29,,19,train,124808,124808,936195
6646,30,,23,train,124808,124808,1248260
4181,30,,30,train,124808,124808,1560325
9526,30,,20,train,124808,124808,936195
2074,30,,23,train,124808,124808,1248260
8765,30,,20,train,124808,124808,936195
5086,30,,30,train,124808,124808,1560325
8096,30,,21,train,124808,124808,936195
5552,30,,30,train,124808,124808,1560325
6939,30,,19,train,124808,124808,936195
7250,30,,18,train,124808,124808,936195
6010,30,,18,train,124808,124808,936195
5694,30,,30,train,124808,124808,1560325
7706,30,,23,train,124808,124808,1248260
1882,30,,30,train,124808,124808,1560325
2519,30,,13,train,124808,124808,624130
7460,30,,30,train,124808,124808,1560325
2763,30,,20,train,124808,124808,936195
2008,30,,19,train,124808,124808,936195
5119,31,,15,train,124808,124808,624130
8147,31,,7,train,124808,124808,312065
5125,31,,30,train,124808,124808,1560325
4407,31,,30,train,124808,124808,1560325
8397,31,,5,train,124808,124808,249652.0
3906,31,,5,train,124808,124808,249652.0
6646,31,,23,train,124808,124808,1248260
4181,31,,30,train,124808,124808,1560325
9526,31,,20,train,124808,124808,936195
2074,31,,23,train,124808,124808,1248260
8765,31,,20,train,124808,124808,936195
5086,31,,30,train,124808,124808,1560325
8096,31,,21,train,124808,124808,936195
5552,31,,30,train,124808,124808,1560325
6939,31,,19,train,124808,124808,936195
7250,31,,18,train,124808,124808,936195
6010,31,,18,train,124808,124808,936195
5694,31,,30,train,124808,124808,1560325
6646,32,,23,train,124808,124808,1248260
4181,32,,30,train,124808,124808,1560325
9526,32,,20,train,124808,124808,936195
2074,32,,23,train,124808,124808,1248260
8765,32,,20,train,124808,124808,936195
5086,32,,30,train,124808,124808,1560325
8096,32,,21,train,124808,124808,936195
5552,32,,30,train,124808,124808,1560325
6939,32,,19,train,124808,124808,936195
7250,32,,18,train,124808,124808,936195
6010,32,,18,train,124808,124808,936195
5694,32,,30,train,124808,124808,1560325
7706,32,,23,train,124808,124808,1248260
1882,32,,30,train,124808,124808,1560325
2519,32,,13,train,124808,124808,624130
7460,32,,30,train,124808,124808,1560325
2763,32,,20,train,124808,124808,936195
2008,32,,19,train,124808,124808,936195
3526,33,,22,train,124808,124808,936195
132,33,,29,train,124808,124808,1560325
3223,33,,20,train,124808,124808,936195
5119,33,,15,train,124808,124808,624130
8147,33,,7,train,124808,124808,312065
5125,33,,30,train,124808,124808,1560325
4407,33,,30,train,124808,124808,1560325
8397,33,,5,train,124808,124808,249652.0
3906,33,,5,train,124808,124808,249652.0
6646,33,,23,train,124808,124808,1248260
4181,33,,30,train,124808,124808,1560325
9526,33,,20,train,124808,124808,936195
2074,33,,23,train,124808,124808,1248260
8765,33,,20,train,124808,124808,936195
5086,33,,30,train,124808,124808,1560325
8096,33,,21,train,124808,124808,936195
5552,33,,30,train,124808,124808,1560325
6939,33,,19,train,124808,124808,936195
6646,34,,23,train,124808,124808,1248260
4181,34,,30,train,124808,124808,1560325
9526,34,,20,train,124808,124808,936195
2074,34,,23,train,124808,124808,1248260
8765,34,,20,train,124808,124808,936195
5086,34,,30,train,124808,124808,1560325
8096,34,,21,train,124808,124808,936195
5552,34,,30,train,124808,124808,1560325
6939,34,,19,train,124808,124808,936195
7250,34,,18,train,124808,124808,936195
6010,34,,18,train,124808,124808,936195
5694,34,,30,train,124808,124808,1560325
7706,34,,23,train,124808,124808,1248260
1882,34,,30,train,124808,124808,1560325
2519,34,,13,train,124808,124808,624130
7460,34,,30,train,124808,124808,1560325
2763,34,,20,train,124808,124808,936195
2008,34,,19,train,124808,124808,936195
6646,35,,23,train,124808,124808,1248260
4181,35,,30,train,124808,124808,1560325
9526,35,,20,train,124808,124808,936195
2074,35,,23,train,124808,124808,1248260
8765,35,,20,train,124808,124808,936195
5086,35,,30,train,124808,124808,1560325
8096,35,,21,train,124808,124808,936195
5552,35,,30,train,124808,124808,1560325
6939,35,,19,train,124808,124808,936195
7250,35,,18,train,124808,124808,936195
6010,35,,18,train,124808,124808,936195
5694,35,,30,train,124808,124808,1560325
7706,35,,23,train,124808,124808,1248260
1882,35,,30,train,124808,124808,1560325
2519,35,,13,train,124808,124808,624130
7460,35,,30,train,124808,124808,1560325
2763,35,,20,train,124808,124808,936195
2008,35,,19,train,124808,124808,936195
5119,36,,15,train,124808,124808,624130
8147,36,,7,train,124808,124808,312065
5125,36,,30,train,124808,124808,1560325
4407,36,,30,train,124808,124808,1560325
8397,36,,5,train,124808,124808,249652.0
3906,36,,5,train,124808,124808,249652.0
6646,36,,23,train,124808,124808,1248260
4181,36,,30,train,124808,124808,1560325
9526,36,,20,train,124808,124808,936195
2074,36,,23,train,124808,124808,1248260
8765,36,,20,train,124808,124808,936195
5086,36,,30,train,124808,124808,1560325
8096,36,,21,train,124808,124808,936195
5552,36,,30,train,124808,124808,1560325
6939,36,,19,train,124808,124808,936195
7250,36,,18,train,124808,124808,936195
6010,36,,18,train,124808,124808,936195
5694,36,,30,train,124808,124808,1560325
5119,37,,15,train,124808,124808,624130
8147,37,,7,train,124808,124808,312065
5125,37,,30,train,124808,124808,1560325
4407,37,,30,train,124808,124808,1560325
8397,37,,5,train,124808,124808,249652.0
3906,37,,5,train,124808,124808,249652.0
6646,37,,23,train,124808,124808,1248260
4181,37,,30,train,124808,124808,1560325
9526,37,,20,train,124808,124808,936195
2074,37,,23,train,124808,124808,1248260
8765,37,,20,train,124808,124808,936195
5086,37,,30,train,124808,124808,1560325
8096,37,,21,train,124808,124808,936195
5552,37,,30,train,124808,124808,1560325
6939,37,,19,train,124808,124808,936195
7250,37,,18,train,124808,124808,936195
6010,37,,18,train,124808,124808,936195
5694,37,,30,train,124808,124808,1560325
5119,38,,15,train,124808,124808,624130
8147,38,,7,train,124808,124808,312065
5125,38,,30,train,124808,124808,1560325
4407,38,,30,train,124808,124808,1560325
8397,38,,5,train,124808,124808,249652.0
3906,38,,5,train,124808,124808,249652.0
6646,38,,23,train,124808,124808,1248260
4181,38,,30,train,124808,124808,1560325
9526,38,,20,train,124808,124808,936195
2074,38,,23,train,124808,124808,1248260
8765,38,,20,train,124808,124808,936195
5086,38,,30,train,124808,124808,1560325
8096,38,,21,train,124808,124808,936195
5552,38,,30,train,124808,124808,1560325
6939,38,,19,train,124808,124808,936195
7250,38,,18,train,124808,124808,936195
6010,38,,18,train,124808,124808,936195
5694,38,,30,train,124808,124808,1560325
6646,39,,23,train,124808,124808,1248260
4181,39,,30,train,124808,124808,1560325
9526,39,,20,train,124808,124808,936195
2074,39,,23,train,124808,124808,1248260
8765,39,,20,train,124808,124808,936195
5086,39,,30,train,124808,124808,1560325
8096,39,,21,train,124808,124808,936195
5552,39,,30,train,124808,124808,1560325
6939,39,,19,train,124808,124808,936195
7250,39,,18,train,124808,124808,936195
6010,39,,18,train,124808,124808,936195
5694,39,,30,train,124808,124808,1560325
7706,39,,23,train,124808,124808,1248260
1882,39,,30,train,124808,124808,1560325
2519,39,,13,train,124808,124808,624130
7460,39,,30,train,124808,124808,1560325
2763,39,,20,train,124808,124808,936195
2008,39,,19,train,124808,124808,936195
5119,40,,15,train,124808,124808,624130
8147,40,,7,train,124808,124808,312065
5125,40,,30,train,124808,124808,1560325
4407,40,,30,train,124808,124808,1560325
8397,40,,5,train,124808,124808,249652.0
3906,40,,5,train,124808,124808,249652.0
6646,40,,23,train,124808,124808,1248260
4181,40,,30,train,124808,124808,1560325
9526,40,,20,train,124808,124808,936195
2074,40,,23,train,124808,124808,1248260
8765,40,,20,train,124808,124808,936195
5086,40,,30,train,124808,124808,1560325
8096,40,,21,train,124808,124808,936195
5552,40,,30,train,124808,124808,1560325
6939,40,,19,train,124808,124808,936195
7250,40,,18,train,124808,124808,936195
6010,40,,18,train,124808,124808,936195
5694,40,,30,train,124808,124808,1560325
5119,41,,15,train,124808,124808,624130
8147,41,,7,train,124808,124808,312065
5125,41,,30,train,124808,124808,1560325
4407,41,,30,train,124808,124808,1560325
8397,41,,5,train,124808,124808,249652.0
3906,41,,5,train,124808,124808,249652.0
6646,41,,23,train,124808,124808,1248260
4181,41,,30,train,124808,124808,1560325
9526,41,,20,train,124808,124808,936195
2074,41,,23,train,124808,124808,1248260
8765,41,,20,train,124808,124808,936195
5086,41,,30,train,124808,124808,1560325
8096,41,,21,train,124808,124808,936195
5552,41,,30,train,124808,124808,1560325
6939,41,,19,train,124808,124808,936195
7250,41,,18,train,124808,124808,936195
6010,41,,18,train,124808,124808,936195
5694,41,,30,train,124808,124808,1560325
6646,42,,23,train,124808,124808,1248260
4181,42,,30,train,124808,124808,1560325
9526,42,,20,train,124808,124808,936195
2074,42,,23,train,124808,124808,1248260
8765,42,,20,train,124808,124808,936195
5086,42,,30,train,124808,124808,1560325
8096,42,,21,train,124808,124808,936195
5552,42,,30,train,124808,124808,1560325
6939,42,,19,train,124808,124808,936195
7250,42,,18,train,124808,124808,936195
6010,42,,18,train,124808,124808,936195
5694,42,,30,train,124808,124808,1560325
7706,42,,23,train,124808,124808,1248260
1882,42,,30,train,124808,124808,1560325
2519,42,,13,train,124808,124808,624130
7460,42,,30,train,124808,124808,1560325
2763,42,,20,train,124808,124808,936195
2008,42,,19,train,124808,124808,936195
5119,43,,15,train,124808,124808,624130
8147,43,,7,train,124808,124808,312065
5125,43,,30,train,124808,124808,1560325
4407,43,,30,train,124808,124808,1560325
8397,43,,5,train,124808,124808,249652.0
3906,43,,5,train,124808,124808,249652.0
6646,43,,23,train,124808,124808,1248260
4181,43,,30,train,124808,124808,1560325
9526,43,,20,train,124808,124808,936195
2074,43,,23,train,124808,124808,1248260
8765,43,,20,train,124808,124808,936195
5086,43,,30,train,124808,124808,1560325
8096,43,,21,train,124808,124808,936195
5552,43,,30,train,124808,124808,1560325
6939,43,,19,train,124808,124808,936195
7250,43,,18,train,124808,124808,936195
6010,43,,18,train,124808,124808,936195
5694,43,,30,train,124808,124808,1560325
5119,44,,15,train,124808,124808,624130
8147,44,,7,train,124808,124808,312065
5125,44,,30,train,124808,124808,1560325
4407,44,,30,train,124808,124808,1560325
8397,44,,5,train,124808,124808,249652.0
3906,44,,5,train,124808,124808,249652.0
6646,44,,23,train,124808,124808,1248260
4181,44,,30,train,124808,124808,1560325
9526,44,,20,train,124808,124808,936195
2074,44,,23,train,124808,124808,1248260
8765,44,,20,train,124808,124808,936195
5086,44,,30,train,124808,124808,1560325
8096,44,,21,train,124808,124808,936195
5552,44,,30,train,124808,124808,1560325
6939,44,,19,train,124808,124808,936195
7250,44,,18,train,124808,124808,936195
6010,44,,18,train,124808,124808,936195
5694,44,,30,train,124808,124808,1560325
5119,45,,15,train,124808,124808,624130
8147,45,,7,train,124808,124808,312065
5125,45,,30,train,124808,124808,1560325
4407,45,,30,train,124808,124808,1560325
8397,45,,5,train,124808,124808,249652.0
3906,45,,5,train,124808,124808,249652.0
6646,45,,23,train,124808,124808,1248260
4181,45,,30,train,124808,124808,1560325
9526,45,,20,train,124808,124808,936195
2074,45,,23,train,124808,124808,1248260
8765,45,,20,train,124808,124808,936195
5086,45,,30,train,124808,124808,1560325
8096,45,,21,train,124808,124808,936195
5552,45,,30,train,124808,124808,1560325
6939,45,,19,train,124808,124808,936195
7250,45,,18,train,124808,124808,936195
6010,45,,18,train,124808,124808,936195
5694,45,,30,train,124808,124808,1560325
6646,46,,23,train,124808,124808,1248260
4181,46,,30,train,124808,124808,1560325
9526,46,,20,train,124808,124808,936195
2074,46,,23,train,124808,124808,1248260
8765,46,,20,train,124808,124808,936195
5086,46,,30,train,124808,124808,1560325
8096,46,,21,train,124808,124808,936195
5552,46,,30,train,124808,124808,1560325
6939,46,,19,train,124808,124808,936195
7250,46,,18,train,124808,124808,936195
6010,46,,18,train,124808,124808,936195
5694,46,,30,train,124808,124808,1560325
7706,46,,23,train,124808,124808,1248260
1882,46,,30,train,124808,124808,1560325
2519,46,,13,train,124808,124808,624130
7460,46,,30,train,124808,124808,1560325
2763,46,,20,train,124808,124808,936195
2008,46,,19,train,124808,124808,936195
5119,47,,15,train,124808,124808,624130
8147,47,,7,train,124808,124808,312065
5125,47,,30,train,124808,124808,1560325
4407,47,,30,train,124808,124808,1560325
8397,47,,5,train,124808,124808,249652.0
3906,47,,5,train,124808,124808,249652.0
6646,47,,23,train,124808,124808,1248260
4181,47,,30,train,124808,124808,1560325
9526,47,,20,train,124808,124808,936195
2074,47,,23,train,124808,124808,1248260
8765,47,,20,train,124808,124808,936195
5086,47,,30,train,124808,124808,1560325
8096,47,,21,train,124808,124808,936195
5552,47,,30,train,124808,124808,1560325
6939,47,,19,train,124808,124808,936195
7250,47,,18,train,124808,124808,936195
6010,47,,18,train,124808,124808,936195
5694,47,,30,train,124808,124808,1560325
5119,48,,15,train,124808,124808,624130
8147,48,,7,train,124808,124808,312065
5125,48,,30,train,124808,124808,1560325
4407,48,,30,train,124808,124808,1560325
8397,48,,5,train,124808,124808,249652.0
3906,48,,5,train,124808,124808,249652.0
6646,48,,23,train,124808,124808,1248260
4181,48,,30,train,124808,124808,1560325
9526,48,,20,train,124808,124808,936195
2074,48,,23,train,124808,124808,1248260
8765,48,,20,train,124808,124808,936195
5086,48,,30,train,124808,124808,1560325
8096,48,,21,train,124808,124808,936195
5552,48,,30,train,124808,124808,1560325
6939,48,,19,train,124808,124808,936195
7250,48,,18,train,124808,124808,936195
6010,48,,18,train,124808,124808,936195
5694,48,,30,train,124808,124808,1560325
5119,49,,15,train,124808,124808,624130
8147,49,,7,train,124808,124808,312065
5125,49,,30,train,124808,124808,1560325
4407,49,,30,train,124808,124808,1560325
8397,49,,5,train,124808,124808,249652.0
3906,49,,5,train,124808,124808,249652.0
6646,49,,23,train,124808,124808,1248260
4181,49,,30,train,124808,124808,1560325
9526,49,,20,train,124808,124808,936195
2074,49,,23,train,124808,124808,1248260
8765,49,,20,train,124808,124808,936195
5086,49,,30,train,124808,124808,1560325
8096,49,,21,train,124808,124808,936195
5552,49,,30,train,124808,124808,1560325
6939,49,,19,train,124808,124808,936195
7250,49,,18,train,124808,124808,936195
6010,49,,18,train,124808,124808,936195
5694,49,,30,train,124808,124808,1560325
6646,50,,23,train,124808,124808,1248260
4181,50,,30,train,124808,124808,1560325
9526,50,,20,train,124808,124808,936195
2074,50,,23,train,124808,124808,1248260
8765,50,,20,train,124808,124808,936195
5086,50,,30,train,124808,124808,1560325
8096,50,,21,train,124808,124808,936195
5552,50,,30,train,124808,124808,1560325
6939,50,,19,train,124808,124808,936195
7250,50,,18,train,124808,124808,936195
6010,50,,18,train,124808,124808,936195
5694,50,,30,train,124808,124808,1560325
7706,50,,23,train,124808,124808,1248260
1882,50,,30,train,124808,124808,1560325
2519,50,,13,train,124808,124808,624130
7460,50,,30,train,124808,124808,1560325
2763,50,,20,train,124808,124808,936195
2008,50,,19,train,124808,124808,936195
