65027,1,,18,train,24722496,24722496,278903390
27422,1,,5,train,24722496,24722496,83671017.0
15337,1,,16,train,24722496,24722496,278903390
5132,1,,194,train,24722496,24722496,4044099155
12506,1,,5,train,24722496,24722496,83671017.0
11537,1,,38,train,24722496,24722496,697258475
48432,1,,18,train,24722496,24722496,278903390
52336,1,,8,train,24722496,24722496,139451695
31594,1,,6,train,24722496,24722496,111561356.0
80225,1,,12,train,24722496,24722496,139451695
40677,2,,158,train,24722496,24722496,3207388985
77507,2,,5,train,24722496,24722496,83671017.0
57511,2,,10,train,24722496,24722496,139451695
9349,2,,17,train,24722496,24722496,278903390
10622,2,,7,train,24722496,24722496,139451695
58759,2,,58,train,24722496,24722496,1115613560
31396,2,,10,train,24722496,24722496,139451695
6271,2,,6,train,24722496,24722496,111561356.0
80225,2,,12,train,24722496,24722496,139451695
71672,2,,80,train,24722496,24722496,1673420340
65027,1,,18,train,24722496,24722496,278903390
27422,1,,5,train,24722496,24722496,83671017.0
15337,1,,16,train,24722496,24722496,278903390
5132,1,,194,train,24722496,24722496,4044099155
12506,1,,5,train,24722496,24722496,83671017.0
11537,1,,38,train,24722496,24722496,697258475
48432,1,,18,train,24722496,24722496,278903390
52336,1,,8,train,24722496,24722496,139451695
31594,1,,6,train,24722496,24722496,111561356.0
80225,1,,12,train,24722496,24722496,139451695
65612,1,,16,train,24722496,24722496,278903390
77443,1,,6,train,24722496,24722496,111561356.0
10622,1,,7,train,24722496,24722496,139451695
29255,1,,9,train,24722496,24722496,139451695
61695,1,,53,train,24722496,24722496,976161865
76624,1,,9,train,24722496,24722496,139451695
51279,1,,10,train,24722496,24722496,139451695
19470,1,,148,train,24722496,24722496,3067937290
2020,1,,4,train,24722496,24722496,83671017.0
32963,1,,8,train,24722496,24722496,139451695
40677,2,,158,train,24722496,24722496,3207388985
77507,2,,5,train,24722496,24722496,83671017.0
57511,2,,10,train,24722496,24722496,139451695
9349,2,,17,train,24722496,24722496,278903390
10622,2,,7,train,24722496,24722496,139451695
58759,2,,58,train,24722496,24722496,1115613560
31396,2,,10,train,24722496,24722496,139451695
6271,2,,6,train,24722496,24722496,111561356.0
80225,2,,12,train,24722496,24722496,139451695
71672,2,,80,train,24722496,24722496,1673420340
59425,2,,89,train,24722496,24722496,1812872035
17369,2,,5,train,24722496,24722496,83671017.0
16986,2,,4,train,24722496,24722496,83671017.0
19470,2,,148,train,24722496,24722496,3067937290
57549,2,,6,train,24722496,24722496,111561356.0
33705,2,,9,train,24722496,24722496,139451695
42040,2,,13,train,24722496,24722496,139451695
65304,2,,143,train,24722496,24722496,2928485595
46871,2,,8,train,24722496,24722496,139451695
14670,2,,45,train,24722496,24722496,836710170
