17467,1,,30,train,24722496,24722496,1673422740
5052,1,,5,train,24722496,24722496,0
75177,1,,16,train,24722496,24722496,836711370
63024,1,,4,train,24722496,24722496,0
42040,1,,13,train,24722496,24722496,418355685
17740,1,,6,train,24722496,24722496,0
81362,1,,4,train,24722496,24722496,0
2238,1,,149,train,24722496,24722496,9203825070
69428,1,,26,train,24722496,24722496,1255067055
63054,1,,5,train,24722496,24722496,0
35297,1,,359,train,24722496,24722496,22172851305
11745,1,,14,train,24722496,24722496,836711370
80516,1,,6,train,24722496,24722496,0
56372,1,,17,train,24722496,24722496,836711370
51568,1,,21,train,24722496,24722496,1255067055
23560,1,,8,train,24722496,24722496,418355685
43541,1,,19,train,24722496,24722496,836711370
14670,1,,45,train,24722496,24722496,2510134110
74619,1,,58,train,24722496,24722496,3346845480
67432,1,,74,train,24722496,24722496,4601912535
63981,2,,32,train,24722496,24722496,1673422740
76972,2,,20,train,24722496,24722496,1255067055
69555,2,,9,train,24722496,24722496,418355685
12604,2,,17,train,24722496,24722496,836711370
25341,2,,5,train,24722496,24722496,0
30446,2,,32,train,24722496,24722496,1673422740
57511,2,,10,train,24722496,24722496,418355685
62874,2,,10,train,24722496,24722496,418355685
44705,2,,40,train,24722496,24722496,2510134110
9634,2,,8,train,24722496,24722496,418355685
9352,2,,12,train,24722496,24722496,418355685
64654,2,,7,train,24722496,24722496,418355685
11832,2,,6,train,24722496,24722496,0
71672,2,,80,train,24722496,24722496,5020268220
40584,2,,27,train,24722496,24722496,1673422740
48254,2,,128,train,24722496,24722496,7948758015
5325,2,,93,train,24722496,24722496,5438623905
38709,2,,357,train,24722496,24722496,22172851305
55885,2,,5,train,24722496,24722496,0
70897,2,,6,train,24722496,24722496,0
29223,3,,23,train,24722496,24722496,1255067055
34475,3,,5,train,24722496,24722496,0
44941,3,,26,train,24722496,24722496,1255067055
16483,3,,7,train,24722496,24722496,418355685
25341,3,,5,train,24722496,24722496,0
67357,3,,26,train,24722496,24722496,1255067055
16921,3,,30,train,24722496,24722496,1673422740
6092,3,,21,train,24722496,24722496,1255067055
46871,3,,8,train,24722496,24722496,418355685
45506,3,,5,train,24722496,24722496,0
77268,3,,4,train,24722496,24722496,0
18930,3,,9,train,24722496,24722496,418355685
57511,3,,10,train,24722496,24722496,418355685
17901,3,,7,train,24722496,24722496,418355685
48254,3,,128,train,24722496,24722496,7948758015
30214,3,,10,train,24722496,24722496,418355685
81598,3,,6,train,24722496,24722496,0
60953,3,,10,train,24722496,24722496,418355685
47141,3,,9,train,24722496,24722496,418355685
61953,3,,4,train,24722496,24722496,0
75177,4,,16,train,24722496,24722496,836711370
12028,4,,46,train,24722496,24722496,2510134110
79307,4,,42,train,24722496,24722496,2510134110
31594,4,,6,train,24722496,24722496,0
65741,4,,4,train,24722496,24722496,0
25449,4,,6,train,24722496,24722496,0
41844,4,,10,train,24722496,24722496,418355685
1204,4,,23,train,24722496,24722496,1255067055
79811,4,,14,train,24722496,24722496,836711370
10262,4,,76,train,24722496,24722496,4601912535
2414,4,,18,train,24722496,24722496,836711370
32963,4,,8,train,24722496,24722496,418355685
10902,4,,4,train,24722496,24722496,0
44829,4,,38,train,24722496,24722496,2091778425
39813,4,,8,train,24722496,24722496,418355685
9963,4,,7,train,24722496,24722496,418355685
22802,4,,6,train,24722496,24722496,0
39863,4,,10,train,24722496,24722496,418355685
60287,4,,5,train,24722496,24722496,0
51279,4,,10,train,24722496,24722496,418355685
35297,5,,359,train,24722496,24722496,22172851305
16531,5,,10,train,24722496,24722496,418355685
51347,5,,14,train,24722496,24722496,836711370
30446,5,,32,train,24722496,24722496,1673422740
15436,5,,6,train,24722496,24722496,0
3275,5,,4,train,24722496,24722496,0
2872,5,,5,train,24722496,24722496,0
67727,5,,46,train,24722496,24722496,2510134110
79534,5,,10,train,24722496,24722496,418355685
14290,5,,93,train,24722496,24722496,5438623905
62733,5,,163,train,24722496,24722496,10040536440
19969,5,,22,train,24722496,24722496,1255067055
48432,5,,18,train,24722496,24722496,836711370
28080,5,,4,train,24722496,24722496,0
26028,5,,34,train,24722496,24722496,2091778425
25449,5,,6,train,24722496,24722496,0
30032,5,,8,train,24722496,24722496,418355685
45417,5,,44,train,24722496,24722496,2510134110
11541,5,,6,train,24722496,24722496,0
22976,5,,26,train,24722496,24722496,1255067055
22622,6,,25,train,24722496,24722496,1255067055
78174,6,,6,train,24722496,24722496,0
66779,6,,19,train,24722496,24722496,836711370
30329,6,,6,train,24722496,24722496,0
27021,6,,5,train,24722496,24722496,0
59769,6,,14,train,24722496,24722496,836711370
15592,6,,6,train,24722496,24722496,0
28371,6,,223,train,24722496,24722496,13805737605
47141,6,,9,train,24722496,24722496,418355685
14290,6,,93,train,24722496,24722496,5438623905
3658,6,,13,train,24722496,24722496,418355685
29410,6,,5,train,24722496,24722496,0
56013,6,,4,train,24722496,24722496,0
41573,6,,22,train,24722496,24722496,1255067055
25000,6,,11,train,24722496,24722496,418355685
2158,6,,12,train,24722496,24722496,418355685
39863,6,,10,train,24722496,24722496,418355685
45417,6,,44,train,24722496,24722496,2510134110
39827,6,,6,train,24722496,24722496,0
2674,6,,5,train,24722496,24722496,0
9634,7,,8,train,24722496,24722496,418355685
15337,7,,16,train,24722496,24722496,836711370
81685,7,,18,train,24722496,24722496,836711370
24469,7,,4,train,24722496,24722496,0
35273,7,,30,train,24722496,24722496,1673422740
39188,7,,18,train,24722496,24722496,836711370
32392,7,,15,train,24722496,24722496,836711370
67546,7,,18,train,24722496,24722496,836711370
74189,7,,50,train,24722496,24722496,2928489795
58045,7,,5,train,24722496,24722496,0
19878,7,,10,train,24722496,24722496,418355685
70897,7,,6,train,24722496,24722496,0
45063,7,,10,train,24722496,24722496,418355685
7036,7,,10,train,24722496,24722496,418355685
6092,7,,21,train,24722496,24722496,1255067055
5796,7,,25,train,24722496,24722496,1255067055
68691,7,,5,train,24722496,24722496,0
56109,7,,10,train,24722496,24722496,418355685
76775,7,,156,train,24722496,24722496,9622180755
56837,7,,21,train,24722496,24722496,1255067055
75640,8,,90,train,24722496,24722496,5438623905
33555,8,,30,train,24722496,24722496,1673422740
72934,8,,5,train,24722496,24722496,0
21514,8,,12,train,24722496,24722496,418355685
36068,8,,21,train,24722496,24722496,1255067055
28687,8,,4,train,24722496,24722496,0
46453,8,,27,train,24722496,24722496,1673422740
16214,8,,28,train,24722496,24722496,1673422740
24793,8,,35,train,24722496,24722496,2091778425
79399,8,,6,train,24722496,24722496,0
48432,8,,18,train,24722496,24722496,836711370
74348,8,,17,train,24722496,24722496,836711370
81598,8,,6,train,24722496,24722496,0
41042,8,,41,train,24722496,24722496,2510134110
34474,8,,13,train,24722496,24722496,418355685
39550,8,,16,train,24722496,24722496,836711370
14120,8,,113,train,24722496,24722496,6693690960
36037,8,,6,train,24722496,24722496,0
80453,8,,90,train,24722496,24722496,5438623905
28000,8,,115,train,24722496,24722496,7112046645
3599,9,,11,train,24722496,24722496,418355685
41844,9,,10,train,24722496,24722496,418355685
60366,9,,4,train,24722496,24722496,0
78760,9,,10,train,24722496,24722496,418355685
15128,9,,5,train,24722496,24722496,0
10570,9,,13,train,24722496,24722496,418355685
31628,9,,13,train,24722496,24722496,418355685
40098,9,,12,train,24722496,24722496,418355685
68038,9,,6,train,24722496,24722496,0
16376,9,,10,train,24722496,24722496,418355685
46950,9,,14,train,24722496,24722496,836711370
37668,9,,10,train,24722496,24722496,418355685
25000,9,,11,train,24722496,24722496,418355685
53184,9,,36,train,24722496,24722496,2091778425
19799,9,,13,train,24722496,24722496,418355685
40262,9,,4,train,24722496,24722496,0
19470,9,,148,train,24722496,24722496,9203825070
75594,9,,10,train,24722496,24722496,418355685
77208,9,,6,train,24722496,24722496,0
16613,9,,5,train,24722496,24722496,0
57451,10,,14,train,24722496,24722496,836711370
76192,10,,5,train,24722496,24722496,0
27865,10,,4,train,24722496,24722496,0
47569,10,,26,train,24722496,24722496,1255067055
10449,10,,7,train,24722496,24722496,418355685
17740,10,,6,train,24722496,24722496,0
8092,10,,4,train,24722496,24722496,0
62733,10,,163,train,24722496,24722496,10040536440
3588,10,,15,train,24722496,24722496,836711370
8692,10,,4,train,24722496,24722496,0
77814,10,,4,train,24722496,24722496,0
58211,10,,11,train,24722496,24722496,418355685
64495,10,,6,train,24722496,24722496,0
77268,10,,4,train,24722496,24722496,0
66749,10,,6,train,24722496,24722496,0
43345,10,,20,train,24722496,24722496,1255067055
13390,10,,4,train,24722496,24722496,0
81685,10,,18,train,24722496,24722496,836711370
42080,10,,6,train,24722496,24722496,0
4482,10,,7,train,24722496,24722496,418355685
16531,11,,10,train,24722496,24722496,418355685
10069,11,,8,train,24722496,24722496,418355685
70765,11,,25,train,24722496,24722496,1255067055
17467,11,,30,train,24722496,24722496,1673422740
1434,11,,61,train,24722496,24722496,3765201165
38628,11,,49,train,24722496,24722496,2928489795
81703,11,,9,train,24722496,24722496,418355685
28687,11,,4,train,24722496,24722496,0
73213,11,,32,train,24722496,24722496,1673422740
29410,11,,5,train,24722496,24722496,0
53184,11,,36,train,24722496,24722496,2091778425
78174,11,,6,train,24722496,24722496,0
6564,11,,4,train,24722496,24722496,0
2238,11,,149,train,24722496,24722496,9203825070
8506,11,,6,train,24722496,24722496,0
53169,11,,9,train,24722496,24722496,418355685
77259,11,,133,train,24722496,24722496,7948758015
38111,11,,6,train,24722496,24722496,0
8692,11,,4,train,24722496,24722496,0
30817,11,,7,train,24722496,24722496,418355685
9370,12,,9,train,24722496,24722496,418355685
53427,12,,30,train,24722496,24722496,1673422740
24793,12,,35,train,24722496,24722496,2091778425
11541,12,,6,train,24722496,24722496,0
53184,12,,36,train,24722496,24722496,2091778425
80210,12,,10,train,24722496,24722496,418355685
79811,12,,14,train,24722496,24722496,836711370
41562,12,,19,train,24722496,24722496,836711370
19873,12,,26,train,24722496,24722496,1255067055
2872,12,,5,train,24722496,24722496,0
14384,12,,94,train,24722496,24722496,5856979590
42811,12,,21,train,24722496,24722496,1255067055
65607,12,,10,train,24722496,24722496,418355685
77396,12,,14,train,24722496,24722496,836711370
61767,12,,5,train,24722496,24722496,0
45876,12,,6,train,24722496,24722496,0
65612,12,,16,train,24722496,24722496,836711370
3107,12,,46,train,24722496,24722496,2510134110
40371,12,,6,train,24722496,24722496,0
55885,12,,5,train,24722496,24722496,0
22622,13,,25,train,24722496,24722496,1255067055
67300,13,,4,train,24722496,24722496,0
36385,13,,8,train,24722496,24722496,418355685
7186,13,,27,train,24722496,24722496,1673422740
53089,13,,23,train,24722496,24722496,1255067055
74444,13,,30,train,24722496,24722496,1673422740
72566,13,,10,train,24722496,24722496,418355685
56101,13,,21,train,24722496,24722496,1255067055
18349,13,,14,train,24722496,24722496,836711370
15128,13,,5,train,24722496,24722496,0
73213,13,,32,train,24722496,24722496,1673422740
67727,13,,46,train,24722496,24722496,2510134110
9963,13,,7,train,24722496,24722496,418355685
23111,13,,10,train,24722496,24722496,418355685
36037,13,,6,train,24722496,24722496,0
31594,13,,6,train,24722496,24722496,0
16376,13,,10,train,24722496,24722496,418355685
75163,13,,11,train,24722496,24722496,418355685
80706,13,,33,train,24722496,24722496,1673422740
17901,13,,7,train,24722496,24722496,418355685
75686,14,,42,train,24722496,24722496,2510134110
75964,14,,11,train,24722496,24722496,418355685
53427,14,,30,train,24722496,24722496,1673422740
81362,14,,4,train,24722496,24722496,0
67165,14,,6,train,24722496,24722496,0
40098,14,,12,train,24722496,24722496,418355685
43949,14,,39,train,24722496,24722496,2091778425
12020,14,,18,train,24722496,24722496,836711370
43656,14,,8,train,24722496,24722496,418355685
56101,14,,21,train,24722496,24722496,1255067055
24018,14,,4,train,24722496,24722496,0
61676,14,,4,train,24722496,24722496,0
56837,14,,21,train,24722496,24722496,1255067055
76192,14,,5,train,24722496,24722496,0
50385,14,,57,train,24722496,24722496,3346845480
77268,14,,4,train,24722496,24722496,0
31783,14,,50,train,24722496,24722496,2928489795
25341,14,,5,train,24722496,24722496,0
72566,14,,10,train,24722496,24722496,418355685
27178,14,,22,train,24722496,24722496,1255067055
