kristennnk,1,,3,train,160696344,160696344,0
De_Reese,1,,5,train,160696344,160696344,0
rhiannonjonas,1,,3,train,160696344,160696344,0
milenakohlhofer,1,,3,train,160696344,160696344,0
stephaniemblake,1,,3,train,160696344,160696344,0
Fallen_Reason,1,,6,train,160696344,160696344,0
hyss1,1,,4,train,160696344,160696344,0
o0judy0o,1,,3,train,160696344,160696344,0
soaprehab,1,,4,train,160696344,160696344,0
itsNikiTee,1,,7,train,160696344,160696344,0
MzzJade,1,,3,train,160696344,160696344,0
jessicachavez7,1,,4,train,160696344,160696344,0
holdfast1979,1,,4,train,160696344,160696344,0
cheekygirlie,1,,3,train,160696344,160696344,0
katieters,1,,3,train,160696344,160696344,0
btaco16,1,,3,train,160696344,160696344,0
talon03echomike,1,,3,train,160696344,160696344,0
Primevalfans,1,,7,train,160696344,160696344,0
JoycePoiani,1,,6,train,160696344,160696344,0
Sahoonie,1,,6,train,160696344,160696344,0
kristennnk,2,,3,train,160696344,160696344,0
De_Reese,2,,5,train,160696344,160696344,0
rhiannonjonas,2,,3,train,160696344,160696344,0
milenakohlhofer,2,,3,train,160696344,160696344,0
stephaniemblake,2,,3,train,160696344,160696344,0
Fallen_Reason,2,,6,train,160696344,160696344,0
hyss1,2,,4,train,160696344,160696344,0
o0judy0o,2,,3,train,160696344,160696344,0
soaprehab,2,,4,train,160696344,160696344,0
itsNikiTee,2,,7,train,160696344,160696344,0
MzzJade,2,,3,train,160696344,160696344,0
jessicachavez7,2,,4,train,160696344,160696344,0
holdfast1979,2,,4,train,160696344,160696344,0
cheekygirlie,2,,3,train,160696344,160696344,0
katieters,2,,3,train,160696344,160696344,0
btaco16,2,,3,train,160696344,160696344,0
talon03echomike,2,,3,train,160696344,160696344,0
Primevalfans,2,,7,train,160696344,160696344,0
JoycePoiani,2,,6,train,160696344,160696344,0
Sahoonie,2,,6,train,160696344,160696344,0
kristennnk,3,,3,train,160696344,160696344,0
De_Reese,3,,5,train,160696344,160696344,0
rhiannonjonas,3,,3,train,160696344,160696344,0
milenakohlhofer,3,,3,train,160696344,160696344,0
stephaniemblake,3,,3,train,160696344,160696344,0
Fallen_Reason,3,,6,train,160696344,160696344,0
hyss1,3,,4,train,160696344,160696344,0
o0judy0o,3,,3,train,160696344,160696344,0
soaprehab,3,,4,train,160696344,160696344,0
itsNikiTee,3,,7,train,160696344,160696344,0
MzzJade,3,,3,train,160696344,160696344,0
jessicachavez7,3,,4,train,160696344,160696344,0
holdfast1979,3,,4,train,160696344,160696344,0
cheekygirlie,3,,3,train,160696344,160696344,0
katieters,3,,3,train,160696344,160696344,0
btaco16,3,,3,train,160696344,160696344,0
talon03echomike,3,,3,train,160696344,160696344,0
Primevalfans,3,,7,train,160696344,160696344,0
JoycePoiani,3,,6,train,160696344,160696344,0
Sahoonie,3,,6,train,160696344,160696344,0
kristennnk,4,,3,train,160696344,160696344,0
De_Reese,4,,5,train,160696344,160696344,0
rhiannonjonas,4,,3,train,160696344,160696344,0
milenakohlhofer,4,,3,train,160696344,160696344,0
stephaniemblake,4,,3,train,160696344,160696344,0
Fallen_Reason,4,,6,train,160696344,160696344,0
hyss1,4,,4,train,160696344,160696344,0
o0judy0o,4,,3,train,160696344,160696344,0
soaprehab,4,,4,train,160696344,160696344,0
itsNikiTee,4,,7,train,160696344,160696344,0
MzzJade,4,,3,train,160696344,160696344,0
jessicachavez7,4,,4,train,160696344,160696344,0
holdfast1979,4,,4,train,160696344,160696344,0
cheekygirlie,4,,3,train,160696344,160696344,0
katieters,4,,3,train,160696344,160696344,0
btaco16,4,,3,train,160696344,160696344,0
talon03echomike,4,,3,train,160696344,160696344,0
Primevalfans,4,,7,train,160696344,160696344,0
JoycePoiani,4,,6,train,160696344,160696344,0
Sahoonie,4,,6,train,160696344,160696344,0
kristennnk,5,,3,train,160696344,160696344,0
De_Reese,5,,5,train,160696344,160696344,0
rhiannonjonas,5,,3,train,160696344,160696344,0
milenakohlhofer,5,,3,train,160696344,160696344,0
stephaniemblake,5,,3,train,160696344,160696344,0
Fallen_Reason,5,,6,train,160696344,160696344,0
hyss1,5,,4,train,160696344,160696344,0
o0judy0o,5,,3,train,160696344,160696344,0
soaprehab,5,,4,train,160696344,160696344,0
itsNikiTee,5,,7,train,160696344,160696344,0
MzzJade,5,,3,train,160696344,160696344,0
jessicachavez7,5,,4,train,160696344,160696344,0
holdfast1979,5,,4,train,160696344,160696344,0
cheekygirlie,5,,3,train,160696344,160696344,0
katieters,5,,3,train,160696344,160696344,0
btaco16,5,,3,train,160696344,160696344,0
talon03echomike,5,,3,train,160696344,160696344,0
Primevalfans,5,,7,train,160696344,160696344,0
JoycePoiani,5,,6,train,160696344,160696344,0
Sahoonie,5,,6,train,160696344,160696344,0
kristennnk,6,,3,train,160696344,160696344,0
De_Reese,6,,5,train,160696344,160696344,0
rhiannonjonas,6,,3,train,160696344,160696344,0
milenakohlhofer,6,,3,train,160696344,160696344,0
stephaniemblake,6,,3,train,160696344,160696344,0
Fallen_Reason,6,,6,train,160696344,160696344,0
hyss1,6,,4,train,160696344,160696344,0
o0judy0o,6,,3,train,160696344,160696344,0
soaprehab,6,,4,train,160696344,160696344,0
itsNikiTee,6,,7,train,160696344,160696344,0
MzzJade,6,,3,train,160696344,160696344,0
jessicachavez7,6,,4,train,160696344,160696344,0
holdfast1979,6,,4,train,160696344,160696344,0
cheekygirlie,6,,3,train,160696344,160696344,0
katieters,6,,3,train,160696344,160696344,0
btaco16,6,,3,train,160696344,160696344,0
talon03echomike,6,,3,train,160696344,160696344,0
Primevalfans,6,,7,train,160696344,160696344,0
JoycePoiani,6,,6,train,160696344,160696344,0
Sahoonie,6,,6,train,160696344,160696344,0
kristennnk,7,,3,train,160696344,160696344,0
De_Reese,7,,5,train,160696344,160696344,0
rhiannonjonas,7,,3,train,160696344,160696344,0
milenakohlhofer,7,,3,train,160696344,160696344,0
stephaniemblake,7,,3,train,160696344,160696344,0
Fallen_Reason,7,,6,train,160696344,160696344,0
hyss1,7,,4,train,160696344,160696344,0
o0judy0o,7,,3,train,160696344,160696344,0
soaprehab,7,,4,train,160696344,160696344,0
itsNikiTee,7,,7,train,160696344,160696344,0
MzzJade,7,,3,train,160696344,160696344,0
jessicachavez7,7,,4,train,160696344,160696344,0
holdfast1979,7,,4,train,160696344,160696344,0
cheekygirlie,7,,3,train,160696344,160696344,0
katieters,7,,3,train,160696344,160696344,0
btaco16,7,,3,train,160696344,160696344,0
talon03echomike,7,,3,train,160696344,160696344,0
Primevalfans,7,,7,train,160696344,160696344,0
JoycePoiani,7,,6,train,160696344,160696344,0
Sahoonie,7,,6,train,160696344,160696344,0
kristennnk,8,,3,train,160696344,160696344,0
De_Reese,8,,5,train,160696344,160696344,0
rhiannonjonas,8,,3,train,160696344,160696344,0
milenakohlhofer,8,,3,train,160696344,160696344,0
stephaniemblake,8,,3,train,160696344,160696344,0
Fallen_Reason,8,,6,train,160696344,160696344,0
hyss1,8,,4,train,160696344,160696344,0
o0judy0o,8,,3,train,160696344,160696344,0
soaprehab,8,,4,train,160696344,160696344,0
itsNikiTee,8,,7,train,160696344,160696344,0
MzzJade,8,,3,train,160696344,160696344,0
jessicachavez7,8,,4,train,160696344,160696344,0
holdfast1979,8,,4,train,160696344,160696344,0
cheekygirlie,8,,3,train,160696344,160696344,0
katieters,8,,3,train,160696344,160696344,0
btaco16,8,,3,train,160696344,160696344,0
talon03echomike,8,,3,train,160696344,160696344,0
Primevalfans,8,,7,train,160696344,160696344,0
JoycePoiani,8,,6,train,160696344,160696344,0
Sahoonie,8,,6,train,160696344,160696344,0
kristennnk,9,,3,train,160696344,160696344,0
De_Reese,9,,5,train,160696344,160696344,0
rhiannonjonas,9,,3,train,160696344,160696344,0
milenakohlhofer,9,,3,train,160696344,160696344,0
stephaniemblake,9,,3,train,160696344,160696344,0
Fallen_Reason,9,,6,train,160696344,160696344,0
hyss1,9,,4,train,160696344,160696344,0
o0judy0o,9,,3,train,160696344,160696344,0
soaprehab,9,,4,train,160696344,160696344,0
itsNikiTee,9,,7,train,160696344,160696344,0
MzzJade,9,,3,train,160696344,160696344,0
jessicachavez7,9,,4,train,160696344,160696344,0
holdfast1979,9,,4,train,160696344,160696344,0
cheekygirlie,9,,3,train,160696344,160696344,0
katieters,9,,3,train,160696344,160696344,0
btaco16,9,,3,train,160696344,160696344,0
talon03echomike,9,,3,train,160696344,160696344,0
Primevalfans,9,,7,train,160696344,160696344,0
JoycePoiani,9,,6,train,160696344,160696344,0
Sahoonie,9,,6,train,160696344,160696344,0
kristennnk,10,,3,train,160696344,160696344,0
De_Reese,10,,5,train,160696344,160696344,0
rhiannonjonas,10,,3,train,160696344,160696344,0
milenakohlhofer,10,,3,train,160696344,160696344,0
stephaniemblake,10,,3,train,160696344,160696344,0
Fallen_Reason,10,,6,train,160696344,160696344,0
hyss1,10,,4,train,160696344,160696344,0
o0judy0o,10,,3,train,160696344,160696344,0
soaprehab,10,,4,train,160696344,160696344,0
itsNikiTee,10,,7,train,160696344,160696344,0
MzzJade,10,,3,train,160696344,160696344,0
jessicachavez7,10,,4,train,160696344,160696344,0
holdfast1979,10,,4,train,160696344,160696344,0
cheekygirlie,10,,3,train,160696344,160696344,0
katieters,10,,3,train,160696344,160696344,0
btaco16,10,,3,train,160696344,160696344,0
talon03echomike,10,,3,train,160696344,160696344,0
Primevalfans,10,,7,train,160696344,160696344,0
JoycePoiani,10,,6,train,160696344,160696344,0
Sahoonie,10,,6,train,160696344,160696344,0
kristennnk,11,,3,train,160696344,160696344,0
De_Reese,11,,5,train,160696344,160696344,0
rhiannonjonas,11,,3,train,160696344,160696344,0
milenakohlhofer,11,,3,train,160696344,160696344,0
stephaniemblake,11,,3,train,160696344,160696344,0
Fallen_Reason,11,,6,train,160696344,160696344,0
hyss1,11,,4,train,160696344,160696344,0
o0judy0o,11,,3,train,160696344,160696344,0
soaprehab,11,,4,train,160696344,160696344,0
itsNikiTee,11,,7,train,160696344,160696344,0
MzzJade,11,,3,train,160696344,160696344,0
jessicachavez7,11,,4,train,160696344,160696344,0
holdfast1979,11,,4,train,160696344,160696344,0
cheekygirlie,11,,3,train,160696344,160696344,0
katieters,11,,3,train,160696344,160696344,0
btaco16,11,,3,train,160696344,160696344,0
talon03echomike,11,,3,train,160696344,160696344,0
Primevalfans,11,,7,train,160696344,160696344,0
JoycePoiani,11,,6,train,160696344,160696344,0
Sahoonie,11,,6,train,160696344,160696344,0
kristennnk,12,,3,train,160696344,160696344,0
De_Reese,12,,5,train,160696344,160696344,0
rhiannonjonas,12,,3,train,160696344,160696344,0
milenakohlhofer,12,,3,train,160696344,160696344,0
stephaniemblake,12,,3,train,160696344,160696344,0
Fallen_Reason,12,,6,train,160696344,160696344,0
hyss1,12,,4,train,160696344,160696344,0
o0judy0o,12,,3,train,160696344,160696344,0
soaprehab,12,,4,train,160696344,160696344,0
itsNikiTee,12,,7,train,160696344,160696344,0
MzzJade,12,,3,train,160696344,160696344,0
jessicachavez7,12,,4,train,160696344,160696344,0
holdfast1979,12,,4,train,160696344,160696344,0
cheekygirlie,12,,3,train,160696344,160696344,0
katieters,12,,3,train,160696344,160696344,0
btaco16,12,,3,train,160696344,160696344,0
talon03echomike,12,,3,train,160696344,160696344,0
Primevalfans,12,,7,train,160696344,160696344,0
JoycePoiani,12,,6,train,160696344,160696344,0
Sahoonie,12,,6,train,160696344,160696344,0
kristennnk,13,,3,train,160696344,160696344,0
De_Reese,13,,5,train,160696344,160696344,0
rhiannonjonas,13,,3,train,160696344,160696344,0
milenakohlhofer,13,,3,train,160696344,160696344,0
stephaniemblake,13,,3,train,160696344,160696344,0
Fallen_Reason,13,,6,train,160696344,160696344,0
hyss1,13,,4,train,160696344,160696344,0
o0judy0o,13,,3,train,160696344,160696344,0
soaprehab,13,,4,train,160696344,160696344,0
itsNikiTee,13,,7,train,160696344,160696344,0
MzzJade,13,,3,train,160696344,160696344,0
jessicachavez7,13,,4,train,160696344,160696344,0
holdfast1979,13,,4,train,160696344,160696344,0
cheekygirlie,13,,3,train,160696344,160696344,0
katieters,13,,3,train,160696344,160696344,0
btaco16,13,,3,train,160696344,160696344,0
talon03echomike,13,,3,train,160696344,160696344,0
Primevalfans,13,,7,train,160696344,160696344,0
JoycePoiani,13,,6,train,160696344,160696344,0
Sahoonie,13,,6,train,160696344,160696344,0
kristennnk,14,,3,train,160696344,160696344,0
De_Reese,14,,5,train,160696344,160696344,0
rhiannonjonas,14,,3,train,160696344,160696344,0
milenakohlhofer,14,,3,train,160696344,160696344,0
stephaniemblake,14,,3,train,160696344,160696344,0
Fallen_Reason,14,,6,train,160696344,160696344,0
hyss1,14,,4,train,160696344,160696344,0
o0judy0o,14,,3,train,160696344,160696344,0
soaprehab,14,,4,train,160696344,160696344,0
itsNikiTee,14,,7,train,160696344,160696344,0
MzzJade,14,,3,train,160696344,160696344,0
jessicachavez7,14,,4,train,160696344,160696344,0
holdfast1979,14,,4,train,160696344,160696344,0
cheekygirlie,14,,3,train,160696344,160696344,0
katieters,14,,3,train,160696344,160696344,0
btaco16,14,,3,train,160696344,160696344,0
talon03echomike,14,,3,train,160696344,160696344,0
Primevalfans,14,,7,train,160696344,160696344,0
JoycePoiani,14,,6,train,160696344,160696344,0
Sahoonie,14,,6,train,160696344,160696344,0
kristennnk,15,,3,train,160696344,160696344,0
De_Reese,15,,5,train,160696344,160696344,0
rhiannonjonas,15,,3,train,160696344,160696344,0
milenakohlhofer,15,,3,train,160696344,160696344,0
stephaniemblake,15,,3,train,160696344,160696344,0
Fallen_Reason,15,,6,train,160696344,160696344,0
hyss1,15,,4,train,160696344,160696344,0
o0judy0o,15,,3,train,160696344,160696344,0
soaprehab,15,,4,train,160696344,160696344,0
itsNikiTee,15,,7,train,160696344,160696344,0
MzzJade,15,,3,train,160696344,160696344,0
jessicachavez7,15,,4,train,160696344,160696344,0
holdfast1979,15,,4,train,160696344,160696344,0
cheekygirlie,15,,3,train,160696344,160696344,0
katieters,15,,3,train,160696344,160696344,0
btaco16,15,,3,train,160696344,160696344,0
talon03echomike,15,,3,train,160696344,160696344,0
Primevalfans,15,,7,train,160696344,160696344,0
JoycePoiani,15,,6,train,160696344,160696344,0
Sahoonie,15,,6,train,160696344,160696344,0
kristennnk,16,,3,train,160696344,160696344,0
De_Reese,16,,5,train,160696344,160696344,0
rhiannonjonas,16,,3,train,160696344,160696344,0
milenakohlhofer,16,,3,train,160696344,160696344,0
stephaniemblake,16,,3,train,160696344,160696344,0
Fallen_Reason,16,,6,train,160696344,160696344,0
hyss1,16,,4,train,160696344,160696344,0
o0judy0o,16,,3,train,160696344,160696344,0
soaprehab,16,,4,train,160696344,160696344,0
itsNikiTee,16,,7,train,160696344,160696344,0
MzzJade,16,,3,train,160696344,160696344,0
jessicachavez7,16,,4,train,160696344,160696344,0
holdfast1979,16,,4,train,160696344,160696344,0
cheekygirlie,16,,3,train,160696344,160696344,0
katieters,16,,3,train,160696344,160696344,0
btaco16,16,,3,train,160696344,160696344,0
talon03echomike,16,,3,train,160696344,160696344,0
Primevalfans,16,,7,train,160696344,160696344,0
JoycePoiani,16,,6,train,160696344,160696344,0
Sahoonie,16,,6,train,160696344,160696344,0
kristennnk,17,,3,train,160696344,160696344,0
De_Reese,17,,5,train,160696344,160696344,0
rhiannonjonas,17,,3,train,160696344,160696344,0
milenakohlhofer,17,,3,train,160696344,160696344,0
stephaniemblake,17,,3,train,160696344,160696344,0
Fallen_Reason,17,,6,train,160696344,160696344,0
hyss1,17,,4,train,160696344,160696344,0
o0judy0o,17,,3,train,160696344,160696344,0
soaprehab,17,,4,train,160696344,160696344,0
itsNikiTee,17,,7,train,160696344,160696344,0
MzzJade,17,,3,train,160696344,160696344,0
jessicachavez7,17,,4,train,160696344,160696344,0
holdfast1979,17,,4,train,160696344,160696344,0
cheekygirlie,17,,3,train,160696344,160696344,0
katieters,17,,3,train,160696344,160696344,0
btaco16,17,,3,train,160696344,160696344,0
talon03echomike,17,,3,train,160696344,160696344,0
Primevalfans,17,,7,train,160696344,160696344,0
JoycePoiani,17,,6,train,160696344,160696344,0
Sahoonie,17,,6,train,160696344,160696344,0
kristennnk,18,,3,train,160696344,160696344,0
De_Reese,18,,5,train,160696344,160696344,0
rhiannonjonas,18,,3,train,160696344,160696344,0
milenakohlhofer,18,,3,train,160696344,160696344,0
stephaniemblake,18,,3,train,160696344,160696344,0
Fallen_Reason,18,,6,train,160696344,160696344,0
hyss1,18,,4,train,160696344,160696344,0
o0judy0o,18,,3,train,160696344,160696344,0
soaprehab,18,,4,train,160696344,160696344,0
itsNikiTee,18,,7,train,160696344,160696344,0
MzzJade,18,,3,train,160696344,160696344,0
jessicachavez7,18,,4,train,160696344,160696344,0
holdfast1979,18,,4,train,160696344,160696344,0
cheekygirlie,18,,3,train,160696344,160696344,0
katieters,18,,3,train,160696344,160696344,0
btaco16,18,,3,train,160696344,160696344,0
talon03echomike,18,,3,train,160696344,160696344,0
Primevalfans,18,,7,train,160696344,160696344,0
JoycePoiani,18,,6,train,160696344,160696344,0
Sahoonie,18,,6,train,160696344,160696344,0
kristennnk,19,,3,train,160696344,160696344,0
De_Reese,19,,5,train,160696344,160696344,0
rhiannonjonas,19,,3,train,160696344,160696344,0
milenakohlhofer,19,,3,train,160696344,160696344,0
stephaniemblake,19,,3,train,160696344,160696344,0
Fallen_Reason,19,,6,train,160696344,160696344,0
hyss1,19,,4,train,160696344,160696344,0
o0judy0o,19,,3,train,160696344,160696344,0
soaprehab,19,,4,train,160696344,160696344,0
itsNikiTee,19,,7,train,160696344,160696344,0
MzzJade,19,,3,train,160696344,160696344,0
jessicachavez7,19,,4,train,160696344,160696344,0
holdfast1979,19,,4,train,160696344,160696344,0
cheekygirlie,19,,3,train,160696344,160696344,0
katieters,19,,3,train,160696344,160696344,0
btaco16,19,,3,train,160696344,160696344,0
talon03echomike,19,,3,train,160696344,160696344,0
Primevalfans,19,,7,train,160696344,160696344,0
JoycePoiani,19,,6,train,160696344,160696344,0
Sahoonie,19,,6,train,160696344,160696344,0
kristennnk,20,,3,train,160696344,160696344,0
De_Reese,20,,5,train,160696344,160696344,0
rhiannonjonas,20,,3,train,160696344,160696344,0
milenakohlhofer,20,,3,train,160696344,160696344,0
stephaniemblake,20,,3,train,160696344,160696344,0
Fallen_Reason,20,,6,train,160696344,160696344,0
hyss1,20,,4,train,160696344,160696344,0
o0judy0o,20,,3,train,160696344,160696344,0
soaprehab,20,,4,train,160696344,160696344,0
itsNikiTee,20,,7,train,160696344,160696344,0
MzzJade,20,,3,train,160696344,160696344,0
jessicachavez7,20,,4,train,160696344,160696344,0
holdfast1979,20,,4,train,160696344,160696344,0
cheekygirlie,20,,3,train,160696344,160696344,0
katieters,20,,3,train,160696344,160696344,0
btaco16,20,,3,train,160696344,160696344,0
talon03echomike,20,,3,train,160696344,160696344,0
Primevalfans,20,,7,train,160696344,160696344,0
JoycePoiani,20,,6,train,160696344,160696344,0
Sahoonie,20,,6,train,160696344,160696344,0
kristennnk,21,,3,train,160696344,160696344,0
De_Reese,21,,5,train,160696344,160696344,0
rhiannonjonas,21,,3,train,160696344,160696344,0
milenakohlhofer,21,,3,train,160696344,160696344,0
stephaniemblake,21,,3,train,160696344,160696344,0
Fallen_Reason,21,,6,train,160696344,160696344,0
hyss1,21,,4,train,160696344,160696344,0
o0judy0o,21,,3,train,160696344,160696344,0
soaprehab,21,,4,train,160696344,160696344,0
itsNikiTee,21,,7,train,160696344,160696344,0
MzzJade,21,,3,train,160696344,160696344,0
jessicachavez7,21,,4,train,160696344,160696344,0
holdfast1979,21,,4,train,160696344,160696344,0
cheekygirlie,21,,3,train,160696344,160696344,0
katieters,21,,3,train,160696344,160696344,0
btaco16,21,,3,train,160696344,160696344,0
talon03echomike,21,,3,train,160696344,160696344,0
Primevalfans,21,,7,train,160696344,160696344,0
JoycePoiani,21,,6,train,160696344,160696344,0
Sahoonie,21,,6,train,160696344,160696344,0
kristennnk,22,,3,train,160696344,160696344,0
De_Reese,22,,5,train,160696344,160696344,0
rhiannonjonas,22,,3,train,160696344,160696344,0
milenakohlhofer,22,,3,train,160696344,160696344,0
stephaniemblake,22,,3,train,160696344,160696344,0
Fallen_Reason,22,,6,train,160696344,160696344,0
hyss1,22,,4,train,160696344,160696344,0
o0judy0o,22,,3,train,160696344,160696344,0
soaprehab,22,,4,train,160696344,160696344,0
itsNikiTee,22,,7,train,160696344,160696344,0
MzzJade,22,,3,train,160696344,160696344,0
jessicachavez7,22,,4,train,160696344,160696344,0
holdfast1979,22,,4,train,160696344,160696344,0
cheekygirlie,22,,3,train,160696344,160696344,0
katieters,22,,3,train,160696344,160696344,0
btaco16,22,,3,train,160696344,160696344,0
talon03echomike,22,,3,train,160696344,160696344,0
Primevalfans,22,,7,train,160696344,160696344,0
JoycePoiani,22,,6,train,160696344,160696344,0
Sahoonie,22,,6,train,160696344,160696344,0
kristennnk,23,,3,train,160696344,160696344,0
De_Reese,23,,5,train,160696344,160696344,0
rhiannonjonas,23,,3,train,160696344,160696344,0
milenakohlhofer,23,,3,train,160696344,160696344,0
stephaniemblake,23,,3,train,160696344,160696344,0
Fallen_Reason,23,,6,train,160696344,160696344,0
hyss1,23,,4,train,160696344,160696344,0
o0judy0o,23,,3,train,160696344,160696344,0
soaprehab,23,,4,train,160696344,160696344,0
itsNikiTee,23,,7,train,160696344,160696344,0
MzzJade,23,,3,train,160696344,160696344,0
jessicachavez7,23,,4,train,160696344,160696344,0
holdfast1979,23,,4,train,160696344,160696344,0
cheekygirlie,23,,3,train,160696344,160696344,0
katieters,23,,3,train,160696344,160696344,0
btaco16,23,,3,train,160696344,160696344,0
talon03echomike,23,,3,train,160696344,160696344,0
Primevalfans,23,,7,train,160696344,160696344,0
JoycePoiani,23,,6,train,160696344,160696344,0
Sahoonie,23,,6,train,160696344,160696344,0
kristennnk,24,,3,train,160696344,160696344,0
De_Reese,24,,5,train,160696344,160696344,0
rhiannonjonas,24,,3,train,160696344,160696344,0
milenakohlhofer,24,,3,train,160696344,160696344,0
stephaniemblake,24,,3,train,160696344,160696344,0
Fallen_Reason,24,,6,train,160696344,160696344,0
hyss1,24,,4,train,160696344,160696344,0
o0judy0o,24,,3,train,160696344,160696344,0
soaprehab,24,,4,train,160696344,160696344,0
itsNikiTee,24,,7,train,160696344,160696344,0
MzzJade,24,,3,train,160696344,160696344,0
jessicachavez7,24,,4,train,160696344,160696344,0
holdfast1979,24,,4,train,160696344,160696344,0
cheekygirlie,24,,3,train,160696344,160696344,0
katieters,24,,3,train,160696344,160696344,0
btaco16,24,,3,train,160696344,160696344,0
talon03echomike,24,,3,train,160696344,160696344,0
Primevalfans,24,,7,train,160696344,160696344,0
JoycePoiani,24,,6,train,160696344,160696344,0
Sahoonie,24,,6,train,160696344,160696344,0
kristennnk,25,,3,train,160696344,160696344,0
De_Reese,25,,5,train,160696344,160696344,0
rhiannonjonas,25,,3,train,160696344,160696344,0
milenakohlhofer,25,,3,train,160696344,160696344,0
stephaniemblake,25,,3,train,160696344,160696344,0
Fallen_Reason,25,,6,train,160696344,160696344,0
hyss1,25,,4,train,160696344,160696344,0
o0judy0o,25,,3,train,160696344,160696344,0
soaprehab,25,,4,train,160696344,160696344,0
itsNikiTee,25,,7,train,160696344,160696344,0
MzzJade,25,,3,train,160696344,160696344,0
jessicachavez7,25,,4,train,160696344,160696344,0
holdfast1979,25,,4,train,160696344,160696344,0
cheekygirlie,25,,3,train,160696344,160696344,0
katieters,25,,3,train,160696344,160696344,0
btaco16,25,,3,train,160696344,160696344,0
talon03echomike,25,,3,train,160696344,160696344,0
Primevalfans,25,,7,train,160696344,160696344,0
JoycePoiani,25,,6,train,160696344,160696344,0
Sahoonie,25,,6,train,160696344,160696344,0
kristennnk,26,,3,train,160696344,160696344,0
De_Reese,26,,5,train,160696344,160696344,0
rhiannonjonas,26,,3,train,160696344,160696344,0
milenakohlhofer,26,,3,train,160696344,160696344,0
stephaniemblake,26,,3,train,160696344,160696344,0
Fallen_Reason,26,,6,train,160696344,160696344,0
hyss1,26,,4,train,160696344,160696344,0
o0judy0o,26,,3,train,160696344,160696344,0
soaprehab,26,,4,train,160696344,160696344,0
itsNikiTee,26,,7,train,160696344,160696344,0
MzzJade,26,,3,train,160696344,160696344,0
jessicachavez7,26,,4,train,160696344,160696344,0
holdfast1979,26,,4,train,160696344,160696344,0
cheekygirlie,26,,3,train,160696344,160696344,0
katieters,26,,3,train,160696344,160696344,0
btaco16,26,,3,train,160696344,160696344,0
talon03echomike,26,,3,train,160696344,160696344,0
Primevalfans,26,,7,train,160696344,160696344,0
JoycePoiani,26,,6,train,160696344,160696344,0
Sahoonie,26,,6,train,160696344,160696344,0
kristennnk,27,,3,train,160696344,160696344,0
De_Reese,27,,5,train,160696344,160696344,0
rhiannonjonas,27,,3,train,160696344,160696344,0
milenakohlhofer,27,,3,train,160696344,160696344,0
stephaniemblake,27,,3,train,160696344,160696344,0
Fallen_Reason,27,,6,train,160696344,160696344,0
hyss1,27,,4,train,160696344,160696344,0
o0judy0o,27,,3,train,160696344,160696344,0
soaprehab,27,,4,train,160696344,160696344,0
itsNikiTee,27,,7,train,160696344,160696344,0
MzzJade,27,,3,train,160696344,160696344,0
jessicachavez7,27,,4,train,160696344,160696344,0
holdfast1979,27,,4,train,160696344,160696344,0
cheekygirlie,27,,3,train,160696344,160696344,0
katieters,27,,3,train,160696344,160696344,0
btaco16,27,,3,train,160696344,160696344,0
talon03echomike,27,,3,train,160696344,160696344,0
Primevalfans,27,,7,train,160696344,160696344,0
JoycePoiani,27,,6,train,160696344,160696344,0
Sahoonie,27,,6,train,160696344,160696344,0
kristennnk,28,,3,train,160696344,160696344,0
De_Reese,28,,5,train,160696344,160696344,0
rhiannonjonas,28,,3,train,160696344,160696344,0
milenakohlhofer,28,,3,train,160696344,160696344,0
stephaniemblake,28,,3,train,160696344,160696344,0
Fallen_Reason,28,,6,train,160696344,160696344,0
hyss1,28,,4,train,160696344,160696344,0
o0judy0o,28,,3,train,160696344,160696344,0
soaprehab,28,,4,train,160696344,160696344,0
itsNikiTee,28,,7,train,160696344,160696344,0
MzzJade,28,,3,train,160696344,160696344,0
jessicachavez7,28,,4,train,160696344,160696344,0
holdfast1979,28,,4,train,160696344,160696344,0
cheekygirlie,28,,3,train,160696344,160696344,0
katieters,28,,3,train,160696344,160696344,0
btaco16,28,,3,train,160696344,160696344,0
talon03echomike,28,,3,train,160696344,160696344,0
Primevalfans,28,,7,train,160696344,160696344,0
JoycePoiani,28,,6,train,160696344,160696344,0
Sahoonie,28,,6,train,160696344,160696344,0
kristennnk,29,,3,train,160696344,160696344,0
De_Reese,29,,5,train,160696344,160696344,0
rhiannonjonas,29,,3,train,160696344,160696344,0
milenakohlhofer,29,,3,train,160696344,160696344,0
stephaniemblake,29,,3,train,160696344,160696344,0
Fallen_Reason,29,,6,train,160696344,160696344,0
hyss1,29,,4,train,160696344,160696344,0
o0judy0o,29,,3,train,160696344,160696344,0
soaprehab,29,,4,train,160696344,160696344,0
itsNikiTee,29,,7,train,160696344,160696344,0
MzzJade,29,,3,train,160696344,160696344,0
jessicachavez7,29,,4,train,160696344,160696344,0
holdfast1979,29,,4,train,160696344,160696344,0
cheekygirlie,29,,3,train,160696344,160696344,0
katieters,29,,3,train,160696344,160696344,0
btaco16,29,,3,train,160696344,160696344,0
talon03echomike,29,,3,train,160696344,160696344,0
Primevalfans,29,,7,train,160696344,160696344,0
JoycePoiani,29,,6,train,160696344,160696344,0
Sahoonie,29,,6,train,160696344,160696344,0
kristennnk,30,,3,train,160696344,160696344,0
De_Reese,30,,5,train,160696344,160696344,0
rhiannonjonas,30,,3,train,160696344,160696344,0
milenakohlhofer,30,,3,train,160696344,160696344,0
stephaniemblake,30,,3,train,160696344,160696344,0
Fallen_Reason,30,,6,train,160696344,160696344,0
hyss1,30,,4,train,160696344,160696344,0
o0judy0o,30,,3,train,160696344,160696344,0
soaprehab,30,,4,train,160696344,160696344,0
itsNikiTee,30,,7,train,160696344,160696344,0
MzzJade,30,,3,train,160696344,160696344,0
jessicachavez7,30,,4,train,160696344,160696344,0
holdfast1979,30,,4,train,160696344,160696344,0
cheekygirlie,30,,3,train,160696344,160696344,0
katieters,30,,3,train,160696344,160696344,0
btaco16,30,,3,train,160696344,160696344,0
talon03echomike,30,,3,train,160696344,160696344,0
Primevalfans,30,,7,train,160696344,160696344,0
JoycePoiani,30,,6,train,160696344,160696344,0
Sahoonie,30,,6,train,160696344,160696344,0
kristennnk,31,,3,train,160696344,160696344,0
De_Reese,31,,5,train,160696344,160696344,0
rhiannonjonas,31,,3,train,160696344,160696344,0
milenakohlhofer,31,,3,train,160696344,160696344,0
stephaniemblake,31,,3,train,160696344,160696344,0
Fallen_Reason,31,,6,train,160696344,160696344,0
hyss1,31,,4,train,160696344,160696344,0
o0judy0o,31,,3,train,160696344,160696344,0
soaprehab,31,,4,train,160696344,160696344,0
itsNikiTee,31,,7,train,160696344,160696344,0
MzzJade,31,,3,train,160696344,160696344,0
jessicachavez7,31,,4,train,160696344,160696344,0
holdfast1979,31,,4,train,160696344,160696344,0
cheekygirlie,31,,3,train,160696344,160696344,0
katieters,31,,3,train,160696344,160696344,0
btaco16,31,,3,train,160696344,160696344,0
talon03echomike,31,,3,train,160696344,160696344,0
Primevalfans,31,,7,train,160696344,160696344,0
JoycePoiani,31,,6,train,160696344,160696344,0
Sahoonie,31,,6,train,160696344,160696344,0
kristennnk,32,,3,train,160696344,160696344,0
De_Reese,32,,5,train,160696344,160696344,0
rhiannonjonas,32,,3,train,160696344,160696344,0
milenakohlhofer,32,,3,train,160696344,160696344,0
stephaniemblake,32,,3,train,160696344,160696344,0
Fallen_Reason,32,,6,train,160696344,160696344,0
hyss1,32,,4,train,160696344,160696344,0
o0judy0o,32,,3,train,160696344,160696344,0
soaprehab,32,,4,train,160696344,160696344,0
itsNikiTee,32,,7,train,160696344,160696344,0
MzzJade,32,,3,train,160696344,160696344,0
jessicachavez7,32,,4,train,160696344,160696344,0
holdfast1979,32,,4,train,160696344,160696344,0
cheekygirlie,32,,3,train,160696344,160696344,0
katieters,32,,3,train,160696344,160696344,0
btaco16,32,,3,train,160696344,160696344,0
talon03echomike,32,,3,train,160696344,160696344,0
Primevalfans,32,,7,train,160696344,160696344,0
JoycePoiani,32,,6,train,160696344,160696344,0
Sahoonie,32,,6,train,160696344,160696344,0
kristennnk,33,,3,train,160696344,160696344,0
De_Reese,33,,5,train,160696344,160696344,0
rhiannonjonas,33,,3,train,160696344,160696344,0
milenakohlhofer,33,,3,train,160696344,160696344,0
stephaniemblake,33,,3,train,160696344,160696344,0
Fallen_Reason,33,,6,train,160696344,160696344,0
hyss1,33,,4,train,160696344,160696344,0
o0judy0o,33,,3,train,160696344,160696344,0
soaprehab,33,,4,train,160696344,160696344,0
itsNikiTee,33,,7,train,160696344,160696344,0
MzzJade,33,,3,train,160696344,160696344,0
jessicachavez7,33,,4,train,160696344,160696344,0
holdfast1979,33,,4,train,160696344,160696344,0
cheekygirlie,33,,3,train,160696344,160696344,0
katieters,33,,3,train,160696344,160696344,0
btaco16,33,,3,train,160696344,160696344,0
talon03echomike,33,,3,train,160696344,160696344,0
Primevalfans,33,,7,train,160696344,160696344,0
JoycePoiani,33,,6,train,160696344,160696344,0
Sahoonie,33,,6,train,160696344,160696344,0
kristennnk,34,,3,train,160696344,160696344,0
De_Reese,34,,5,train,160696344,160696344,0
rhiannonjonas,34,,3,train,160696344,160696344,0
milenakohlhofer,34,,3,train,160696344,160696344,0
stephaniemblake,34,,3,train,160696344,160696344,0
Fallen_Reason,34,,6,train,160696344,160696344,0
hyss1,34,,4,train,160696344,160696344,0
o0judy0o,34,,3,train,160696344,160696344,0
soaprehab,34,,4,train,160696344,160696344,0
itsNikiTee,34,,7,train,160696344,160696344,0
MzzJade,34,,3,train,160696344,160696344,0
jessicachavez7,34,,4,train,160696344,160696344,0
holdfast1979,34,,4,train,160696344,160696344,0
cheekygirlie,34,,3,train,160696344,160696344,0
katieters,34,,3,train,160696344,160696344,0
btaco16,34,,3,train,160696344,160696344,0
talon03echomike,34,,3,train,160696344,160696344,0
Primevalfans,34,,7,train,160696344,160696344,0
JoycePoiani,34,,6,train,160696344,160696344,0
Sahoonie,34,,6,train,160696344,160696344,0
kristennnk,35,,3,train,160696344,160696344,0
De_Reese,35,,5,train,160696344,160696344,0
rhiannonjonas,35,,3,train,160696344,160696344,0
milenakohlhofer,35,,3,train,160696344,160696344,0
stephaniemblake,35,,3,train,160696344,160696344,0
Fallen_Reason,35,,6,train,160696344,160696344,0
hyss1,35,,4,train,160696344,160696344,0
o0judy0o,35,,3,train,160696344,160696344,0
soaprehab,35,,4,train,160696344,160696344,0
itsNikiTee,35,,7,train,160696344,160696344,0
MzzJade,35,,3,train,160696344,160696344,0
jessicachavez7,35,,4,train,160696344,160696344,0
holdfast1979,35,,4,train,160696344,160696344,0
cheekygirlie,35,,3,train,160696344,160696344,0
katieters,35,,3,train,160696344,160696344,0
btaco16,35,,3,train,160696344,160696344,0
talon03echomike,35,,3,train,160696344,160696344,0
Primevalfans,35,,7,train,160696344,160696344,0
JoycePoiani,35,,6,train,160696344,160696344,0
Sahoonie,35,,6,train,160696344,160696344,0
kristennnk,36,,3,train,160696344,160696344,0
De_Reese,36,,5,train,160696344,160696344,0
rhiannonjonas,36,,3,train,160696344,160696344,0
milenakohlhofer,36,,3,train,160696344,160696344,0
stephaniemblake,36,,3,train,160696344,160696344,0
Fallen_Reason,36,,6,train,160696344,160696344,0
hyss1,36,,4,train,160696344,160696344,0
o0judy0o,36,,3,train,160696344,160696344,0
soaprehab,36,,4,train,160696344,160696344,0
itsNikiTee,36,,7,train,160696344,160696344,0
MzzJade,36,,3,train,160696344,160696344,0
jessicachavez7,36,,4,train,160696344,160696344,0
holdfast1979,36,,4,train,160696344,160696344,0
cheekygirlie,36,,3,train,160696344,160696344,0
katieters,36,,3,train,160696344,160696344,0
btaco16,36,,3,train,160696344,160696344,0
talon03echomike,36,,3,train,160696344,160696344,0
Primevalfans,36,,7,train,160696344,160696344,0
JoycePoiani,36,,6,train,160696344,160696344,0
Sahoonie,36,,6,train,160696344,160696344,0
kristennnk,37,,3,train,160696344,160696344,0
De_Reese,37,,5,train,160696344,160696344,0
rhiannonjonas,37,,3,train,160696344,160696344,0
milenakohlhofer,37,,3,train,160696344,160696344,0
stephaniemblake,37,,3,train,160696344,160696344,0
Fallen_Reason,37,,6,train,160696344,160696344,0
hyss1,37,,4,train,160696344,160696344,0
o0judy0o,37,,3,train,160696344,160696344,0
soaprehab,37,,4,train,160696344,160696344,0
itsNikiTee,37,,7,train,160696344,160696344,0
MzzJade,37,,3,train,160696344,160696344,0
jessicachavez7,37,,4,train,160696344,160696344,0
holdfast1979,37,,4,train,160696344,160696344,0
cheekygirlie,37,,3,train,160696344,160696344,0
katieters,37,,3,train,160696344,160696344,0
btaco16,37,,3,train,160696344,160696344,0
talon03echomike,37,,3,train,160696344,160696344,0
Primevalfans,37,,7,train,160696344,160696344,0
JoycePoiani,37,,6,train,160696344,160696344,0
Sahoonie,37,,6,train,160696344,160696344,0
kristennnk,38,,3,train,160696344,160696344,0
De_Reese,38,,5,train,160696344,160696344,0
rhiannonjonas,38,,3,train,160696344,160696344,0
milenakohlhofer,38,,3,train,160696344,160696344,0
stephaniemblake,38,,3,train,160696344,160696344,0
Fallen_Reason,38,,6,train,160696344,160696344,0
hyss1,38,,4,train,160696344,160696344,0
o0judy0o,38,,3,train,160696344,160696344,0
soaprehab,38,,4,train,160696344,160696344,0
itsNikiTee,38,,7,train,160696344,160696344,0
MzzJade,38,,3,train,160696344,160696344,0
jessicachavez7,38,,4,train,160696344,160696344,0
holdfast1979,38,,4,train,160696344,160696344,0
cheekygirlie,38,,3,train,160696344,160696344,0
katieters,38,,3,train,160696344,160696344,0
btaco16,38,,3,train,160696344,160696344,0
talon03echomike,38,,3,train,160696344,160696344,0
Primevalfans,38,,7,train,160696344,160696344,0
JoycePoiani,38,,6,train,160696344,160696344,0
Sahoonie,38,,6,train,160696344,160696344,0
kristennnk,39,,3,train,160696344,160696344,0
De_Reese,39,,5,train,160696344,160696344,0
rhiannonjonas,39,,3,train,160696344,160696344,0
milenakohlhofer,39,,3,train,160696344,160696344,0
stephaniemblake,39,,3,train,160696344,160696344,0
Fallen_Reason,39,,6,train,160696344,160696344,0
hyss1,39,,4,train,160696344,160696344,0
o0judy0o,39,,3,train,160696344,160696344,0
soaprehab,39,,4,train,160696344,160696344,0
itsNikiTee,39,,7,train,160696344,160696344,0
MzzJade,39,,3,train,160696344,160696344,0
jessicachavez7,39,,4,train,160696344,160696344,0
holdfast1979,39,,4,train,160696344,160696344,0
cheekygirlie,39,,3,train,160696344,160696344,0
katieters,39,,3,train,160696344,160696344,0
btaco16,39,,3,train,160696344,160696344,0
talon03echomike,39,,3,train,160696344,160696344,0
Primevalfans,39,,7,train,160696344,160696344,0
JoycePoiani,39,,6,train,160696344,160696344,0
Sahoonie,39,,6,train,160696344,160696344,0
kristennnk,40,,3,train,160696344,160696344,0
De_Reese,40,,5,train,160696344,160696344,0
rhiannonjonas,40,,3,train,160696344,160696344,0
milenakohlhofer,40,,3,train,160696344,160696344,0
stephaniemblake,40,,3,train,160696344,160696344,0
Fallen_Reason,40,,6,train,160696344,160696344,0
hyss1,40,,4,train,160696344,160696344,0
o0judy0o,40,,3,train,160696344,160696344,0
soaprehab,40,,4,train,160696344,160696344,0
itsNikiTee,40,,7,train,160696344,160696344,0
MzzJade,40,,3,train,160696344,160696344,0
jessicachavez7,40,,4,train,160696344,160696344,0
holdfast1979,40,,4,train,160696344,160696344,0
cheekygirlie,40,,3,train,160696344,160696344,0
katieters,40,,3,train,160696344,160696344,0
btaco16,40,,3,train,160696344,160696344,0
talon03echomike,40,,3,train,160696344,160696344,0
Primevalfans,40,,7,train,160696344,160696344,0
JoycePoiani,40,,6,train,160696344,160696344,0
Sahoonie,40,,6,train,160696344,160696344,0
kristennnk,41,,3,train,160696344,160696344,0
De_Reese,41,,5,train,160696344,160696344,0
rhiannonjonas,41,,3,train,160696344,160696344,0
milenakohlhofer,41,,3,train,160696344,160696344,0
stephaniemblake,41,,3,train,160696344,160696344,0
Fallen_Reason,41,,6,train,160696344,160696344,0
hyss1,41,,4,train,160696344,160696344,0
o0judy0o,41,,3,train,160696344,160696344,0
soaprehab,41,,4,train,160696344,160696344,0
itsNikiTee,41,,7,train,160696344,160696344,0
MzzJade,41,,3,train,160696344,160696344,0
jessicachavez7,41,,4,train,160696344,160696344,0
holdfast1979,41,,4,train,160696344,160696344,0
cheekygirlie,41,,3,train,160696344,160696344,0
katieters,41,,3,train,160696344,160696344,0
btaco16,41,,3,train,160696344,160696344,0
talon03echomike,41,,3,train,160696344,160696344,0
Primevalfans,41,,7,train,160696344,160696344,0
JoycePoiani,41,,6,train,160696344,160696344,0
Sahoonie,41,,6,train,160696344,160696344,0
kristennnk,42,,3,train,160696344,160696344,0
De_Reese,42,,5,train,160696344,160696344,0
rhiannonjonas,42,,3,train,160696344,160696344,0
milenakohlhofer,42,,3,train,160696344,160696344,0
stephaniemblake,42,,3,train,160696344,160696344,0
Fallen_Reason,42,,6,train,160696344,160696344,0
hyss1,42,,4,train,160696344,160696344,0
o0judy0o,42,,3,train,160696344,160696344,0
soaprehab,42,,4,train,160696344,160696344,0
itsNikiTee,42,,7,train,160696344,160696344,0
MzzJade,42,,3,train,160696344,160696344,0
jessicachavez7,42,,4,train,160696344,160696344,0
holdfast1979,42,,4,train,160696344,160696344,0
cheekygirlie,42,,3,train,160696344,160696344,0
katieters,42,,3,train,160696344,160696344,0
btaco16,42,,3,train,160696344,160696344,0
talon03echomike,42,,3,train,160696344,160696344,0
Primevalfans,42,,7,train,160696344,160696344,0
JoycePoiani,42,,6,train,160696344,160696344,0
Sahoonie,42,,6,train,160696344,160696344,0
kristennnk,43,,3,train,160696344,160696344,0
De_Reese,43,,5,train,160696344,160696344,0
rhiannonjonas,43,,3,train,160696344,160696344,0
milenakohlhofer,43,,3,train,160696344,160696344,0
stephaniemblake,43,,3,train,160696344,160696344,0
Fallen_Reason,43,,6,train,160696344,160696344,0
hyss1,43,,4,train,160696344,160696344,0
o0judy0o,43,,3,train,160696344,160696344,0
soaprehab,43,,4,train,160696344,160696344,0
itsNikiTee,43,,7,train,160696344,160696344,0
MzzJade,43,,3,train,160696344,160696344,0
jessicachavez7,43,,4,train,160696344,160696344,0
holdfast1979,43,,4,train,160696344,160696344,0
cheekygirlie,43,,3,train,160696344,160696344,0
katieters,43,,3,train,160696344,160696344,0
btaco16,43,,3,train,160696344,160696344,0
talon03echomike,43,,3,train,160696344,160696344,0
Primevalfans,43,,7,train,160696344,160696344,0
JoycePoiani,43,,6,train,160696344,160696344,0
Sahoonie,43,,6,train,160696344,160696344,0
kristennnk,44,,3,train,160696344,160696344,0
De_Reese,44,,5,train,160696344,160696344,0
rhiannonjonas,44,,3,train,160696344,160696344,0
milenakohlhofer,44,,3,train,160696344,160696344,0
stephaniemblake,44,,3,train,160696344,160696344,0
Fallen_Reason,44,,6,train,160696344,160696344,0
hyss1,44,,4,train,160696344,160696344,0
o0judy0o,44,,3,train,160696344,160696344,0
soaprehab,44,,4,train,160696344,160696344,0
itsNikiTee,44,,7,train,160696344,160696344,0
MzzJade,44,,3,train,160696344,160696344,0
jessicachavez7,44,,4,train,160696344,160696344,0
holdfast1979,44,,4,train,160696344,160696344,0
cheekygirlie,44,,3,train,160696344,160696344,0
katieters,44,,3,train,160696344,160696344,0
btaco16,44,,3,train,160696344,160696344,0
talon03echomike,44,,3,train,160696344,160696344,0
Primevalfans,44,,7,train,160696344,160696344,0
JoycePoiani,44,,6,train,160696344,160696344,0
Sahoonie,44,,6,train,160696344,160696344,0
kristennnk,45,,3,train,160696344,160696344,0
De_Reese,45,,5,train,160696344,160696344,0
rhiannonjonas,45,,3,train,160696344,160696344,0
milenakohlhofer,45,,3,train,160696344,160696344,0
stephaniemblake,45,,3,train,160696344,160696344,0
Fallen_Reason,45,,6,train,160696344,160696344,0
hyss1,45,,4,train,160696344,160696344,0
o0judy0o,45,,3,train,160696344,160696344,0
soaprehab,45,,4,train,160696344,160696344,0
itsNikiTee,45,,7,train,160696344,160696344,0
MzzJade,45,,3,train,160696344,160696344,0
jessicachavez7,45,,4,train,160696344,160696344,0
holdfast1979,45,,4,train,160696344,160696344,0
cheekygirlie,45,,3,train,160696344,160696344,0
katieters,45,,3,train,160696344,160696344,0
btaco16,45,,3,train,160696344,160696344,0
talon03echomike,45,,3,train,160696344,160696344,0
Primevalfans,45,,7,train,160696344,160696344,0
JoycePoiani,45,,6,train,160696344,160696344,0
Sahoonie,45,,6,train,160696344,160696344,0
kristennnk,46,,3,train,160696344,160696344,0
De_Reese,46,,5,train,160696344,160696344,0
rhiannonjonas,46,,3,train,160696344,160696344,0
milenakohlhofer,46,,3,train,160696344,160696344,0
stephaniemblake,46,,3,train,160696344,160696344,0
Fallen_Reason,46,,6,train,160696344,160696344,0
hyss1,46,,4,train,160696344,160696344,0
o0judy0o,46,,3,train,160696344,160696344,0
soaprehab,46,,4,train,160696344,160696344,0
itsNikiTee,46,,7,train,160696344,160696344,0
MzzJade,46,,3,train,160696344,160696344,0
jessicachavez7,46,,4,train,160696344,160696344,0
holdfast1979,46,,4,train,160696344,160696344,0
cheekygirlie,46,,3,train,160696344,160696344,0
katieters,46,,3,train,160696344,160696344,0
btaco16,46,,3,train,160696344,160696344,0
talon03echomike,46,,3,train,160696344,160696344,0
Primevalfans,46,,7,train,160696344,160696344,0
JoycePoiani,46,,6,train,160696344,160696344,0
Sahoonie,46,,6,train,160696344,160696344,0
kristennnk,47,,3,train,160696344,160696344,0
De_Reese,47,,5,train,160696344,160696344,0
rhiannonjonas,47,,3,train,160696344,160696344,0
milenakohlhofer,47,,3,train,160696344,160696344,0
stephaniemblake,47,,3,train,160696344,160696344,0
Fallen_Reason,47,,6,train,160696344,160696344,0
hyss1,47,,4,train,160696344,160696344,0
o0judy0o,47,,3,train,160696344,160696344,0
soaprehab,47,,4,train,160696344,160696344,0
itsNikiTee,47,,7,train,160696344,160696344,0
MzzJade,47,,3,train,160696344,160696344,0
jessicachavez7,47,,4,train,160696344,160696344,0
holdfast1979,47,,4,train,160696344,160696344,0
cheekygirlie,47,,3,train,160696344,160696344,0
katieters,47,,3,train,160696344,160696344,0
btaco16,47,,3,train,160696344,160696344,0
talon03echomike,47,,3,train,160696344,160696344,0
Primevalfans,47,,7,train,160696344,160696344,0
JoycePoiani,47,,6,train,160696344,160696344,0
Sahoonie,47,,6,train,160696344,160696344,0
kristennnk,48,,3,train,160696344,160696344,0
De_Reese,48,,5,train,160696344,160696344,0
rhiannonjonas,48,,3,train,160696344,160696344,0
milenakohlhofer,48,,3,train,160696344,160696344,0
stephaniemblake,48,,3,train,160696344,160696344,0
Fallen_Reason,48,,6,train,160696344,160696344,0
hyss1,48,,4,train,160696344,160696344,0
o0judy0o,48,,3,train,160696344,160696344,0
soaprehab,48,,4,train,160696344,160696344,0
itsNikiTee,48,,7,train,160696344,160696344,0
MzzJade,48,,3,train,160696344,160696344,0
jessicachavez7,48,,4,train,160696344,160696344,0
holdfast1979,48,,4,train,160696344,160696344,0
cheekygirlie,48,,3,train,160696344,160696344,0
katieters,48,,3,train,160696344,160696344,0
btaco16,48,,3,train,160696344,160696344,0
talon03echomike,48,,3,train,160696344,160696344,0
Primevalfans,48,,7,train,160696344,160696344,0
JoycePoiani,48,,6,train,160696344,160696344,0
Sahoonie,48,,6,train,160696344,160696344,0
kristennnk,49,,3,train,160696344,160696344,0
De_Reese,49,,5,train,160696344,160696344,0
rhiannonjonas,49,,3,train,160696344,160696344,0
milenakohlhofer,49,,3,train,160696344,160696344,0
stephaniemblake,49,,3,train,160696344,160696344,0
Fallen_Reason,49,,6,train,160696344,160696344,0
hyss1,49,,4,train,160696344,160696344,0
o0judy0o,49,,3,train,160696344,160696344,0
soaprehab,49,,4,train,160696344,160696344,0
itsNikiTee,49,,7,train,160696344,160696344,0
MzzJade,49,,3,train,160696344,160696344,0
jessicachavez7,49,,4,train,160696344,160696344,0
holdfast1979,49,,4,train,160696344,160696344,0
cheekygirlie,49,,3,train,160696344,160696344,0
katieters,49,,3,train,160696344,160696344,0
btaco16,49,,3,train,160696344,160696344,0
talon03echomike,49,,3,train,160696344,160696344,0
Primevalfans,49,,7,train,160696344,160696344,0
JoycePoiani,49,,6,train,160696344,160696344,0
Sahoonie,49,,6,train,160696344,160696344,0
kristennnk,50,,3,train,160696344,160696344,0
De_Reese,50,,5,train,160696344,160696344,0
rhiannonjonas,50,,3,train,160696344,160696344,0
milenakohlhofer,50,,3,train,160696344,160696344,0
stephaniemblake,50,,3,train,160696344,160696344,0
Fallen_Reason,50,,6,train,160696344,160696344,0
hyss1,50,,4,train,160696344,160696344,0
o0judy0o,50,,3,train,160696344,160696344,0
soaprehab,50,,4,train,160696344,160696344,0
itsNikiTee,50,,7,train,160696344,160696344,0
MzzJade,50,,3,train,160696344,160696344,0
jessicachavez7,50,,4,train,160696344,160696344,0
holdfast1979,50,,4,train,160696344,160696344,0
cheekygirlie,50,,3,train,160696344,160696344,0
katieters,50,,3,train,160696344,160696344,0
btaco16,50,,3,train,160696344,160696344,0
talon03echomike,50,,3,train,160696344,160696344,0
Primevalfans,50,,7,train,160696344,160696344,0
JoycePoiani,50,,6,train,160696344,160696344,0
Sahoonie,50,,6,train,160696344,160696344,0
