Fallen_Reason,1,,6,train,160696344,160696344,0
itsNikiTee,1,,7,train,160696344,160696344,0
De_Reese,1,,5,train,160696344,160696344,0
JustMelly,1,,33,train,160696344,160696344,4830427860
Primevalfans,1,,7,train,160696344,160696344,0
MandyPandy32,1,,143,train,160696344,160696344,28982567160
rkuang,1,,14,train,160696344,160696344,2415213930
DYkEY_tYPE,1,,26,train,160696344,160696344,4830427860
JoycePoiani,1,,6,train,160696344,160696344,0
Sahoonie,1,,6,train,160696344,160696344,0
Bryce11,1,,10,train,160696344,160696344,0
hyss1,1,,4,train,160696344,160696344,0
official_rachel,1,,8,train,160696344,160696344,0
bobbyjackm333,1,,6,train,160696344,160696344,0
itsAudio,1,,6,train,160696344,160696344,0
soaprehab,1,,4,train,160696344,160696344,0
yoyomo,1,,12,train,160696344,160696344,2415213930
kristennnk,1,,3,train,160696344,160696344,0
jessicachavez7,1,,4,train,160696344,160696344,0
holdfast1979,1,,4,train,160696344,160696344,0
Fallen_Reason,2,,6,train,160696344,160696344,0
itsNikiTee,2,,7,train,160696344,160696344,0
De_Reese,2,,5,train,160696344,160696344,0
JustMelly,2,,33,train,160696344,160696344,4830427860
Primevalfans,2,,7,train,160696344,160696344,0
MandyPandy32,2,,143,train,160696344,160696344,28982567160
rkuang,2,,14,train,160696344,160696344,2415213930
DYkEY_tYPE,2,,26,train,160696344,160696344,4830427860
JoycePoiani,2,,6,train,160696344,160696344,0
Sahoonie,2,,6,train,160696344,160696344,0
Bryce11,2,,10,train,160696344,160696344,0
hyss1,2,,4,train,160696344,160696344,0
official_rachel,2,,8,train,160696344,160696344,0
bobbyjackm333,2,,6,train,160696344,160696344,0
itsAudio,2,,6,train,160696344,160696344,0
soaprehab,2,,4,train,160696344,160696344,0
yoyomo,2,,12,train,160696344,160696344,2415213930
kristennnk,2,,3,train,160696344,160696344,0
jessicachavez7,2,,4,train,160696344,160696344,0
holdfast1979,2,,4,train,160696344,160696344,0
Fallen_Reason,3,,6,train,160696344,160696344,0
itsNikiTee,3,,7,train,160696344,160696344,0
De_Reese,3,,5,train,160696344,160696344,0
JustMelly,3,,33,train,160696344,160696344,4830427860
Primevalfans,3,,7,train,160696344,160696344,0
MandyPandy32,3,,143,train,160696344,160696344,28982567160
rkuang,3,,14,train,160696344,160696344,2415213930
DYkEY_tYPE,3,,26,train,160696344,160696344,4830427860
JoycePoiani,3,,6,train,160696344,160696344,0
Sahoonie,3,,6,train,160696344,160696344,0
Bryce11,3,,10,train,160696344,160696344,0
hyss1,3,,4,train,160696344,160696344,0
official_rachel,3,,8,train,160696344,160696344,0
bobbyjackm333,3,,6,train,160696344,160696344,0
itsAudio,3,,6,train,160696344,160696344,0
soaprehab,3,,4,train,160696344,160696344,0
yoyomo,3,,12,train,160696344,160696344,2415213930
kristennnk,3,,3,train,160696344,160696344,0
jessicachavez7,3,,4,train,160696344,160696344,0
holdfast1979,3,,4,train,160696344,160696344,0
Fallen_Reason,4,,6,train,160696344,160696344,0
itsNikiTee,4,,7,train,160696344,160696344,0
De_Reese,4,,5,train,160696344,160696344,0
JustMelly,4,,33,train,160696344,160696344,4830427860
Primevalfans,4,,7,train,160696344,160696344,0
MandyPandy32,4,,143,train,160696344,160696344,28982567160
rkuang,4,,14,train,160696344,160696344,2415213930
DYkEY_tYPE,4,,26,train,160696344,160696344,4830427860
JoycePoiani,4,,6,train,160696344,160696344,0
Sahoonie,4,,6,train,160696344,160696344,0
Bryce11,4,,10,train,160696344,160696344,0
hyss1,4,,4,train,160696344,160696344,0
official_rachel,4,,8,train,160696344,160696344,0
bobbyjackm333,4,,6,train,160696344,160696344,0
itsAudio,4,,6,train,160696344,160696344,0
soaprehab,4,,4,train,160696344,160696344,0
yoyomo,4,,12,train,160696344,160696344,2415213930
kristennnk,4,,3,train,160696344,160696344,0
jessicachavez7,4,,4,train,160696344,160696344,0
holdfast1979,4,,4,train,160696344,160696344,0
Fallen_Reason,5,,6,train,160696344,160696344,0
itsNikiTee,5,,7,train,160696344,160696344,0
De_Reese,5,,5,train,160696344,160696344,0
JustMelly,5,,33,train,160696344,160696344,4830427860
Primevalfans,5,,7,train,160696344,160696344,0
MandyPandy32,5,,143,train,160696344,160696344,28982567160
rkuang,5,,14,train,160696344,160696344,2415213930
DYkEY_tYPE,5,,26,train,160696344,160696344,4830427860
JoycePoiani,5,,6,train,160696344,160696344,0
Sahoonie,5,,6,train,160696344,160696344,0
Bryce11,5,,10,train,160696344,160696344,0
hyss1,5,,4,train,160696344,160696344,0
official_rachel,5,,8,train,160696344,160696344,0
bobbyjackm333,5,,6,train,160696344,160696344,0
itsAudio,5,,6,train,160696344,160696344,0
soaprehab,5,,4,train,160696344,160696344,0
yoyomo,5,,12,train,160696344,160696344,2415213930
kristennnk,5,,3,train,160696344,160696344,0
jessicachavez7,5,,4,train,160696344,160696344,0
holdfast1979,5,,4,train,160696344,160696344,0
Fallen_Reason,6,,6,train,160696344,160696344,0
itsNikiTee,6,,7,train,160696344,160696344,0
De_Reese,6,,5,train,160696344,160696344,0
JustMelly,6,,33,train,160696344,160696344,4830427860
Primevalfans,6,,7,train,160696344,160696344,0
MandyPandy32,6,,143,train,160696344,160696344,28982567160
rkuang,6,,14,train,160696344,160696344,2415213930
DYkEY_tYPE,6,,26,train,160696344,160696344,4830427860
JoycePoiani,6,,6,train,160696344,160696344,0
Sahoonie,6,,6,train,160696344,160696344,0
Bryce11,6,,10,train,160696344,160696344,0
hyss1,6,,4,train,160696344,160696344,0
official_rachel,6,,8,train,160696344,160696344,0
bobbyjackm333,6,,6,train,160696344,160696344,0
itsAudio,6,,6,train,160696344,160696344,0
soaprehab,6,,4,train,160696344,160696344,0
yoyomo,6,,12,train,160696344,160696344,2415213930
kristennnk,6,,3,train,160696344,160696344,0
jessicachavez7,6,,4,train,160696344,160696344,0
holdfast1979,6,,4,train,160696344,160696344,0
Fallen_Reason,7,,6,train,160696344,160696344,0
itsNikiTee,7,,7,train,160696344,160696344,0
De_Reese,7,,5,train,160696344,160696344,0
JustMelly,7,,33,train,160696344,160696344,4830427860
Primevalfans,7,,7,train,160696344,160696344,0
MandyPandy32,7,,143,train,160696344,160696344,28982567160
rkuang,7,,14,train,160696344,160696344,2415213930
DYkEY_tYPE,7,,26,train,160696344,160696344,4830427860
JoycePoiani,7,,6,train,160696344,160696344,0
Sahoonie,7,,6,train,160696344,160696344,0
Bryce11,7,,10,train,160696344,160696344,0
hyss1,7,,4,train,160696344,160696344,0
official_rachel,7,,8,train,160696344,160696344,0
bobbyjackm333,7,,6,train,160696344,160696344,0
itsAudio,7,,6,train,160696344,160696344,0
soaprehab,7,,4,train,160696344,160696344,0
yoyomo,7,,12,train,160696344,160696344,2415213930
kristennnk,7,,3,train,160696344,160696344,0
jessicachavez7,7,,4,train,160696344,160696344,0
holdfast1979,7,,4,train,160696344,160696344,0
Fallen_Reason,8,,6,train,160696344,160696344,0
itsNikiTee,8,,7,train,160696344,160696344,0
De_Reese,8,,5,train,160696344,160696344,0
JustMelly,8,,33,train,160696344,160696344,4830427860
Primevalfans,8,,7,train,160696344,160696344,0
MandyPandy32,8,,143,train,160696344,160696344,28982567160
rkuang,8,,14,train,160696344,160696344,2415213930
DYkEY_tYPE,8,,26,train,160696344,160696344,4830427860
JoycePoiani,8,,6,train,160696344,160696344,0
Sahoonie,8,,6,train,160696344,160696344,0
Bryce11,8,,10,train,160696344,160696344,0
hyss1,8,,4,train,160696344,160696344,0
official_rachel,8,,8,train,160696344,160696344,0
bobbyjackm333,8,,6,train,160696344,160696344,0
itsAudio,8,,6,train,160696344,160696344,0
soaprehab,8,,4,train,160696344,160696344,0
yoyomo,8,,12,train,160696344,160696344,2415213930
kristennnk,8,,3,train,160696344,160696344,0
jessicachavez7,8,,4,train,160696344,160696344,0
holdfast1979,8,,4,train,160696344,160696344,0
Fallen_Reason,9,,6,train,160696344,160696344,0
itsNikiTee,9,,7,train,160696344,160696344,0
De_Reese,9,,5,train,160696344,160696344,0
JustMelly,9,,33,train,160696344,160696344,4830427860
Primevalfans,9,,7,train,160696344,160696344,0
MandyPandy32,9,,143,train,160696344,160696344,28982567160
rkuang,9,,14,train,160696344,160696344,2415213930
DYkEY_tYPE,9,,26,train,160696344,160696344,4830427860
JoycePoiani,9,,6,train,160696344,160696344,0
Sahoonie,9,,6,train,160696344,160696344,0
Bryce11,9,,10,train,160696344,160696344,0
hyss1,9,,4,train,160696344,160696344,0
official_rachel,9,,8,train,160696344,160696344,0
bobbyjackm333,9,,6,train,160696344,160696344,0
itsAudio,9,,6,train,160696344,160696344,0
soaprehab,9,,4,train,160696344,160696344,0
yoyomo,9,,12,train,160696344,160696344,2415213930
kristennnk,9,,3,train,160696344,160696344,0
jessicachavez7,9,,4,train,160696344,160696344,0
holdfast1979,9,,4,train,160696344,160696344,0
Fallen_Reason,10,,6,train,160696344,160696344,0
itsNikiTee,10,,7,train,160696344,160696344,0
De_Reese,10,,5,train,160696344,160696344,0
JustMelly,10,,33,train,160696344,160696344,4830427860
Primevalfans,10,,7,train,160696344,160696344,0
MandyPandy32,10,,143,train,160696344,160696344,28982567160
rkuang,10,,14,train,160696344,160696344,2415213930
DYkEY_tYPE,10,,26,train,160696344,160696344,4830427860
JoycePoiani,10,,6,train,160696344,160696344,0
Sahoonie,10,,6,train,160696344,160696344,0
Bryce11,10,,10,train,160696344,160696344,0
hyss1,10,,4,train,160696344,160696344,0
official_rachel,10,,8,train,160696344,160696344,0
bobbyjackm333,10,,6,train,160696344,160696344,0
itsAudio,10,,6,train,160696344,160696344,0
soaprehab,10,,4,train,160696344,160696344,0
yoyomo,10,,12,train,160696344,160696344,2415213930
kristennnk,10,,3,train,160696344,160696344,0
jessicachavez7,10,,4,train,160696344,160696344,0
holdfast1979,10,,4,train,160696344,160696344,0
Fallen_Reason,11,,6,train,160696344,160696344,0
itsNikiTee,11,,7,train,160696344,160696344,0
De_Reese,11,,5,train,160696344,160696344,0
JustMelly,11,,33,train,160696344,160696344,4830427860
Primevalfans,11,,7,train,160696344,160696344,0
MandyPandy32,11,,143,train,160696344,160696344,28982567160
rkuang,11,,14,train,160696344,160696344,2415213930
DYkEY_tYPE,11,,26,train,160696344,160696344,4830427860
JoycePoiani,11,,6,train,160696344,160696344,0
Sahoonie,11,,6,train,160696344,160696344,0
Bryce11,11,,10,train,160696344,160696344,0
hyss1,11,,4,train,160696344,160696344,0
official_rachel,11,,8,train,160696344,160696344,0
bobbyjackm333,11,,6,train,160696344,160696344,0
itsAudio,11,,6,train,160696344,160696344,0
soaprehab,11,,4,train,160696344,160696344,0
yoyomo,11,,12,train,160696344,160696344,2415213930
kristennnk,11,,3,train,160696344,160696344,0
jessicachavez7,11,,4,train,160696344,160696344,0
holdfast1979,11,,4,train,160696344,160696344,0
Fallen_Reason,12,,6,train,160696344,160696344,0
itsNikiTee,12,,7,train,160696344,160696344,0
De_Reese,12,,5,train,160696344,160696344,0
JustMelly,12,,33,train,160696344,160696344,4830427860
Primevalfans,12,,7,train,160696344,160696344,0
MandyPandy32,12,,143,train,160696344,160696344,28982567160
rkuang,12,,14,train,160696344,160696344,2415213930
DYkEY_tYPE,12,,26,train,160696344,160696344,4830427860
JoycePoiani,12,,6,train,160696344,160696344,0
Sahoonie,12,,6,train,160696344,160696344,0
Bryce11,12,,10,train,160696344,160696344,0
hyss1,12,,4,train,160696344,160696344,0
official_rachel,12,,8,train,160696344,160696344,0
bobbyjackm333,12,,6,train,160696344,160696344,0
itsAudio,12,,6,train,160696344,160696344,0
soaprehab,12,,4,train,160696344,160696344,0
yoyomo,12,,12,train,160696344,160696344,2415213930
kristennnk,12,,3,train,160696344,160696344,0
jessicachavez7,12,,4,train,160696344,160696344,0
holdfast1979,12,,4,train,160696344,160696344,0
Fallen_Reason,13,,6,train,160696344,160696344,0
itsNikiTee,13,,7,train,160696344,160696344,0
De_Reese,13,,5,train,160696344,160696344,0
JustMelly,13,,33,train,160696344,160696344,4830427860
Primevalfans,13,,7,train,160696344,160696344,0
MandyPandy32,13,,143,train,160696344,160696344,28982567160
rkuang,13,,14,train,160696344,160696344,2415213930
DYkEY_tYPE,13,,26,train,160696344,160696344,4830427860
JoycePoiani,13,,6,train,160696344,160696344,0
Sahoonie,13,,6,train,160696344,160696344,0
Bryce11,13,,10,train,160696344,160696344,0
hyss1,13,,4,train,160696344,160696344,0
official_rachel,13,,8,train,160696344,160696344,0
bobbyjackm333,13,,6,train,160696344,160696344,0
itsAudio,13,,6,train,160696344,160696344,0
soaprehab,13,,4,train,160696344,160696344,0
yoyomo,13,,12,train,160696344,160696344,2415213930
kristennnk,13,,3,train,160696344,160696344,0
jessicachavez7,13,,4,train,160696344,160696344,0
holdfast1979,13,,4,train,160696344,160696344,0
Fallen_Reason,14,,6,train,160696344,160696344,0
itsNikiTee,14,,7,train,160696344,160696344,0
De_Reese,14,,5,train,160696344,160696344,0
JustMelly,14,,33,train,160696344,160696344,4830427860
Primevalfans,14,,7,train,160696344,160696344,0
MandyPandy32,14,,143,train,160696344,160696344,28982567160
rkuang,14,,14,train,160696344,160696344,2415213930
DYkEY_tYPE,14,,26,train,160696344,160696344,4830427860
JoycePoiani,14,,6,train,160696344,160696344,0
Sahoonie,14,,6,train,160696344,160696344,0
Bryce11,14,,10,train,160696344,160696344,0
hyss1,14,,4,train,160696344,160696344,0
official_rachel,14,,8,train,160696344,160696344,0
bobbyjackm333,14,,6,train,160696344,160696344,0
itsAudio,14,,6,train,160696344,160696344,0
soaprehab,14,,4,train,160696344,160696344,0
yoyomo,14,,12,train,160696344,160696344,2415213930
kristennnk,14,,3,train,160696344,160696344,0
jessicachavez7,14,,4,train,160696344,160696344,0
holdfast1979,14,,4,train,160696344,160696344,0
Fallen_Reason,15,,6,train,160696344,160696344,0
itsNikiTee,15,,7,train,160696344,160696344,0
De_Reese,15,,5,train,160696344,160696344,0
JustMelly,15,,33,train,160696344,160696344,4830427860
Primevalfans,15,,7,train,160696344,160696344,0
MandyPandy32,15,,143,train,160696344,160696344,28982567160
rkuang,15,,14,train,160696344,160696344,2415213930
DYkEY_tYPE,15,,26,train,160696344,160696344,4830427860
JoycePoiani,15,,6,train,160696344,160696344,0
Sahoonie,15,,6,train,160696344,160696344,0
Bryce11,15,,10,train,160696344,160696344,0
hyss1,15,,4,train,160696344,160696344,0
official_rachel,15,,8,train,160696344,160696344,0
bobbyjackm333,15,,6,train,160696344,160696344,0
itsAudio,15,,6,train,160696344,160696344,0
soaprehab,15,,4,train,160696344,160696344,0
yoyomo,15,,12,train,160696344,160696344,2415213930
kristennnk,15,,3,train,160696344,160696344,0
jessicachavez7,15,,4,train,160696344,160696344,0
holdfast1979,15,,4,train,160696344,160696344,0
Fallen_Reason,16,,6,train,160696344,160696344,0
itsNikiTee,16,,7,train,160696344,160696344,0
De_Reese,16,,5,train,160696344,160696344,0
JustMelly,16,,33,train,160696344,160696344,4830427860
Primevalfans,16,,7,train,160696344,160696344,0
MandyPandy32,16,,143,train,160696344,160696344,28982567160
rkuang,16,,14,train,160696344,160696344,2415213930
DYkEY_tYPE,16,,26,train,160696344,160696344,4830427860
JoycePoiani,16,,6,train,160696344,160696344,0
Sahoonie,16,,6,train,160696344,160696344,0
Bryce11,16,,10,train,160696344,160696344,0
hyss1,16,,4,train,160696344,160696344,0
official_rachel,16,,8,train,160696344,160696344,0
bobbyjackm333,16,,6,train,160696344,160696344,0
itsAudio,16,,6,train,160696344,160696344,0
soaprehab,16,,4,train,160696344,160696344,0
yoyomo,16,,12,train,160696344,160696344,2415213930
kristennnk,16,,3,train,160696344,160696344,0
jessicachavez7,16,,4,train,160696344,160696344,0
holdfast1979,16,,4,train,160696344,160696344,0
Fallen_Reason,17,,6,train,160696344,160696344,0
itsNikiTee,17,,7,train,160696344,160696344,0
De_Reese,17,,5,train,160696344,160696344,0
JustMelly,17,,33,train,160696344,160696344,4830427860
Primevalfans,17,,7,train,160696344,160696344,0
MandyPandy32,17,,143,train,160696344,160696344,28982567160
rkuang,17,,14,train,160696344,160696344,2415213930
DYkEY_tYPE,17,,26,train,160696344,160696344,4830427860
JoycePoiani,17,,6,train,160696344,160696344,0
Sahoonie,17,,6,train,160696344,160696344,0
Bryce11,17,,10,train,160696344,160696344,0
hyss1,17,,4,train,160696344,160696344,0
official_rachel,17,,8,train,160696344,160696344,0
bobbyjackm333,17,,6,train,160696344,160696344,0
itsAudio,17,,6,train,160696344,160696344,0
soaprehab,17,,4,train,160696344,160696344,0
yoyomo,17,,12,train,160696344,160696344,2415213930
kristennnk,17,,3,train,160696344,160696344,0
jessicachavez7,17,,4,train,160696344,160696344,0
holdfast1979,17,,4,train,160696344,160696344,0
Fallen_Reason,18,,6,train,160696344,160696344,0
itsNikiTee,18,,7,train,160696344,160696344,0
De_Reese,18,,5,train,160696344,160696344,0
JustMelly,18,,33,train,160696344,160696344,4830427860
Primevalfans,18,,7,train,160696344,160696344,0
MandyPandy32,18,,143,train,160696344,160696344,28982567160
rkuang,18,,14,train,160696344,160696344,2415213930
DYkEY_tYPE,18,,26,train,160696344,160696344,4830427860
JoycePoiani,18,,6,train,160696344,160696344,0
Sahoonie,18,,6,train,160696344,160696344,0
Bryce11,18,,10,train,160696344,160696344,0
hyss1,18,,4,train,160696344,160696344,0
official_rachel,18,,8,train,160696344,160696344,0
bobbyjackm333,18,,6,train,160696344,160696344,0
itsAudio,18,,6,train,160696344,160696344,0
soaprehab,18,,4,train,160696344,160696344,0
yoyomo,18,,12,train,160696344,160696344,2415213930
kristennnk,18,,3,train,160696344,160696344,0
jessicachavez7,18,,4,train,160696344,160696344,0
holdfast1979,18,,4,train,160696344,160696344,0
Fallen_Reason,19,,6,train,160696344,160696344,0
itsNikiTee,19,,7,train,160696344,160696344,0
De_Reese,19,,5,train,160696344,160696344,0
JustMelly,19,,33,train,160696344,160696344,4830427860
Primevalfans,19,,7,train,160696344,160696344,0
MandyPandy32,19,,143,train,160696344,160696344,28982567160
rkuang,19,,14,train,160696344,160696344,2415213930
DYkEY_tYPE,19,,26,train,160696344,160696344,4830427860
JoycePoiani,19,,6,train,160696344,160696344,0
Sahoonie,19,,6,train,160696344,160696344,0
Bryce11,19,,10,train,160696344,160696344,0
hyss1,19,,4,train,160696344,160696344,0
official_rachel,19,,8,train,160696344,160696344,0
bobbyjackm333,19,,6,train,160696344,160696344,0
itsAudio,19,,6,train,160696344,160696344,0
soaprehab,19,,4,train,160696344,160696344,0
yoyomo,19,,12,train,160696344,160696344,2415213930
kristennnk,19,,3,train,160696344,160696344,0
jessicachavez7,19,,4,train,160696344,160696344,0
holdfast1979,19,,4,train,160696344,160696344,0
Fallen_Reason,20,,6,train,160696344,160696344,0
itsNikiTee,20,,7,train,160696344,160696344,0
De_Reese,20,,5,train,160696344,160696344,0
JustMelly,20,,33,train,160696344,160696344,4830427860
Primevalfans,20,,7,train,160696344,160696344,0
MandyPandy32,20,,143,train,160696344,160696344,28982567160
rkuang,20,,14,train,160696344,160696344,2415213930
DYkEY_tYPE,20,,26,train,160696344,160696344,4830427860
JoycePoiani,20,,6,train,160696344,160696344,0
Sahoonie,20,,6,train,160696344,160696344,0
Bryce11,20,,10,train,160696344,160696344,0
hyss1,20,,4,train,160696344,160696344,0
official_rachel,20,,8,train,160696344,160696344,0
bobbyjackm333,20,,6,train,160696344,160696344,0
itsAudio,20,,6,train,160696344,160696344,0
soaprehab,20,,4,train,160696344,160696344,0
yoyomo,20,,12,train,160696344,160696344,2415213930
kristennnk,20,,3,train,160696344,160696344,0
jessicachavez7,20,,4,train,160696344,160696344,0
holdfast1979,20,,4,train,160696344,160696344,0
Fallen_Reason,21,,6,train,160696344,160696344,0
itsNikiTee,21,,7,train,160696344,160696344,0
De_Reese,21,,5,train,160696344,160696344,0
JustMelly,21,,33,train,160696344,160696344,4830427860
Primevalfans,21,,7,train,160696344,160696344,0
MandyPandy32,21,,143,train,160696344,160696344,28982567160
rkuang,21,,14,train,160696344,160696344,2415213930
DYkEY_tYPE,21,,26,train,160696344,160696344,4830427860
JoycePoiani,21,,6,train,160696344,160696344,0
Sahoonie,21,,6,train,160696344,160696344,0
Bryce11,21,,10,train,160696344,160696344,0
hyss1,21,,4,train,160696344,160696344,0
official_rachel,21,,8,train,160696344,160696344,0
bobbyjackm333,21,,6,train,160696344,160696344,0
itsAudio,21,,6,train,160696344,160696344,0
soaprehab,21,,4,train,160696344,160696344,0
yoyomo,21,,12,train,160696344,160696344,2415213930
kristennnk,21,,3,train,160696344,160696344,0
jessicachavez7,21,,4,train,160696344,160696344,0
holdfast1979,21,,4,train,160696344,160696344,0
Fallen_Reason,22,,6,train,160696344,160696344,0
itsNikiTee,22,,7,train,160696344,160696344,0
De_Reese,22,,5,train,160696344,160696344,0
JustMelly,22,,33,train,160696344,160696344,4830427860
Primevalfans,22,,7,train,160696344,160696344,0
MandyPandy32,22,,143,train,160696344,160696344,28982567160
rkuang,22,,14,train,160696344,160696344,2415213930
DYkEY_tYPE,22,,26,train,160696344,160696344,4830427860
JoycePoiani,22,,6,train,160696344,160696344,0
Sahoonie,22,,6,train,160696344,160696344,0
Bryce11,22,,10,train,160696344,160696344,0
hyss1,22,,4,train,160696344,160696344,0
official_rachel,22,,8,train,160696344,160696344,0
bobbyjackm333,22,,6,train,160696344,160696344,0
itsAudio,22,,6,train,160696344,160696344,0
soaprehab,22,,4,train,160696344,160696344,0
yoyomo,22,,12,train,160696344,160696344,2415213930
kristennnk,22,,3,train,160696344,160696344,0
jessicachavez7,22,,4,train,160696344,160696344,0
holdfast1979,22,,4,train,160696344,160696344,0
Fallen_Reason,23,,6,train,160696344,160696344,0
itsNikiTee,23,,7,train,160696344,160696344,0
De_Reese,23,,5,train,160696344,160696344,0
JustMelly,23,,33,train,160696344,160696344,4830427860
Primevalfans,23,,7,train,160696344,160696344,0
MandyPandy32,23,,143,train,160696344,160696344,28982567160
rkuang,23,,14,train,160696344,160696344,2415213930
DYkEY_tYPE,23,,26,train,160696344,160696344,4830427860
JoycePoiani,23,,6,train,160696344,160696344,0
Sahoonie,23,,6,train,160696344,160696344,0
Bryce11,23,,10,train,160696344,160696344,0
hyss1,23,,4,train,160696344,160696344,0
official_rachel,23,,8,train,160696344,160696344,0
bobbyjackm333,23,,6,train,160696344,160696344,0
itsAudio,23,,6,train,160696344,160696344,0
soaprehab,23,,4,train,160696344,160696344,0
yoyomo,23,,12,train,160696344,160696344,2415213930
kristennnk,23,,3,train,160696344,160696344,0
jessicachavez7,23,,4,train,160696344,160696344,0
holdfast1979,23,,4,train,160696344,160696344,0
Fallen_Reason,24,,6,train,160696344,160696344,0
itsNikiTee,24,,7,train,160696344,160696344,0
De_Reese,24,,5,train,160696344,160696344,0
JustMelly,24,,33,train,160696344,160696344,4830427860
Primevalfans,24,,7,train,160696344,160696344,0
MandyPandy32,24,,143,train,160696344,160696344,28982567160
rkuang,24,,14,train,160696344,160696344,2415213930
DYkEY_tYPE,24,,26,train,160696344,160696344,4830427860
JoycePoiani,24,,6,train,160696344,160696344,0
Sahoonie,24,,6,train,160696344,160696344,0
Bryce11,24,,10,train,160696344,160696344,0
hyss1,24,,4,train,160696344,160696344,0
official_rachel,24,,8,train,160696344,160696344,0
bobbyjackm333,24,,6,train,160696344,160696344,0
itsAudio,24,,6,train,160696344,160696344,0
soaprehab,24,,4,train,160696344,160696344,0
yoyomo,24,,12,train,160696344,160696344,2415213930
kristennnk,24,,3,train,160696344,160696344,0
jessicachavez7,24,,4,train,160696344,160696344,0
holdfast1979,24,,4,train,160696344,160696344,0
Fallen_Reason,25,,6,train,160696344,160696344,0
itsNikiTee,25,,7,train,160696344,160696344,0
De_Reese,25,,5,train,160696344,160696344,0
JustMelly,25,,33,train,160696344,160696344,4830427860
Primevalfans,25,,7,train,160696344,160696344,0
MandyPandy32,25,,143,train,160696344,160696344,28982567160
rkuang,25,,14,train,160696344,160696344,2415213930
DYkEY_tYPE,25,,26,train,160696344,160696344,4830427860
JoycePoiani,25,,6,train,160696344,160696344,0
Sahoonie,25,,6,train,160696344,160696344,0
Bryce11,25,,10,train,160696344,160696344,0
hyss1,25,,4,train,160696344,160696344,0
official_rachel,25,,8,train,160696344,160696344,0
bobbyjackm333,25,,6,train,160696344,160696344,0
itsAudio,25,,6,train,160696344,160696344,0
soaprehab,25,,4,train,160696344,160696344,0
yoyomo,25,,12,train,160696344,160696344,2415213930
kristennnk,25,,3,train,160696344,160696344,0
jessicachavez7,25,,4,train,160696344,160696344,0
holdfast1979,25,,4,train,160696344,160696344,0
Fallen_Reason,26,,6,train,160696344,160696344,0
itsNikiTee,26,,7,train,160696344,160696344,0
De_Reese,26,,5,train,160696344,160696344,0
JustMelly,26,,33,train,160696344,160696344,4830427860
Primevalfans,26,,7,train,160696344,160696344,0
MandyPandy32,26,,143,train,160696344,160696344,28982567160
rkuang,26,,14,train,160696344,160696344,2415213930
DYkEY_tYPE,26,,26,train,160696344,160696344,4830427860
JoycePoiani,26,,6,train,160696344,160696344,0
Sahoonie,26,,6,train,160696344,160696344,0
Bryce11,26,,10,train,160696344,160696344,0
hyss1,26,,4,train,160696344,160696344,0
official_rachel,26,,8,train,160696344,160696344,0
bobbyjackm333,26,,6,train,160696344,160696344,0
itsAudio,26,,6,train,160696344,160696344,0
soaprehab,26,,4,train,160696344,160696344,0
yoyomo,26,,12,train,160696344,160696344,2415213930
kristennnk,26,,3,train,160696344,160696344,0
jessicachavez7,26,,4,train,160696344,160696344,0
holdfast1979,26,,4,train,160696344,160696344,0
Fallen_Reason,27,,6,train,160696344,160696344,0
itsNikiTee,27,,7,train,160696344,160696344,0
De_Reese,27,,5,train,160696344,160696344,0
JustMelly,27,,33,train,160696344,160696344,4830427860
Primevalfans,27,,7,train,160696344,160696344,0
MandyPandy32,27,,143,train,160696344,160696344,28982567160
rkuang,27,,14,train,160696344,160696344,2415213930
DYkEY_tYPE,27,,26,train,160696344,160696344,4830427860
JoycePoiani,27,,6,train,160696344,160696344,0
Sahoonie,27,,6,train,160696344,160696344,0
Bryce11,27,,10,train,160696344,160696344,0
hyss1,27,,4,train,160696344,160696344,0
official_rachel,27,,8,train,160696344,160696344,0
bobbyjackm333,27,,6,train,160696344,160696344,0
itsAudio,27,,6,train,160696344,160696344,0
soaprehab,27,,4,train,160696344,160696344,0
yoyomo,27,,12,train,160696344,160696344,2415213930
kristennnk,27,,3,train,160696344,160696344,0
jessicachavez7,27,,4,train,160696344,160696344,0
holdfast1979,27,,4,train,160696344,160696344,0
Fallen_Reason,28,,6,train,160696344,160696344,0
itsNikiTee,28,,7,train,160696344,160696344,0
De_Reese,28,,5,train,160696344,160696344,0
JustMelly,28,,33,train,160696344,160696344,4830427860
Primevalfans,28,,7,train,160696344,160696344,0
MandyPandy32,28,,143,train,160696344,160696344,28982567160
rkuang,28,,14,train,160696344,160696344,2415213930
DYkEY_tYPE,28,,26,train,160696344,160696344,4830427860
JoycePoiani,28,,6,train,160696344,160696344,0
Sahoonie,28,,6,train,160696344,160696344,0
Bryce11,28,,10,train,160696344,160696344,0
hyss1,28,,4,train,160696344,160696344,0
official_rachel,28,,8,train,160696344,160696344,0
bobbyjackm333,28,,6,train,160696344,160696344,0
itsAudio,28,,6,train,160696344,160696344,0
soaprehab,28,,4,train,160696344,160696344,0
yoyomo,28,,12,train,160696344,160696344,2415213930
kristennnk,28,,3,train,160696344,160696344,0
jessicachavez7,28,,4,train,160696344,160696344,0
holdfast1979,28,,4,train,160696344,160696344,0
Fallen_Reason,29,,6,train,160696344,160696344,0
itsNikiTee,29,,7,train,160696344,160696344,0
De_Reese,29,,5,train,160696344,160696344,0
JustMelly,29,,33,train,160696344,160696344,4830427860
Primevalfans,29,,7,train,160696344,160696344,0
MandyPandy32,29,,143,train,160696344,160696344,28982567160
rkuang,29,,14,train,160696344,160696344,2415213930
DYkEY_tYPE,29,,26,train,160696344,160696344,4830427860
JoycePoiani,29,,6,train,160696344,160696344,0
Sahoonie,29,,6,train,160696344,160696344,0
Bryce11,29,,10,train,160696344,160696344,0
hyss1,29,,4,train,160696344,160696344,0
official_rachel,29,,8,train,160696344,160696344,0
bobbyjackm333,29,,6,train,160696344,160696344,0
itsAudio,29,,6,train,160696344,160696344,0
soaprehab,29,,4,train,160696344,160696344,0
yoyomo,29,,12,train,160696344,160696344,2415213930
kristennnk,29,,3,train,160696344,160696344,0
jessicachavez7,29,,4,train,160696344,160696344,0
holdfast1979,29,,4,train,160696344,160696344,0
Fallen_Reason,30,,6,train,160696344,160696344,0
itsNikiTee,30,,7,train,160696344,160696344,0
De_Reese,30,,5,train,160696344,160696344,0
JustMelly,30,,33,train,160696344,160696344,4830427860
Primevalfans,30,,7,train,160696344,160696344,0
MandyPandy32,30,,143,train,160696344,160696344,28982567160
rkuang,30,,14,train,160696344,160696344,2415213930
DYkEY_tYPE,30,,26,train,160696344,160696344,4830427860
JoycePoiani,30,,6,train,160696344,160696344,0
Sahoonie,30,,6,train,160696344,160696344,0
Bryce11,30,,10,train,160696344,160696344,0
hyss1,30,,4,train,160696344,160696344,0
official_rachel,30,,8,train,160696344,160696344,0
bobbyjackm333,30,,6,train,160696344,160696344,0
itsAudio,30,,6,train,160696344,160696344,0
soaprehab,30,,4,train,160696344,160696344,0
yoyomo,30,,12,train,160696344,160696344,2415213930
kristennnk,30,,3,train,160696344,160696344,0
jessicachavez7,30,,4,train,160696344,160696344,0
holdfast1979,30,,4,train,160696344,160696344,0
Fallen_Reason,31,,6,train,160696344,160696344,0
itsNikiTee,31,,7,train,160696344,160696344,0
De_Reese,31,,5,train,160696344,160696344,0
JustMelly,31,,33,train,160696344,160696344,4830427860
Primevalfans,31,,7,train,160696344,160696344,0
MandyPandy32,31,,143,train,160696344,160696344,28982567160
rkuang,31,,14,train,160696344,160696344,2415213930
DYkEY_tYPE,31,,26,train,160696344,160696344,4830427860
JoycePoiani,31,,6,train,160696344,160696344,0
Sahoonie,31,,6,train,160696344,160696344,0
Bryce11,31,,10,train,160696344,160696344,0
hyss1,31,,4,train,160696344,160696344,0
official_rachel,31,,8,train,160696344,160696344,0
bobbyjackm333,31,,6,train,160696344,160696344,0
itsAudio,31,,6,train,160696344,160696344,0
soaprehab,31,,4,train,160696344,160696344,0
yoyomo,31,,12,train,160696344,160696344,2415213930
kristennnk,31,,3,train,160696344,160696344,0
jessicachavez7,31,,4,train,160696344,160696344,0
holdfast1979,31,,4,train,160696344,160696344,0
Fallen_Reason,32,,6,train,160696344,160696344,0
itsNikiTee,32,,7,train,160696344,160696344,0
De_Reese,32,,5,train,160696344,160696344,0
JustMelly,32,,33,train,160696344,160696344,4830427860
Primevalfans,32,,7,train,160696344,160696344,0
MandyPandy32,32,,143,train,160696344,160696344,28982567160
rkuang,32,,14,train,160696344,160696344,2415213930
DYkEY_tYPE,32,,26,train,160696344,160696344,4830427860
JoycePoiani,32,,6,train,160696344,160696344,0
Sahoonie,32,,6,train,160696344,160696344,0
Bryce11,32,,10,train,160696344,160696344,0
hyss1,32,,4,train,160696344,160696344,0
official_rachel,32,,8,train,160696344,160696344,0
bobbyjackm333,32,,6,train,160696344,160696344,0
itsAudio,32,,6,train,160696344,160696344,0
soaprehab,32,,4,train,160696344,160696344,0
yoyomo,32,,12,train,160696344,160696344,2415213930
kristennnk,32,,3,train,160696344,160696344,0
jessicachavez7,32,,4,train,160696344,160696344,0
holdfast1979,32,,4,train,160696344,160696344,0
Fallen_Reason,33,,6,train,160696344,160696344,0
itsNikiTee,33,,7,train,160696344,160696344,0
De_Reese,33,,5,train,160696344,160696344,0
JustMelly,33,,33,train,160696344,160696344,4830427860
Primevalfans,33,,7,train,160696344,160696344,0
MandyPandy32,33,,143,train,160696344,160696344,28982567160
rkuang,33,,14,train,160696344,160696344,2415213930
DYkEY_tYPE,33,,26,train,160696344,160696344,4830427860
JoycePoiani,33,,6,train,160696344,160696344,0
Sahoonie,33,,6,train,160696344,160696344,0
Bryce11,33,,10,train,160696344,160696344,0
hyss1,33,,4,train,160696344,160696344,0
official_rachel,33,,8,train,160696344,160696344,0
bobbyjackm333,33,,6,train,160696344,160696344,0
itsAudio,33,,6,train,160696344,160696344,0
soaprehab,33,,4,train,160696344,160696344,0
yoyomo,33,,12,train,160696344,160696344,2415213930
kristennnk,33,,3,train,160696344,160696344,0
jessicachavez7,33,,4,train,160696344,160696344,0
holdfast1979,33,,4,train,160696344,160696344,0
Fallen_Reason,34,,6,train,160696344,160696344,0
itsNikiTee,34,,7,train,160696344,160696344,0
De_Reese,34,,5,train,160696344,160696344,0
JustMelly,34,,33,train,160696344,160696344,4830427860
Primevalfans,34,,7,train,160696344,160696344,0
MandyPandy32,34,,143,train,160696344,160696344,28982567160
rkuang,34,,14,train,160696344,160696344,2415213930
DYkEY_tYPE,34,,26,train,160696344,160696344,4830427860
JoycePoiani,34,,6,train,160696344,160696344,0
Sahoonie,34,,6,train,160696344,160696344,0
Bryce11,34,,10,train,160696344,160696344,0
hyss1,34,,4,train,160696344,160696344,0
official_rachel,34,,8,train,160696344,160696344,0
bobbyjackm333,34,,6,train,160696344,160696344,0
itsAudio,34,,6,train,160696344,160696344,0
soaprehab,34,,4,train,160696344,160696344,0
yoyomo,34,,12,train,160696344,160696344,2415213930
kristennnk,34,,3,train,160696344,160696344,0
jessicachavez7,34,,4,train,160696344,160696344,0
holdfast1979,34,,4,train,160696344,160696344,0
Fallen_Reason,35,,6,train,160696344,160696344,0
itsNikiTee,35,,7,train,160696344,160696344,0
De_Reese,35,,5,train,160696344,160696344,0
JustMelly,35,,33,train,160696344,160696344,4830427860
Primevalfans,35,,7,train,160696344,160696344,0
MandyPandy32,35,,143,train,160696344,160696344,28982567160
rkuang,35,,14,train,160696344,160696344,2415213930
DYkEY_tYPE,35,,26,train,160696344,160696344,4830427860
JoycePoiani,35,,6,train,160696344,160696344,0
Sahoonie,35,,6,train,160696344,160696344,0
Bryce11,35,,10,train,160696344,160696344,0
hyss1,35,,4,train,160696344,160696344,0
official_rachel,35,,8,train,160696344,160696344,0
bobbyjackm333,35,,6,train,160696344,160696344,0
itsAudio,35,,6,train,160696344,160696344,0
soaprehab,35,,4,train,160696344,160696344,0
yoyomo,35,,12,train,160696344,160696344,2415213930
kristennnk,35,,3,train,160696344,160696344,0
jessicachavez7,35,,4,train,160696344,160696344,0
holdfast1979,35,,4,train,160696344,160696344,0
Fallen_Reason,36,,6,train,160696344,160696344,0
itsNikiTee,36,,7,train,160696344,160696344,0
De_Reese,36,,5,train,160696344,160696344,0
JustMelly,36,,33,train,160696344,160696344,4830427860
Primevalfans,36,,7,train,160696344,160696344,0
MandyPandy32,36,,143,train,160696344,160696344,28982567160
rkuang,36,,14,train,160696344,160696344,2415213930
DYkEY_tYPE,36,,26,train,160696344,160696344,4830427860
JoycePoiani,36,,6,train,160696344,160696344,0
Sahoonie,36,,6,train,160696344,160696344,0
Bryce11,36,,10,train,160696344,160696344,0
hyss1,36,,4,train,160696344,160696344,0
official_rachel,36,,8,train,160696344,160696344,0
bobbyjackm333,36,,6,train,160696344,160696344,0
itsAudio,36,,6,train,160696344,160696344,0
soaprehab,36,,4,train,160696344,160696344,0
yoyomo,36,,12,train,160696344,160696344,2415213930
kristennnk,36,,3,train,160696344,160696344,0
jessicachavez7,36,,4,train,160696344,160696344,0
holdfast1979,36,,4,train,160696344,160696344,0
Fallen_Reason,37,,6,train,160696344,160696344,0
itsNikiTee,37,,7,train,160696344,160696344,0
De_Reese,37,,5,train,160696344,160696344,0
JustMelly,37,,33,train,160696344,160696344,4830427860
Primevalfans,37,,7,train,160696344,160696344,0
MandyPandy32,37,,143,train,160696344,160696344,28982567160
rkuang,37,,14,train,160696344,160696344,2415213930
DYkEY_tYPE,37,,26,train,160696344,160696344,4830427860
JoycePoiani,37,,6,train,160696344,160696344,0
Sahoonie,37,,6,train,160696344,160696344,0
Bryce11,37,,10,train,160696344,160696344,0
hyss1,37,,4,train,160696344,160696344,0
official_rachel,37,,8,train,160696344,160696344,0
bobbyjackm333,37,,6,train,160696344,160696344,0
itsAudio,37,,6,train,160696344,160696344,0
soaprehab,37,,4,train,160696344,160696344,0
yoyomo,37,,12,train,160696344,160696344,2415213930
kristennnk,37,,3,train,160696344,160696344,0
jessicachavez7,37,,4,train,160696344,160696344,0
holdfast1979,37,,4,train,160696344,160696344,0
Fallen_Reason,38,,6,train,160696344,160696344,0
itsNikiTee,38,,7,train,160696344,160696344,0
De_Reese,38,,5,train,160696344,160696344,0
JustMelly,38,,33,train,160696344,160696344,4830427860
Primevalfans,38,,7,train,160696344,160696344,0
MandyPandy32,38,,143,train,160696344,160696344,28982567160
rkuang,38,,14,train,160696344,160696344,2415213930
DYkEY_tYPE,38,,26,train,160696344,160696344,4830427860
JoycePoiani,38,,6,train,160696344,160696344,0
Sahoonie,38,,6,train,160696344,160696344,0
Bryce11,38,,10,train,160696344,160696344,0
hyss1,38,,4,train,160696344,160696344,0
official_rachel,38,,8,train,160696344,160696344,0
bobbyjackm333,38,,6,train,160696344,160696344,0
itsAudio,38,,6,train,160696344,160696344,0
soaprehab,38,,4,train,160696344,160696344,0
yoyomo,38,,12,train,160696344,160696344,2415213930
kristennnk,38,,3,train,160696344,160696344,0
jessicachavez7,38,,4,train,160696344,160696344,0
holdfast1979,38,,4,train,160696344,160696344,0
Fallen_Reason,39,,6,train,160696344,160696344,0
itsNikiTee,39,,7,train,160696344,160696344,0
De_Reese,39,,5,train,160696344,160696344,0
JustMelly,39,,33,train,160696344,160696344,4830427860
Primevalfans,39,,7,train,160696344,160696344,0
MandyPandy32,39,,143,train,160696344,160696344,28982567160
rkuang,39,,14,train,160696344,160696344,2415213930
DYkEY_tYPE,39,,26,train,160696344,160696344,4830427860
JoycePoiani,39,,6,train,160696344,160696344,0
Sahoonie,39,,6,train,160696344,160696344,0
Bryce11,39,,10,train,160696344,160696344,0
hyss1,39,,4,train,160696344,160696344,0
official_rachel,39,,8,train,160696344,160696344,0
bobbyjackm333,39,,6,train,160696344,160696344,0
itsAudio,39,,6,train,160696344,160696344,0
soaprehab,39,,4,train,160696344,160696344,0
yoyomo,39,,12,train,160696344,160696344,2415213930
kristennnk,39,,3,train,160696344,160696344,0
jessicachavez7,39,,4,train,160696344,160696344,0
holdfast1979,39,,4,train,160696344,160696344,0
Fallen_Reason,40,,6,train,160696344,160696344,0
itsNikiTee,40,,7,train,160696344,160696344,0
De_Reese,40,,5,train,160696344,160696344,0
JustMelly,40,,33,train,160696344,160696344,4830427860
Primevalfans,40,,7,train,160696344,160696344,0
MandyPandy32,40,,143,train,160696344,160696344,28982567160
rkuang,40,,14,train,160696344,160696344,2415213930
DYkEY_tYPE,40,,26,train,160696344,160696344,4830427860
JoycePoiani,40,,6,train,160696344,160696344,0
Sahoonie,40,,6,train,160696344,160696344,0
Bryce11,40,,10,train,160696344,160696344,0
hyss1,40,,4,train,160696344,160696344,0
official_rachel,40,,8,train,160696344,160696344,0
bobbyjackm333,40,,6,train,160696344,160696344,0
itsAudio,40,,6,train,160696344,160696344,0
soaprehab,40,,4,train,160696344,160696344,0
yoyomo,40,,12,train,160696344,160696344,2415213930
kristennnk,40,,3,train,160696344,160696344,0
jessicachavez7,40,,4,train,160696344,160696344,0
holdfast1979,40,,4,train,160696344,160696344,0
Fallen_Reason,41,,6,train,160696344,160696344,0
itsNikiTee,41,,7,train,160696344,160696344,0
De_Reese,41,,5,train,160696344,160696344,0
JustMelly,41,,33,train,160696344,160696344,4830427860
Primevalfans,41,,7,train,160696344,160696344,0
MandyPandy32,41,,143,train,160696344,160696344,28982567160
rkuang,41,,14,train,160696344,160696344,2415213930
DYkEY_tYPE,41,,26,train,160696344,160696344,4830427860
JoycePoiani,41,,6,train,160696344,160696344,0
Sahoonie,41,,6,train,160696344,160696344,0
Bryce11,41,,10,train,160696344,160696344,0
hyss1,41,,4,train,160696344,160696344,0
official_rachel,41,,8,train,160696344,160696344,0
bobbyjackm333,41,,6,train,160696344,160696344,0
itsAudio,41,,6,train,160696344,160696344,0
soaprehab,41,,4,train,160696344,160696344,0
yoyomo,41,,12,train,160696344,160696344,2415213930
kristennnk,41,,3,train,160696344,160696344,0
jessicachavez7,41,,4,train,160696344,160696344,0
holdfast1979,41,,4,train,160696344,160696344,0
Fallen_Reason,42,,6,train,160696344,160696344,0
itsNikiTee,42,,7,train,160696344,160696344,0
De_Reese,42,,5,train,160696344,160696344,0
JustMelly,42,,33,train,160696344,160696344,4830427860
Primevalfans,42,,7,train,160696344,160696344,0
MandyPandy32,42,,143,train,160696344,160696344,28982567160
rkuang,42,,14,train,160696344,160696344,2415213930
DYkEY_tYPE,42,,26,train,160696344,160696344,4830427860
JoycePoiani,42,,6,train,160696344,160696344,0
Sahoonie,42,,6,train,160696344,160696344,0
Bryce11,42,,10,train,160696344,160696344,0
hyss1,42,,4,train,160696344,160696344,0
official_rachel,42,,8,train,160696344,160696344,0
bobbyjackm333,42,,6,train,160696344,160696344,0
itsAudio,42,,6,train,160696344,160696344,0
soaprehab,42,,4,train,160696344,160696344,0
yoyomo,42,,12,train,160696344,160696344,2415213930
kristennnk,42,,3,train,160696344,160696344,0
jessicachavez7,42,,4,train,160696344,160696344,0
holdfast1979,42,,4,train,160696344,160696344,0
Fallen_Reason,43,,6,train,160696344,160696344,0
itsNikiTee,43,,7,train,160696344,160696344,0
De_Reese,43,,5,train,160696344,160696344,0
JustMelly,43,,33,train,160696344,160696344,4830427860
Primevalfans,43,,7,train,160696344,160696344,0
MandyPandy32,43,,143,train,160696344,160696344,28982567160
rkuang,43,,14,train,160696344,160696344,2415213930
DYkEY_tYPE,43,,26,train,160696344,160696344,4830427860
JoycePoiani,43,,6,train,160696344,160696344,0
Sahoonie,43,,6,train,160696344,160696344,0
Bryce11,43,,10,train,160696344,160696344,0
hyss1,43,,4,train,160696344,160696344,0
official_rachel,43,,8,train,160696344,160696344,0
bobbyjackm333,43,,6,train,160696344,160696344,0
itsAudio,43,,6,train,160696344,160696344,0
soaprehab,43,,4,train,160696344,160696344,0
yoyomo,43,,12,train,160696344,160696344,2415213930
kristennnk,43,,3,train,160696344,160696344,0
jessicachavez7,43,,4,train,160696344,160696344,0
holdfast1979,43,,4,train,160696344,160696344,0
Fallen_Reason,44,,6,train,160696344,160696344,0
itsNikiTee,44,,7,train,160696344,160696344,0
De_Reese,44,,5,train,160696344,160696344,0
JustMelly,44,,33,train,160696344,160696344,4830427860
Primevalfans,44,,7,train,160696344,160696344,0
MandyPandy32,44,,143,train,160696344,160696344,28982567160
rkuang,44,,14,train,160696344,160696344,2415213930
DYkEY_tYPE,44,,26,train,160696344,160696344,4830427860
JoycePoiani,44,,6,train,160696344,160696344,0
Sahoonie,44,,6,train,160696344,160696344,0
Bryce11,44,,10,train,160696344,160696344,0
hyss1,44,,4,train,160696344,160696344,0
official_rachel,44,,8,train,160696344,160696344,0
bobbyjackm333,44,,6,train,160696344,160696344,0
itsAudio,44,,6,train,160696344,160696344,0
soaprehab,44,,4,train,160696344,160696344,0
yoyomo,44,,12,train,160696344,160696344,2415213930
kristennnk,44,,3,train,160696344,160696344,0
jessicachavez7,44,,4,train,160696344,160696344,0
holdfast1979,44,,4,train,160696344,160696344,0
Fallen_Reason,45,,6,train,160696344,160696344,0
itsNikiTee,45,,7,train,160696344,160696344,0
De_Reese,45,,5,train,160696344,160696344,0
JustMelly,45,,33,train,160696344,160696344,4830427860
Primevalfans,45,,7,train,160696344,160696344,0
MandyPandy32,45,,143,train,160696344,160696344,28982567160
rkuang,45,,14,train,160696344,160696344,2415213930
DYkEY_tYPE,45,,26,train,160696344,160696344,4830427860
JoycePoiani,45,,6,train,160696344,160696344,0
Sahoonie,45,,6,train,160696344,160696344,0
Bryce11,45,,10,train,160696344,160696344,0
hyss1,45,,4,train,160696344,160696344,0
official_rachel,45,,8,train,160696344,160696344,0
bobbyjackm333,45,,6,train,160696344,160696344,0
itsAudio,45,,6,train,160696344,160696344,0
soaprehab,45,,4,train,160696344,160696344,0
yoyomo,45,,12,train,160696344,160696344,2415213930
kristennnk,45,,3,train,160696344,160696344,0
jessicachavez7,45,,4,train,160696344,160696344,0
holdfast1979,45,,4,train,160696344,160696344,0
Fallen_Reason,46,,6,train,160696344,160696344,0
itsNikiTee,46,,7,train,160696344,160696344,0
De_Reese,46,,5,train,160696344,160696344,0
JustMelly,46,,33,train,160696344,160696344,4830427860
Primevalfans,46,,7,train,160696344,160696344,0
MandyPandy32,46,,143,train,160696344,160696344,28982567160
rkuang,46,,14,train,160696344,160696344,2415213930
DYkEY_tYPE,46,,26,train,160696344,160696344,4830427860
JoycePoiani,46,,6,train,160696344,160696344,0
Sahoonie,46,,6,train,160696344,160696344,0
Bryce11,46,,10,train,160696344,160696344,0
hyss1,46,,4,train,160696344,160696344,0
official_rachel,46,,8,train,160696344,160696344,0
bobbyjackm333,46,,6,train,160696344,160696344,0
itsAudio,46,,6,train,160696344,160696344,0
soaprehab,46,,4,train,160696344,160696344,0
yoyomo,46,,12,train,160696344,160696344,2415213930
kristennnk,46,,3,train,160696344,160696344,0
jessicachavez7,46,,4,train,160696344,160696344,0
holdfast1979,46,,4,train,160696344,160696344,0
Fallen_Reason,47,,6,train,160696344,160696344,0
itsNikiTee,47,,7,train,160696344,160696344,0
De_Reese,47,,5,train,160696344,160696344,0
JustMelly,47,,33,train,160696344,160696344,4830427860
Primevalfans,47,,7,train,160696344,160696344,0
MandyPandy32,47,,143,train,160696344,160696344,28982567160
rkuang,47,,14,train,160696344,160696344,2415213930
DYkEY_tYPE,47,,26,train,160696344,160696344,4830427860
JoycePoiani,47,,6,train,160696344,160696344,0
Sahoonie,47,,6,train,160696344,160696344,0
Bryce11,47,,10,train,160696344,160696344,0
hyss1,47,,4,train,160696344,160696344,0
official_rachel,47,,8,train,160696344,160696344,0
bobbyjackm333,47,,6,train,160696344,160696344,0
itsAudio,47,,6,train,160696344,160696344,0
soaprehab,47,,4,train,160696344,160696344,0
yoyomo,47,,12,train,160696344,160696344,2415213930
kristennnk,47,,3,train,160696344,160696344,0
jessicachavez7,47,,4,train,160696344,160696344,0
holdfast1979,47,,4,train,160696344,160696344,0
Fallen_Reason,48,,6,train,160696344,160696344,0
itsNikiTee,48,,7,train,160696344,160696344,0
De_Reese,48,,5,train,160696344,160696344,0
JustMelly,48,,33,train,160696344,160696344,4830427860
Primevalfans,48,,7,train,160696344,160696344,0
MandyPandy32,48,,143,train,160696344,160696344,28982567160
rkuang,48,,14,train,160696344,160696344,2415213930
DYkEY_tYPE,48,,26,train,160696344,160696344,4830427860
JoycePoiani,48,,6,train,160696344,160696344,0
Sahoonie,48,,6,train,160696344,160696344,0
Bryce11,48,,10,train,160696344,160696344,0
hyss1,48,,4,train,160696344,160696344,0
official_rachel,48,,8,train,160696344,160696344,0
bobbyjackm333,48,,6,train,160696344,160696344,0
itsAudio,48,,6,train,160696344,160696344,0
soaprehab,48,,4,train,160696344,160696344,0
yoyomo,48,,12,train,160696344,160696344,2415213930
kristennnk,48,,3,train,160696344,160696344,0
jessicachavez7,48,,4,train,160696344,160696344,0
holdfast1979,48,,4,train,160696344,160696344,0
Fallen_Reason,49,,6,train,160696344,160696344,0
itsNikiTee,49,,7,train,160696344,160696344,0
De_Reese,49,,5,train,160696344,160696344,0
JustMelly,49,,33,train,160696344,160696344,4830427860
Primevalfans,49,,7,train,160696344,160696344,0
MandyPandy32,49,,143,train,160696344,160696344,28982567160
rkuang,49,,14,train,160696344,160696344,2415213930
DYkEY_tYPE,49,,26,train,160696344,160696344,4830427860
JoycePoiani,49,,6,train,160696344,160696344,0
Sahoonie,49,,6,train,160696344,160696344,0
Bryce11,49,,10,train,160696344,160696344,0
hyss1,49,,4,train,160696344,160696344,0
official_rachel,49,,8,train,160696344,160696344,0
bobbyjackm333,49,,6,train,160696344,160696344,0
itsAudio,49,,6,train,160696344,160696344,0
soaprehab,49,,4,train,160696344,160696344,0
yoyomo,49,,12,train,160696344,160696344,2415213930
kristennnk,49,,3,train,160696344,160696344,0
jessicachavez7,49,,4,train,160696344,160696344,0
holdfast1979,49,,4,train,160696344,160696344,0
Fallen_Reason,50,,6,train,160696344,160696344,0
itsNikiTee,50,,7,train,160696344,160696344,0
De_Reese,50,,5,train,160696344,160696344,0
JustMelly,50,,33,train,160696344,160696344,4830427860
Primevalfans,50,,7,train,160696344,160696344,0
MandyPandy32,50,,143,train,160696344,160696344,28982567160
rkuang,50,,14,train,160696344,160696344,2415213930
DYkEY_tYPE,50,,26,train,160696344,160696344,4830427860
JoycePoiani,50,,6,train,160696344,160696344,0
Sahoonie,50,,6,train,160696344,160696344,0
Bryce11,50,,10,train,160696344,160696344,0
hyss1,50,,4,train,160696344,160696344,0
official_rachel,50,,8,train,160696344,160696344,0
bobbyjackm333,50,,6,train,160696344,160696344,0
itsAudio,50,,6,train,160696344,160696344,0
soaprehab,50,,4,train,160696344,160696344,0
yoyomo,50,,12,train,160696344,160696344,2415213930
kristennnk,50,,3,train,160696344,160696344,0
jessicachavez7,50,,4,train,160696344,160696344,0
holdfast1979,50,,4,train,160696344,160696344,0
