xkacieee,1,,20,train,160696344,160696344,805071310
1_2_ManyTweets,1,,10,train,160696344,160696344,0
ssannddra,1,,7,train,160696344,160696344,0
spazztasticamy,1,,19,train,160696344,160696344,805071310
freakyblueeyes,1,,3,train,160696344,160696344,0
mwangbickler,1,,3,train,160696344,160696344,0
iwho,1,,4,train,160696344,160696344,0
Jaslynsunshine,1,,3,train,160696344,160696344,0
avriltuohy,1,,4,train,160696344,160696344,0
VEEgasbabyyy,1,,3,train,160696344,160696344,0
DrErnie,1,,10,train,160696344,160696344,0
angelalalove,1,,3,train,160696344,160696344,0
iJamieC,1,,3,train,160696344,160696344,0
DonniedollsDoll,1,,4,train,160696344,160696344,0
ladynastydotnet,1,,5,train,160696344,160696344,0
courtneykaz,1,,4,train,160696344,160696344,0
AshJenny,1,,7,train,160696344,160696344,0
Wesbo,1,,11,train,160696344,160696344,0
sammiematson,1,,6,train,160696344,160696344,0
nicolepeevy,1,,3,train,160696344,160696344,0
xkacieee,2,,20,train,160696344,160696344,805071310
1_2_ManyTweets,2,,10,train,160696344,160696344,0
ssannddra,2,,7,train,160696344,160696344,0
spazztasticamy,2,,19,train,160696344,160696344,805071310
freakyblueeyes,2,,3,train,160696344,160696344,0
mwangbickler,2,,3,train,160696344,160696344,0
iwho,2,,4,train,160696344,160696344,0
Jaslynsunshine,2,,3,train,160696344,160696344,0
avriltuohy,2,,4,train,160696344,160696344,0
VEEgasbabyyy,2,,3,train,160696344,160696344,0
DrErnie,2,,10,train,160696344,160696344,0
angelalalove,2,,3,train,160696344,160696344,0
iJamieC,2,,3,train,160696344,160696344,0
DonniedollsDoll,2,,4,train,160696344,160696344,0
ladynastydotnet,2,,5,train,160696344,160696344,0
courtneykaz,2,,4,train,160696344,160696344,0
AshJenny,2,,7,train,160696344,160696344,0
Wesbo,2,,11,train,160696344,160696344,0
sammiematson,2,,6,train,160696344,160696344,0
nicolepeevy,2,,3,train,160696344,160696344,0
xkacieee,3,,20,train,160696344,160696344,805071310
1_2_ManyTweets,3,,10,train,160696344,160696344,0
ssannddra,3,,7,train,160696344,160696344,0
spazztasticamy,3,,19,train,160696344,160696344,805071310
freakyblueeyes,3,,3,train,160696344,160696344,0
mwangbickler,3,,3,train,160696344,160696344,0
iwho,3,,4,train,160696344,160696344,0
Jaslynsunshine,3,,3,train,160696344,160696344,0
avriltuohy,3,,4,train,160696344,160696344,0
VEEgasbabyyy,3,,3,train,160696344,160696344,0
DrErnie,3,,10,train,160696344,160696344,0
angelalalove,3,,3,train,160696344,160696344,0
iJamieC,3,,3,train,160696344,160696344,0
DonniedollsDoll,3,,4,train,160696344,160696344,0
ladynastydotnet,3,,5,train,160696344,160696344,0
courtneykaz,3,,4,train,160696344,160696344,0
AshJenny,3,,7,train,160696344,160696344,0
Wesbo,3,,11,train,160696344,160696344,0
sammiematson,3,,6,train,160696344,160696344,0
nicolepeevy,3,,3,train,160696344,160696344,0
xkacieee,4,,20,train,160696344,160696344,805071310
1_2_ManyTweets,4,,10,train,160696344,160696344,0
ssannddra,4,,7,train,160696344,160696344,0
spazztasticamy,4,,19,train,160696344,160696344,805071310
freakyblueeyes,4,,3,train,160696344,160696344,0
mwangbickler,4,,3,train,160696344,160696344,0
iwho,4,,4,train,160696344,160696344,0
Jaslynsunshine,4,,3,train,160696344,160696344,0
avriltuohy,4,,4,train,160696344,160696344,0
VEEgasbabyyy,4,,3,train,160696344,160696344,0
DrErnie,4,,10,train,160696344,160696344,0
angelalalove,4,,3,train,160696344,160696344,0
iJamieC,4,,3,train,160696344,160696344,0
DonniedollsDoll,4,,4,train,160696344,160696344,0
ladynastydotnet,4,,5,train,160696344,160696344,0
courtneykaz,4,,4,train,160696344,160696344,0
AshJenny,4,,7,train,160696344,160696344,0
Wesbo,4,,11,train,160696344,160696344,0
sammiematson,4,,6,train,160696344,160696344,0
nicolepeevy,4,,3,train,160696344,160696344,0
xkacieee,5,,20,train,160696344,160696344,805071310
1_2_ManyTweets,5,,10,train,160696344,160696344,0
ssannddra,5,,7,train,160696344,160696344,0
spazztasticamy,5,,19,train,160696344,160696344,805071310
freakyblueeyes,5,,3,train,160696344,160696344,0
mwangbickler,5,,3,train,160696344,160696344,0
iwho,5,,4,train,160696344,160696344,0
Jaslynsunshine,5,,3,train,160696344,160696344,0
avriltuohy,5,,4,train,160696344,160696344,0
VEEgasbabyyy,5,,3,train,160696344,160696344,0
DrErnie,5,,10,train,160696344,160696344,0
angelalalove,5,,3,train,160696344,160696344,0
iJamieC,5,,3,train,160696344,160696344,0
DonniedollsDoll,5,,4,train,160696344,160696344,0
ladynastydotnet,5,,5,train,160696344,160696344,0
courtneykaz,5,,4,train,160696344,160696344,0
AshJenny,5,,7,train,160696344,160696344,0
Wesbo,5,,11,train,160696344,160696344,0
sammiematson,5,,6,train,160696344,160696344,0
nicolepeevy,5,,3,train,160696344,160696344,0
xkacieee,6,,20,train,160696344,160696344,805071310
1_2_ManyTweets,6,,10,train,160696344,160696344,0
ssannddra,6,,7,train,160696344,160696344,0
spazztasticamy,6,,19,train,160696344,160696344,805071310
freakyblueeyes,6,,3,train,160696344,160696344,0
mwangbickler,6,,3,train,160696344,160696344,0
iwho,6,,4,train,160696344,160696344,0
Jaslynsunshine,6,,3,train,160696344,160696344,0
avriltuohy,6,,4,train,160696344,160696344,0
VEEgasbabyyy,6,,3,train,160696344,160696344,0
DrErnie,6,,10,train,160696344,160696344,0
angelalalove,6,,3,train,160696344,160696344,0
iJamieC,6,,3,train,160696344,160696344,0
DonniedollsDoll,6,,4,train,160696344,160696344,0
ladynastydotnet,6,,5,train,160696344,160696344,0
courtneykaz,6,,4,train,160696344,160696344,0
AshJenny,6,,7,train,160696344,160696344,0
Wesbo,6,,11,train,160696344,160696344,0
sammiematson,6,,6,train,160696344,160696344,0
nicolepeevy,6,,3,train,160696344,160696344,0
xkacieee,7,,20,train,160696344,160696344,805071310
1_2_ManyTweets,7,,10,train,160696344,160696344,0
ssannddra,7,,7,train,160696344,160696344,0
spazztasticamy,7,,19,train,160696344,160696344,805071310
freakyblueeyes,7,,3,train,160696344,160696344,0
mwangbickler,7,,3,train,160696344,160696344,0
iwho,7,,4,train,160696344,160696344,0
Jaslynsunshine,7,,3,train,160696344,160696344,0
avriltuohy,7,,4,train,160696344,160696344,0
VEEgasbabyyy,7,,3,train,160696344,160696344,0
DrErnie,7,,10,train,160696344,160696344,0
angelalalove,7,,3,train,160696344,160696344,0
iJamieC,7,,3,train,160696344,160696344,0
DonniedollsDoll,7,,4,train,160696344,160696344,0
ladynastydotnet,7,,5,train,160696344,160696344,0
courtneykaz,7,,4,train,160696344,160696344,0
AshJenny,7,,7,train,160696344,160696344,0
Wesbo,7,,11,train,160696344,160696344,0
sammiematson,7,,6,train,160696344,160696344,0
nicolepeevy,7,,3,train,160696344,160696344,0
xkacieee,8,,20,train,160696344,160696344,805071310
1_2_ManyTweets,8,,10,train,160696344,160696344,0
ssannddra,8,,7,train,160696344,160696344,0
spazztasticamy,8,,19,train,160696344,160696344,805071310
freakyblueeyes,8,,3,train,160696344,160696344,0
mwangbickler,8,,3,train,160696344,160696344,0
iwho,8,,4,train,160696344,160696344,0
Jaslynsunshine,8,,3,train,160696344,160696344,0
avriltuohy,8,,4,train,160696344,160696344,0
VEEgasbabyyy,8,,3,train,160696344,160696344,0
DrErnie,8,,10,train,160696344,160696344,0
angelalalove,8,,3,train,160696344,160696344,0
iJamieC,8,,3,train,160696344,160696344,0
DonniedollsDoll,8,,4,train,160696344,160696344,0
ladynastydotnet,8,,5,train,160696344,160696344,0
courtneykaz,8,,4,train,160696344,160696344,0
AshJenny,8,,7,train,160696344,160696344,0
Wesbo,8,,11,train,160696344,160696344,0
sammiematson,8,,6,train,160696344,160696344,0
nicolepeevy,8,,3,train,160696344,160696344,0
xkacieee,9,,20,train,160696344,160696344,805071310
1_2_ManyTweets,9,,10,train,160696344,160696344,0
ssannddra,9,,7,train,160696344,160696344,0
spazztasticamy,9,,19,train,160696344,160696344,805071310
freakyblueeyes,9,,3,train,160696344,160696344,0
mwangbickler,9,,3,train,160696344,160696344,0
iwho,9,,4,train,160696344,160696344,0
Jaslynsunshine,9,,3,train,160696344,160696344,0
avriltuohy,9,,4,train,160696344,160696344,0
VEEgasbabyyy,9,,3,train,160696344,160696344,0
DrErnie,9,,10,train,160696344,160696344,0
angelalalove,9,,3,train,160696344,160696344,0
iJamieC,9,,3,train,160696344,160696344,0
DonniedollsDoll,9,,4,train,160696344,160696344,0
ladynastydotnet,9,,5,train,160696344,160696344,0
courtneykaz,9,,4,train,160696344,160696344,0
AshJenny,9,,7,train,160696344,160696344,0
Wesbo,9,,11,train,160696344,160696344,0
sammiematson,9,,6,train,160696344,160696344,0
nicolepeevy,9,,3,train,160696344,160696344,0
xkacieee,10,,20,train,160696344,160696344,805071310
1_2_ManyTweets,10,,10,train,160696344,160696344,0
ssannddra,10,,7,train,160696344,160696344,0
spazztasticamy,10,,19,train,160696344,160696344,805071310
freakyblueeyes,10,,3,train,160696344,160696344,0
mwangbickler,10,,3,train,160696344,160696344,0
iwho,10,,4,train,160696344,160696344,0
Jaslynsunshine,10,,3,train,160696344,160696344,0
avriltuohy,10,,4,train,160696344,160696344,0
VEEgasbabyyy,10,,3,train,160696344,160696344,0
DrErnie,10,,10,train,160696344,160696344,0
angelalalove,10,,3,train,160696344,160696344,0
iJamieC,10,,3,train,160696344,160696344,0
DonniedollsDoll,10,,4,train,160696344,160696344,0
ladynastydotnet,10,,5,train,160696344,160696344,0
courtneykaz,10,,4,train,160696344,160696344,0
AshJenny,10,,7,train,160696344,160696344,0
Wesbo,10,,11,train,160696344,160696344,0
sammiematson,10,,6,train,160696344,160696344,0
nicolepeevy,10,,3,train,160696344,160696344,0
xkacieee,11,,20,train,160696344,160696344,805071310
1_2_ManyTweets,11,,10,train,160696344,160696344,0
ssannddra,11,,7,train,160696344,160696344,0
spazztasticamy,11,,19,train,160696344,160696344,805071310
freakyblueeyes,11,,3,train,160696344,160696344,0
mwangbickler,11,,3,train,160696344,160696344,0
iwho,11,,4,train,160696344,160696344,0
Jaslynsunshine,11,,3,train,160696344,160696344,0
avriltuohy,11,,4,train,160696344,160696344,0
VEEgasbabyyy,11,,3,train,160696344,160696344,0
DrErnie,11,,10,train,160696344,160696344,0
angelalalove,11,,3,train,160696344,160696344,0
iJamieC,11,,3,train,160696344,160696344,0
DonniedollsDoll,11,,4,train,160696344,160696344,0
ladynastydotnet,11,,5,train,160696344,160696344,0
courtneykaz,11,,4,train,160696344,160696344,0
AshJenny,11,,7,train,160696344,160696344,0
Wesbo,11,,11,train,160696344,160696344,0
sammiematson,11,,6,train,160696344,160696344,0
nicolepeevy,11,,3,train,160696344,160696344,0
xkacieee,12,,20,train,160696344,160696344,805071310
1_2_ManyTweets,12,,10,train,160696344,160696344,0
ssannddra,12,,7,train,160696344,160696344,0
spazztasticamy,12,,19,train,160696344,160696344,805071310
freakyblueeyes,12,,3,train,160696344,160696344,0
mwangbickler,12,,3,train,160696344,160696344,0
iwho,12,,4,train,160696344,160696344,0
Jaslynsunshine,12,,3,train,160696344,160696344,0
avriltuohy,12,,4,train,160696344,160696344,0
VEEgasbabyyy,12,,3,train,160696344,160696344,0
DrErnie,12,,10,train,160696344,160696344,0
angelalalove,12,,3,train,160696344,160696344,0
iJamieC,12,,3,train,160696344,160696344,0
DonniedollsDoll,12,,4,train,160696344,160696344,0
ladynastydotnet,12,,5,train,160696344,160696344,0
courtneykaz,12,,4,train,160696344,160696344,0
AshJenny,12,,7,train,160696344,160696344,0
Wesbo,12,,11,train,160696344,160696344,0
sammiematson,12,,6,train,160696344,160696344,0
nicolepeevy,12,,3,train,160696344,160696344,0
xkacieee,13,,20,train,160696344,160696344,805071310
1_2_ManyTweets,13,,10,train,160696344,160696344,0
ssannddra,13,,7,train,160696344,160696344,0
spazztasticamy,13,,19,train,160696344,160696344,805071310
freakyblueeyes,13,,3,train,160696344,160696344,0
mwangbickler,13,,3,train,160696344,160696344,0
iwho,13,,4,train,160696344,160696344,0
Jaslynsunshine,13,,3,train,160696344,160696344,0
avriltuohy,13,,4,train,160696344,160696344,0
VEEgasbabyyy,13,,3,train,160696344,160696344,0
DrErnie,13,,10,train,160696344,160696344,0
angelalalove,13,,3,train,160696344,160696344,0
iJamieC,13,,3,train,160696344,160696344,0
DonniedollsDoll,13,,4,train,160696344,160696344,0
ladynastydotnet,13,,5,train,160696344,160696344,0
courtneykaz,13,,4,train,160696344,160696344,0
AshJenny,13,,7,train,160696344,160696344,0
Wesbo,13,,11,train,160696344,160696344,0
sammiematson,13,,6,train,160696344,160696344,0
nicolepeevy,13,,3,train,160696344,160696344,0
xkacieee,14,,20,train,160696344,160696344,805071310
1_2_ManyTweets,14,,10,train,160696344,160696344,0
ssannddra,14,,7,train,160696344,160696344,0
spazztasticamy,14,,19,train,160696344,160696344,805071310
freakyblueeyes,14,,3,train,160696344,160696344,0
mwangbickler,14,,3,train,160696344,160696344,0
iwho,14,,4,train,160696344,160696344,0
Jaslynsunshine,14,,3,train,160696344,160696344,0
avriltuohy,14,,4,train,160696344,160696344,0
VEEgasbabyyy,14,,3,train,160696344,160696344,0
DrErnie,14,,10,train,160696344,160696344,0
angelalalove,14,,3,train,160696344,160696344,0
iJamieC,14,,3,train,160696344,160696344,0
DonniedollsDoll,14,,4,train,160696344,160696344,0
ladynastydotnet,14,,5,train,160696344,160696344,0
courtneykaz,14,,4,train,160696344,160696344,0
AshJenny,14,,7,train,160696344,160696344,0
Wesbo,14,,11,train,160696344,160696344,0
sammiematson,14,,6,train,160696344,160696344,0
nicolepeevy,14,,3,train,160696344,160696344,0
xkacieee,15,,20,train,160696344,160696344,805071310
1_2_ManyTweets,15,,10,train,160696344,160696344,0
ssannddra,15,,7,train,160696344,160696344,0
spazztasticamy,15,,19,train,160696344,160696344,805071310
freakyblueeyes,15,,3,train,160696344,160696344,0
mwangbickler,15,,3,train,160696344,160696344,0
iwho,15,,4,train,160696344,160696344,0
Jaslynsunshine,15,,3,train,160696344,160696344,0
avriltuohy,15,,4,train,160696344,160696344,0
VEEgasbabyyy,15,,3,train,160696344,160696344,0
DrErnie,15,,10,train,160696344,160696344,0
angelalalove,15,,3,train,160696344,160696344,0
iJamieC,15,,3,train,160696344,160696344,0
DonniedollsDoll,15,,4,train,160696344,160696344,0
ladynastydotnet,15,,5,train,160696344,160696344,0
courtneykaz,15,,4,train,160696344,160696344,0
AshJenny,15,,7,train,160696344,160696344,0
Wesbo,15,,11,train,160696344,160696344,0
sammiematson,15,,6,train,160696344,160696344,0
nicolepeevy,15,,3,train,160696344,160696344,0
xkacieee,16,,20,train,160696344,160696344,805071310
1_2_ManyTweets,16,,10,train,160696344,160696344,0
ssannddra,16,,7,train,160696344,160696344,0
spazztasticamy,16,,19,train,160696344,160696344,805071310
freakyblueeyes,16,,3,train,160696344,160696344,0
mwangbickler,16,,3,train,160696344,160696344,0
iwho,16,,4,train,160696344,160696344,0
Jaslynsunshine,16,,3,train,160696344,160696344,0
avriltuohy,16,,4,train,160696344,160696344,0
VEEgasbabyyy,16,,3,train,160696344,160696344,0
DrErnie,16,,10,train,160696344,160696344,0
angelalalove,16,,3,train,160696344,160696344,0
iJamieC,16,,3,train,160696344,160696344,0
DonniedollsDoll,16,,4,train,160696344,160696344,0
ladynastydotnet,16,,5,train,160696344,160696344,0
courtneykaz,16,,4,train,160696344,160696344,0
AshJenny,16,,7,train,160696344,160696344,0
Wesbo,16,,11,train,160696344,160696344,0
sammiematson,16,,6,train,160696344,160696344,0
nicolepeevy,16,,3,train,160696344,160696344,0
xkacieee,17,,20,train,160696344,160696344,805071310
1_2_ManyTweets,17,,10,train,160696344,160696344,0
ssannddra,17,,7,train,160696344,160696344,0
spazztasticamy,17,,19,train,160696344,160696344,805071310
freakyblueeyes,17,,3,train,160696344,160696344,0
mwangbickler,17,,3,train,160696344,160696344,0
iwho,17,,4,train,160696344,160696344,0
Jaslynsunshine,17,,3,train,160696344,160696344,0
avriltuohy,17,,4,train,160696344,160696344,0
VEEgasbabyyy,17,,3,train,160696344,160696344,0
DrErnie,17,,10,train,160696344,160696344,0
angelalalove,17,,3,train,160696344,160696344,0
iJamieC,17,,3,train,160696344,160696344,0
DonniedollsDoll,17,,4,train,160696344,160696344,0
ladynastydotnet,17,,5,train,160696344,160696344,0
courtneykaz,17,,4,train,160696344,160696344,0
AshJenny,17,,7,train,160696344,160696344,0
Wesbo,17,,11,train,160696344,160696344,0
sammiematson,17,,6,train,160696344,160696344,0
nicolepeevy,17,,3,train,160696344,160696344,0
xkacieee,18,,20,train,160696344,160696344,805071310
1_2_ManyTweets,18,,10,train,160696344,160696344,0
ssannddra,18,,7,train,160696344,160696344,0
spazztasticamy,18,,19,train,160696344,160696344,805071310
freakyblueeyes,18,,3,train,160696344,160696344,0
mwangbickler,18,,3,train,160696344,160696344,0
iwho,18,,4,train,160696344,160696344,0
Jaslynsunshine,18,,3,train,160696344,160696344,0
avriltuohy,18,,4,train,160696344,160696344,0
VEEgasbabyyy,18,,3,train,160696344,160696344,0
DrErnie,18,,10,train,160696344,160696344,0
angelalalove,18,,3,train,160696344,160696344,0
iJamieC,18,,3,train,160696344,160696344,0
DonniedollsDoll,18,,4,train,160696344,160696344,0
ladynastydotnet,18,,5,train,160696344,160696344,0
courtneykaz,18,,4,train,160696344,160696344,0
AshJenny,18,,7,train,160696344,160696344,0
Wesbo,18,,11,train,160696344,160696344,0
sammiematson,18,,6,train,160696344,160696344,0
nicolepeevy,18,,3,train,160696344,160696344,0
xkacieee,19,,20,train,160696344,160696344,805071310
1_2_ManyTweets,19,,10,train,160696344,160696344,0
ssannddra,19,,7,train,160696344,160696344,0
spazztasticamy,19,,19,train,160696344,160696344,805071310
freakyblueeyes,19,,3,train,160696344,160696344,0
mwangbickler,19,,3,train,160696344,160696344,0
iwho,19,,4,train,160696344,160696344,0
Jaslynsunshine,19,,3,train,160696344,160696344,0
avriltuohy,19,,4,train,160696344,160696344,0
VEEgasbabyyy,19,,3,train,160696344,160696344,0
DrErnie,19,,10,train,160696344,160696344,0
angelalalove,19,,3,train,160696344,160696344,0
iJamieC,19,,3,train,160696344,160696344,0
DonniedollsDoll,19,,4,train,160696344,160696344,0
ladynastydotnet,19,,5,train,160696344,160696344,0
courtneykaz,19,,4,train,160696344,160696344,0
AshJenny,19,,7,train,160696344,160696344,0
Wesbo,19,,11,train,160696344,160696344,0
sammiematson,19,,6,train,160696344,160696344,0
nicolepeevy,19,,3,train,160696344,160696344,0
xkacieee,20,,20,train,160696344,160696344,805071310
1_2_ManyTweets,20,,10,train,160696344,160696344,0
ssannddra,20,,7,train,160696344,160696344,0
spazztasticamy,20,,19,train,160696344,160696344,805071310
freakyblueeyes,20,,3,train,160696344,160696344,0
mwangbickler,20,,3,train,160696344,160696344,0
iwho,20,,4,train,160696344,160696344,0
Jaslynsunshine,20,,3,train,160696344,160696344,0
avriltuohy,20,,4,train,160696344,160696344,0
VEEgasbabyyy,20,,3,train,160696344,160696344,0
DrErnie,20,,10,train,160696344,160696344,0
angelalalove,20,,3,train,160696344,160696344,0
iJamieC,20,,3,train,160696344,160696344,0
DonniedollsDoll,20,,4,train,160696344,160696344,0
ladynastydotnet,20,,5,train,160696344,160696344,0
courtneykaz,20,,4,train,160696344,160696344,0
AshJenny,20,,7,train,160696344,160696344,0
Wesbo,20,,11,train,160696344,160696344,0
sammiematson,20,,6,train,160696344,160696344,0
nicolepeevy,20,,3,train,160696344,160696344,0
xkacieee,21,,20,train,160696344,160696344,805071310
1_2_ManyTweets,21,,10,train,160696344,160696344,0
ssannddra,21,,7,train,160696344,160696344,0
spazztasticamy,21,,19,train,160696344,160696344,805071310
freakyblueeyes,21,,3,train,160696344,160696344,0
mwangbickler,21,,3,train,160696344,160696344,0
iwho,21,,4,train,160696344,160696344,0
Jaslynsunshine,21,,3,train,160696344,160696344,0
avriltuohy,21,,4,train,160696344,160696344,0
VEEgasbabyyy,21,,3,train,160696344,160696344,0
DrErnie,21,,10,train,160696344,160696344,0
angelalalove,21,,3,train,160696344,160696344,0
iJamieC,21,,3,train,160696344,160696344,0
DonniedollsDoll,21,,4,train,160696344,160696344,0
ladynastydotnet,21,,5,train,160696344,160696344,0
courtneykaz,21,,4,train,160696344,160696344,0
AshJenny,21,,7,train,160696344,160696344,0
Wesbo,21,,11,train,160696344,160696344,0
sammiematson,21,,6,train,160696344,160696344,0
nicolepeevy,21,,3,train,160696344,160696344,0
xkacieee,22,,20,train,160696344,160696344,805071310
1_2_ManyTweets,22,,10,train,160696344,160696344,0
ssannddra,22,,7,train,160696344,160696344,0
spazztasticamy,22,,19,train,160696344,160696344,805071310
freakyblueeyes,22,,3,train,160696344,160696344,0
mwangbickler,22,,3,train,160696344,160696344,0
iwho,22,,4,train,160696344,160696344,0
Jaslynsunshine,22,,3,train,160696344,160696344,0
avriltuohy,22,,4,train,160696344,160696344,0
VEEgasbabyyy,22,,3,train,160696344,160696344,0
DrErnie,22,,10,train,160696344,160696344,0
angelalalove,22,,3,train,160696344,160696344,0
iJamieC,22,,3,train,160696344,160696344,0
DonniedollsDoll,22,,4,train,160696344,160696344,0
ladynastydotnet,22,,5,train,160696344,160696344,0
courtneykaz,22,,4,train,160696344,160696344,0
AshJenny,22,,7,train,160696344,160696344,0
Wesbo,22,,11,train,160696344,160696344,0
sammiematson,22,,6,train,160696344,160696344,0
nicolepeevy,22,,3,train,160696344,160696344,0
xkacieee,23,,20,train,160696344,160696344,805071310
1_2_ManyTweets,23,,10,train,160696344,160696344,0
ssannddra,23,,7,train,160696344,160696344,0
spazztasticamy,23,,19,train,160696344,160696344,805071310
freakyblueeyes,23,,3,train,160696344,160696344,0
mwangbickler,23,,3,train,160696344,160696344,0
iwho,23,,4,train,160696344,160696344,0
Jaslynsunshine,23,,3,train,160696344,160696344,0
avriltuohy,23,,4,train,160696344,160696344,0
VEEgasbabyyy,23,,3,train,160696344,160696344,0
DrErnie,23,,10,train,160696344,160696344,0
angelalalove,23,,3,train,160696344,160696344,0
iJamieC,23,,3,train,160696344,160696344,0
DonniedollsDoll,23,,4,train,160696344,160696344,0
ladynastydotnet,23,,5,train,160696344,160696344,0
courtneykaz,23,,4,train,160696344,160696344,0
AshJenny,23,,7,train,160696344,160696344,0
Wesbo,23,,11,train,160696344,160696344,0
sammiematson,23,,6,train,160696344,160696344,0
nicolepeevy,23,,3,train,160696344,160696344,0
xkacieee,24,,20,train,160696344,160696344,805071310
1_2_ManyTweets,24,,10,train,160696344,160696344,0
ssannddra,24,,7,train,160696344,160696344,0
spazztasticamy,24,,19,train,160696344,160696344,805071310
freakyblueeyes,24,,3,train,160696344,160696344,0
mwangbickler,24,,3,train,160696344,160696344,0
iwho,24,,4,train,160696344,160696344,0
Jaslynsunshine,24,,3,train,160696344,160696344,0
avriltuohy,24,,4,train,160696344,160696344,0
VEEgasbabyyy,24,,3,train,160696344,160696344,0
DrErnie,24,,10,train,160696344,160696344,0
angelalalove,24,,3,train,160696344,160696344,0
iJamieC,24,,3,train,160696344,160696344,0
DonniedollsDoll,24,,4,train,160696344,160696344,0
ladynastydotnet,24,,5,train,160696344,160696344,0
courtneykaz,24,,4,train,160696344,160696344,0
AshJenny,24,,7,train,160696344,160696344,0
Wesbo,24,,11,train,160696344,160696344,0
sammiematson,24,,6,train,160696344,160696344,0
nicolepeevy,24,,3,train,160696344,160696344,0
xkacieee,25,,20,train,160696344,160696344,805071310
1_2_ManyTweets,25,,10,train,160696344,160696344,0
ssannddra,25,,7,train,160696344,160696344,0
spazztasticamy,25,,19,train,160696344,160696344,805071310
freakyblueeyes,25,,3,train,160696344,160696344,0
mwangbickler,25,,3,train,160696344,160696344,0
iwho,25,,4,train,160696344,160696344,0
Jaslynsunshine,25,,3,train,160696344,160696344,0
avriltuohy,25,,4,train,160696344,160696344,0
VEEgasbabyyy,25,,3,train,160696344,160696344,0
DrErnie,25,,10,train,160696344,160696344,0
angelalalove,25,,3,train,160696344,160696344,0
iJamieC,25,,3,train,160696344,160696344,0
DonniedollsDoll,25,,4,train,160696344,160696344,0
ladynastydotnet,25,,5,train,160696344,160696344,0
courtneykaz,25,,4,train,160696344,160696344,0
AshJenny,25,,7,train,160696344,160696344,0
Wesbo,25,,11,train,160696344,160696344,0
sammiematson,25,,6,train,160696344,160696344,0
nicolepeevy,25,,3,train,160696344,160696344,0
xkacieee,26,,20,train,160696344,160696344,805071310
1_2_ManyTweets,26,,10,train,160696344,160696344,0
ssannddra,26,,7,train,160696344,160696344,0
spazztasticamy,26,,19,train,160696344,160696344,805071310
freakyblueeyes,26,,3,train,160696344,160696344,0
mwangbickler,26,,3,train,160696344,160696344,0
iwho,26,,4,train,160696344,160696344,0
Jaslynsunshine,26,,3,train,160696344,160696344,0
avriltuohy,26,,4,train,160696344,160696344,0
VEEgasbabyyy,26,,3,train,160696344,160696344,0
DrErnie,26,,10,train,160696344,160696344,0
angelalalove,26,,3,train,160696344,160696344,0
iJamieC,26,,3,train,160696344,160696344,0
DonniedollsDoll,26,,4,train,160696344,160696344,0
ladynastydotnet,26,,5,train,160696344,160696344,0
courtneykaz,26,,4,train,160696344,160696344,0
AshJenny,26,,7,train,160696344,160696344,0
Wesbo,26,,11,train,160696344,160696344,0
sammiematson,26,,6,train,160696344,160696344,0
nicolepeevy,26,,3,train,160696344,160696344,0
xkacieee,27,,20,train,160696344,160696344,805071310
1_2_ManyTweets,27,,10,train,160696344,160696344,0
ssannddra,27,,7,train,160696344,160696344,0
spazztasticamy,27,,19,train,160696344,160696344,805071310
freakyblueeyes,27,,3,train,160696344,160696344,0
mwangbickler,27,,3,train,160696344,160696344,0
iwho,27,,4,train,160696344,160696344,0
Jaslynsunshine,27,,3,train,160696344,160696344,0
avriltuohy,27,,4,train,160696344,160696344,0
VEEgasbabyyy,27,,3,train,160696344,160696344,0
DrErnie,27,,10,train,160696344,160696344,0
angelalalove,27,,3,train,160696344,160696344,0
iJamieC,27,,3,train,160696344,160696344,0
DonniedollsDoll,27,,4,train,160696344,160696344,0
ladynastydotnet,27,,5,train,160696344,160696344,0
courtneykaz,27,,4,train,160696344,160696344,0
AshJenny,27,,7,train,160696344,160696344,0
Wesbo,27,,11,train,160696344,160696344,0
sammiematson,27,,6,train,160696344,160696344,0
nicolepeevy,27,,3,train,160696344,160696344,0
xkacieee,28,,20,train,160696344,160696344,805071310
1_2_ManyTweets,28,,10,train,160696344,160696344,0
ssannddra,28,,7,train,160696344,160696344,0
spazztasticamy,28,,19,train,160696344,160696344,805071310
freakyblueeyes,28,,3,train,160696344,160696344,0
mwangbickler,28,,3,train,160696344,160696344,0
iwho,28,,4,train,160696344,160696344,0
Jaslynsunshine,28,,3,train,160696344,160696344,0
avriltuohy,28,,4,train,160696344,160696344,0
VEEgasbabyyy,28,,3,train,160696344,160696344,0
DrErnie,28,,10,train,160696344,160696344,0
angelalalove,28,,3,train,160696344,160696344,0
iJamieC,28,,3,train,160696344,160696344,0
DonniedollsDoll,28,,4,train,160696344,160696344,0
ladynastydotnet,28,,5,train,160696344,160696344,0
courtneykaz,28,,4,train,160696344,160696344,0
AshJenny,28,,7,train,160696344,160696344,0
Wesbo,28,,11,train,160696344,160696344,0
sammiematson,28,,6,train,160696344,160696344,0
nicolepeevy,28,,3,train,160696344,160696344,0
xkacieee,29,,20,train,160696344,160696344,805071310
1_2_ManyTweets,29,,10,train,160696344,160696344,0
ssannddra,29,,7,train,160696344,160696344,0
spazztasticamy,29,,19,train,160696344,160696344,805071310
freakyblueeyes,29,,3,train,160696344,160696344,0
mwangbickler,29,,3,train,160696344,160696344,0
iwho,29,,4,train,160696344,160696344,0
Jaslynsunshine,29,,3,train,160696344,160696344,0
avriltuohy,29,,4,train,160696344,160696344,0
VEEgasbabyyy,29,,3,train,160696344,160696344,0
DrErnie,29,,10,train,160696344,160696344,0
angelalalove,29,,3,train,160696344,160696344,0
iJamieC,29,,3,train,160696344,160696344,0
DonniedollsDoll,29,,4,train,160696344,160696344,0
ladynastydotnet,29,,5,train,160696344,160696344,0
courtneykaz,29,,4,train,160696344,160696344,0
AshJenny,29,,7,train,160696344,160696344,0
Wesbo,29,,11,train,160696344,160696344,0
sammiematson,29,,6,train,160696344,160696344,0
nicolepeevy,29,,3,train,160696344,160696344,0
xkacieee,30,,20,train,160696344,160696344,805071310
1_2_ManyTweets,30,,10,train,160696344,160696344,0
ssannddra,30,,7,train,160696344,160696344,0
spazztasticamy,30,,19,train,160696344,160696344,805071310
freakyblueeyes,30,,3,train,160696344,160696344,0
mwangbickler,30,,3,train,160696344,160696344,0
iwho,30,,4,train,160696344,160696344,0
Jaslynsunshine,30,,3,train,160696344,160696344,0
avriltuohy,30,,4,train,160696344,160696344,0
VEEgasbabyyy,30,,3,train,160696344,160696344,0
DrErnie,30,,10,train,160696344,160696344,0
angelalalove,30,,3,train,160696344,160696344,0
iJamieC,30,,3,train,160696344,160696344,0
DonniedollsDoll,30,,4,train,160696344,160696344,0
ladynastydotnet,30,,5,train,160696344,160696344,0
courtneykaz,30,,4,train,160696344,160696344,0
AshJenny,30,,7,train,160696344,160696344,0
Wesbo,30,,11,train,160696344,160696344,0
sammiematson,30,,6,train,160696344,160696344,0
nicolepeevy,30,,3,train,160696344,160696344,0
xkacieee,31,,20,train,160696344,160696344,805071310
1_2_ManyTweets,31,,10,train,160696344,160696344,0
ssannddra,31,,7,train,160696344,160696344,0
spazztasticamy,31,,19,train,160696344,160696344,805071310
freakyblueeyes,31,,3,train,160696344,160696344,0
mwangbickler,31,,3,train,160696344,160696344,0
iwho,31,,4,train,160696344,160696344,0
Jaslynsunshine,31,,3,train,160696344,160696344,0
avriltuohy,31,,4,train,160696344,160696344,0
VEEgasbabyyy,31,,3,train,160696344,160696344,0
DrErnie,31,,10,train,160696344,160696344,0
angelalalove,31,,3,train,160696344,160696344,0
iJamieC,31,,3,train,160696344,160696344,0
DonniedollsDoll,31,,4,train,160696344,160696344,0
ladynastydotnet,31,,5,train,160696344,160696344,0
courtneykaz,31,,4,train,160696344,160696344,0
AshJenny,31,,7,train,160696344,160696344,0
Wesbo,31,,11,train,160696344,160696344,0
sammiematson,31,,6,train,160696344,160696344,0
nicolepeevy,31,,3,train,160696344,160696344,0
xkacieee,32,,20,train,160696344,160696344,805071310
1_2_ManyTweets,32,,10,train,160696344,160696344,0
ssannddra,32,,7,train,160696344,160696344,0
spazztasticamy,32,,19,train,160696344,160696344,805071310
freakyblueeyes,32,,3,train,160696344,160696344,0
mwangbickler,32,,3,train,160696344,160696344,0
iwho,32,,4,train,160696344,160696344,0
Jaslynsunshine,32,,3,train,160696344,160696344,0
avriltuohy,32,,4,train,160696344,160696344,0
VEEgasbabyyy,32,,3,train,160696344,160696344,0
DrErnie,32,,10,train,160696344,160696344,0
angelalalove,32,,3,train,160696344,160696344,0
iJamieC,32,,3,train,160696344,160696344,0
DonniedollsDoll,32,,4,train,160696344,160696344,0
ladynastydotnet,32,,5,train,160696344,160696344,0
courtneykaz,32,,4,train,160696344,160696344,0
AshJenny,32,,7,train,160696344,160696344,0
Wesbo,32,,11,train,160696344,160696344,0
sammiematson,32,,6,train,160696344,160696344,0
nicolepeevy,32,,3,train,160696344,160696344,0
xkacieee,33,,20,train,160696344,160696344,805071310
1_2_ManyTweets,33,,10,train,160696344,160696344,0
ssannddra,33,,7,train,160696344,160696344,0
spazztasticamy,33,,19,train,160696344,160696344,805071310
freakyblueeyes,33,,3,train,160696344,160696344,0
mwangbickler,33,,3,train,160696344,160696344,0
iwho,33,,4,train,160696344,160696344,0
Jaslynsunshine,33,,3,train,160696344,160696344,0
avriltuohy,33,,4,train,160696344,160696344,0
VEEgasbabyyy,33,,3,train,160696344,160696344,0
DrErnie,33,,10,train,160696344,160696344,0
angelalalove,33,,3,train,160696344,160696344,0
iJamieC,33,,3,train,160696344,160696344,0
DonniedollsDoll,33,,4,train,160696344,160696344,0
ladynastydotnet,33,,5,train,160696344,160696344,0
courtneykaz,33,,4,train,160696344,160696344,0
AshJenny,33,,7,train,160696344,160696344,0
Wesbo,33,,11,train,160696344,160696344,0
sammiematson,33,,6,train,160696344,160696344,0
nicolepeevy,33,,3,train,160696344,160696344,0
xkacieee,34,,20,train,160696344,160696344,805071310
1_2_ManyTweets,34,,10,train,160696344,160696344,0
ssannddra,34,,7,train,160696344,160696344,0
spazztasticamy,34,,19,train,160696344,160696344,805071310
freakyblueeyes,34,,3,train,160696344,160696344,0
mwangbickler,34,,3,train,160696344,160696344,0
iwho,34,,4,train,160696344,160696344,0
Jaslynsunshine,34,,3,train,160696344,160696344,0
avriltuohy,34,,4,train,160696344,160696344,0
VEEgasbabyyy,34,,3,train,160696344,160696344,0
DrErnie,34,,10,train,160696344,160696344,0
angelalalove,34,,3,train,160696344,160696344,0
iJamieC,34,,3,train,160696344,160696344,0
DonniedollsDoll,34,,4,train,160696344,160696344,0
ladynastydotnet,34,,5,train,160696344,160696344,0
courtneykaz,34,,4,train,160696344,160696344,0
AshJenny,34,,7,train,160696344,160696344,0
Wesbo,34,,11,train,160696344,160696344,0
sammiematson,34,,6,train,160696344,160696344,0
nicolepeevy,34,,3,train,160696344,160696344,0
xkacieee,35,,20,train,160696344,160696344,805071310
1_2_ManyTweets,35,,10,train,160696344,160696344,0
ssannddra,35,,7,train,160696344,160696344,0
spazztasticamy,35,,19,train,160696344,160696344,805071310
freakyblueeyes,35,,3,train,160696344,160696344,0
mwangbickler,35,,3,train,160696344,160696344,0
iwho,35,,4,train,160696344,160696344,0
Jaslynsunshine,35,,3,train,160696344,160696344,0
avriltuohy,35,,4,train,160696344,160696344,0
VEEgasbabyyy,35,,3,train,160696344,160696344,0
DrErnie,35,,10,train,160696344,160696344,0
angelalalove,35,,3,train,160696344,160696344,0
iJamieC,35,,3,train,160696344,160696344,0
DonniedollsDoll,35,,4,train,160696344,160696344,0
ladynastydotnet,35,,5,train,160696344,160696344,0
courtneykaz,35,,4,train,160696344,160696344,0
AshJenny,35,,7,train,160696344,160696344,0
Wesbo,35,,11,train,160696344,160696344,0
sammiematson,35,,6,train,160696344,160696344,0
nicolepeevy,35,,3,train,160696344,160696344,0
xkacieee,36,,20,train,160696344,160696344,805071310
1_2_ManyTweets,36,,10,train,160696344,160696344,0
ssannddra,36,,7,train,160696344,160696344,0
spazztasticamy,36,,19,train,160696344,160696344,805071310
freakyblueeyes,36,,3,train,160696344,160696344,0
mwangbickler,36,,3,train,160696344,160696344,0
iwho,36,,4,train,160696344,160696344,0
Jaslynsunshine,36,,3,train,160696344,160696344,0
avriltuohy,36,,4,train,160696344,160696344,0
VEEgasbabyyy,36,,3,train,160696344,160696344,0
DrErnie,36,,10,train,160696344,160696344,0
angelalalove,36,,3,train,160696344,160696344,0
iJamieC,36,,3,train,160696344,160696344,0
DonniedollsDoll,36,,4,train,160696344,160696344,0
ladynastydotnet,36,,5,train,160696344,160696344,0
courtneykaz,36,,4,train,160696344,160696344,0
AshJenny,36,,7,train,160696344,160696344,0
Wesbo,36,,11,train,160696344,160696344,0
sammiematson,36,,6,train,160696344,160696344,0
nicolepeevy,36,,3,train,160696344,160696344,0
xkacieee,37,,20,train,160696344,160696344,805071310
1_2_ManyTweets,37,,10,train,160696344,160696344,0
ssannddra,37,,7,train,160696344,160696344,0
spazztasticamy,37,,19,train,160696344,160696344,805071310
freakyblueeyes,37,,3,train,160696344,160696344,0
mwangbickler,37,,3,train,160696344,160696344,0
iwho,37,,4,train,160696344,160696344,0
Jaslynsunshine,37,,3,train,160696344,160696344,0
avriltuohy,37,,4,train,160696344,160696344,0
VEEgasbabyyy,37,,3,train,160696344,160696344,0
DrErnie,37,,10,train,160696344,160696344,0
angelalalove,37,,3,train,160696344,160696344,0
iJamieC,37,,3,train,160696344,160696344,0
DonniedollsDoll,37,,4,train,160696344,160696344,0
ladynastydotnet,37,,5,train,160696344,160696344,0
courtneykaz,37,,4,train,160696344,160696344,0
AshJenny,37,,7,train,160696344,160696344,0
Wesbo,37,,11,train,160696344,160696344,0
sammiematson,37,,6,train,160696344,160696344,0
nicolepeevy,37,,3,train,160696344,160696344,0
xkacieee,38,,20,train,160696344,160696344,805071310
1_2_ManyTweets,38,,10,train,160696344,160696344,0
ssannddra,38,,7,train,160696344,160696344,0
spazztasticamy,38,,19,train,160696344,160696344,805071310
freakyblueeyes,38,,3,train,160696344,160696344,0
mwangbickler,38,,3,train,160696344,160696344,0
iwho,38,,4,train,160696344,160696344,0
Jaslynsunshine,38,,3,train,160696344,160696344,0
avriltuohy,38,,4,train,160696344,160696344,0
VEEgasbabyyy,38,,3,train,160696344,160696344,0
DrErnie,38,,10,train,160696344,160696344,0
angelalalove,38,,3,train,160696344,160696344,0
iJamieC,38,,3,train,160696344,160696344,0
DonniedollsDoll,38,,4,train,160696344,160696344,0
ladynastydotnet,38,,5,train,160696344,160696344,0
courtneykaz,38,,4,train,160696344,160696344,0
AshJenny,38,,7,train,160696344,160696344,0
Wesbo,38,,11,train,160696344,160696344,0
sammiematson,38,,6,train,160696344,160696344,0
nicolepeevy,38,,3,train,160696344,160696344,0
xkacieee,39,,20,train,160696344,160696344,805071310
1_2_ManyTweets,39,,10,train,160696344,160696344,0
ssannddra,39,,7,train,160696344,160696344,0
spazztasticamy,39,,19,train,160696344,160696344,805071310
freakyblueeyes,39,,3,train,160696344,160696344,0
mwangbickler,39,,3,train,160696344,160696344,0
iwho,39,,4,train,160696344,160696344,0
Jaslynsunshine,39,,3,train,160696344,160696344,0
avriltuohy,39,,4,train,160696344,160696344,0
VEEgasbabyyy,39,,3,train,160696344,160696344,0
DrErnie,39,,10,train,160696344,160696344,0
angelalalove,39,,3,train,160696344,160696344,0
iJamieC,39,,3,train,160696344,160696344,0
DonniedollsDoll,39,,4,train,160696344,160696344,0
ladynastydotnet,39,,5,train,160696344,160696344,0
courtneykaz,39,,4,train,160696344,160696344,0
AshJenny,39,,7,train,160696344,160696344,0
Wesbo,39,,11,train,160696344,160696344,0
sammiematson,39,,6,train,160696344,160696344,0
nicolepeevy,39,,3,train,160696344,160696344,0
xkacieee,40,,20,train,160696344,160696344,805071310
1_2_ManyTweets,40,,10,train,160696344,160696344,0
ssannddra,40,,7,train,160696344,160696344,0
spazztasticamy,40,,19,train,160696344,160696344,805071310
freakyblueeyes,40,,3,train,160696344,160696344,0
mwangbickler,40,,3,train,160696344,160696344,0
iwho,40,,4,train,160696344,160696344,0
Jaslynsunshine,40,,3,train,160696344,160696344,0
avriltuohy,40,,4,train,160696344,160696344,0
VEEgasbabyyy,40,,3,train,160696344,160696344,0
DrErnie,40,,10,train,160696344,160696344,0
angelalalove,40,,3,train,160696344,160696344,0
iJamieC,40,,3,train,160696344,160696344,0
DonniedollsDoll,40,,4,train,160696344,160696344,0
ladynastydotnet,40,,5,train,160696344,160696344,0
courtneykaz,40,,4,train,160696344,160696344,0
AshJenny,40,,7,train,160696344,160696344,0
Wesbo,40,,11,train,160696344,160696344,0
sammiematson,40,,6,train,160696344,160696344,0
nicolepeevy,40,,3,train,160696344,160696344,0
xkacieee,41,,20,train,160696344,160696344,805071310
1_2_ManyTweets,41,,10,train,160696344,160696344,0
ssannddra,41,,7,train,160696344,160696344,0
spazztasticamy,41,,19,train,160696344,160696344,805071310
freakyblueeyes,41,,3,train,160696344,160696344,0
mwangbickler,41,,3,train,160696344,160696344,0
iwho,41,,4,train,160696344,160696344,0
Jaslynsunshine,41,,3,train,160696344,160696344,0
avriltuohy,41,,4,train,160696344,160696344,0
VEEgasbabyyy,41,,3,train,160696344,160696344,0
DrErnie,41,,10,train,160696344,160696344,0
angelalalove,41,,3,train,160696344,160696344,0
iJamieC,41,,3,train,160696344,160696344,0
DonniedollsDoll,41,,4,train,160696344,160696344,0
ladynastydotnet,41,,5,train,160696344,160696344,0
courtneykaz,41,,4,train,160696344,160696344,0
AshJenny,41,,7,train,160696344,160696344,0
Wesbo,41,,11,train,160696344,160696344,0
sammiematson,41,,6,train,160696344,160696344,0
nicolepeevy,41,,3,train,160696344,160696344,0
xkacieee,42,,20,train,160696344,160696344,805071310
1_2_ManyTweets,42,,10,train,160696344,160696344,0
ssannddra,42,,7,train,160696344,160696344,0
spazztasticamy,42,,19,train,160696344,160696344,805071310
freakyblueeyes,42,,3,train,160696344,160696344,0
mwangbickler,42,,3,train,160696344,160696344,0
iwho,42,,4,train,160696344,160696344,0
Jaslynsunshine,42,,3,train,160696344,160696344,0
avriltuohy,42,,4,train,160696344,160696344,0
VEEgasbabyyy,42,,3,train,160696344,160696344,0
DrErnie,42,,10,train,160696344,160696344,0
angelalalove,42,,3,train,160696344,160696344,0
iJamieC,42,,3,train,160696344,160696344,0
DonniedollsDoll,42,,4,train,160696344,160696344,0
ladynastydotnet,42,,5,train,160696344,160696344,0
courtneykaz,42,,4,train,160696344,160696344,0
AshJenny,42,,7,train,160696344,160696344,0
Wesbo,42,,11,train,160696344,160696344,0
sammiematson,42,,6,train,160696344,160696344,0
nicolepeevy,42,,3,train,160696344,160696344,0
xkacieee,43,,20,train,160696344,160696344,805071310
1_2_ManyTweets,43,,10,train,160696344,160696344,0
ssannddra,43,,7,train,160696344,160696344,0
spazztasticamy,43,,19,train,160696344,160696344,805071310
freakyblueeyes,43,,3,train,160696344,160696344,0
mwangbickler,43,,3,train,160696344,160696344,0
iwho,43,,4,train,160696344,160696344,0
Jaslynsunshine,43,,3,train,160696344,160696344,0
avriltuohy,43,,4,train,160696344,160696344,0
VEEgasbabyyy,43,,3,train,160696344,160696344,0
DrErnie,43,,10,train,160696344,160696344,0
angelalalove,43,,3,train,160696344,160696344,0
iJamieC,43,,3,train,160696344,160696344,0
DonniedollsDoll,43,,4,train,160696344,160696344,0
ladynastydotnet,43,,5,train,160696344,160696344,0
courtneykaz,43,,4,train,160696344,160696344,0
AshJenny,43,,7,train,160696344,160696344,0
Wesbo,43,,11,train,160696344,160696344,0
sammiematson,43,,6,train,160696344,160696344,0
nicolepeevy,43,,3,train,160696344,160696344,0
xkacieee,44,,20,train,160696344,160696344,805071310
1_2_ManyTweets,44,,10,train,160696344,160696344,0
ssannddra,44,,7,train,160696344,160696344,0
spazztasticamy,44,,19,train,160696344,160696344,805071310
freakyblueeyes,44,,3,train,160696344,160696344,0
mwangbickler,44,,3,train,160696344,160696344,0
iwho,44,,4,train,160696344,160696344,0
Jaslynsunshine,44,,3,train,160696344,160696344,0
avriltuohy,44,,4,train,160696344,160696344,0
VEEgasbabyyy,44,,3,train,160696344,160696344,0
DrErnie,44,,10,train,160696344,160696344,0
angelalalove,44,,3,train,160696344,160696344,0
iJamieC,44,,3,train,160696344,160696344,0
DonniedollsDoll,44,,4,train,160696344,160696344,0
ladynastydotnet,44,,5,train,160696344,160696344,0
courtneykaz,44,,4,train,160696344,160696344,0
AshJenny,44,,7,train,160696344,160696344,0
Wesbo,44,,11,train,160696344,160696344,0
sammiematson,44,,6,train,160696344,160696344,0
nicolepeevy,44,,3,train,160696344,160696344,0
xkacieee,45,,20,train,160696344,160696344,805071310
1_2_ManyTweets,45,,10,train,160696344,160696344,0
ssannddra,45,,7,train,160696344,160696344,0
spazztasticamy,45,,19,train,160696344,160696344,805071310
freakyblueeyes,45,,3,train,160696344,160696344,0
mwangbickler,45,,3,train,160696344,160696344,0
iwho,45,,4,train,160696344,160696344,0
Jaslynsunshine,45,,3,train,160696344,160696344,0
avriltuohy,45,,4,train,160696344,160696344,0
VEEgasbabyyy,45,,3,train,160696344,160696344,0
DrErnie,45,,10,train,160696344,160696344,0
angelalalove,45,,3,train,160696344,160696344,0
iJamieC,45,,3,train,160696344,160696344,0
DonniedollsDoll,45,,4,train,160696344,160696344,0
ladynastydotnet,45,,5,train,160696344,160696344,0
courtneykaz,45,,4,train,160696344,160696344,0
AshJenny,45,,7,train,160696344,160696344,0
Wesbo,45,,11,train,160696344,160696344,0
sammiematson,45,,6,train,160696344,160696344,0
nicolepeevy,45,,3,train,160696344,160696344,0
xkacieee,46,,20,train,160696344,160696344,805071310
1_2_ManyTweets,46,,10,train,160696344,160696344,0
ssannddra,46,,7,train,160696344,160696344,0
spazztasticamy,46,,19,train,160696344,160696344,805071310
freakyblueeyes,46,,3,train,160696344,160696344,0
mwangbickler,46,,3,train,160696344,160696344,0
iwho,46,,4,train,160696344,160696344,0
Jaslynsunshine,46,,3,train,160696344,160696344,0
avriltuohy,46,,4,train,160696344,160696344,0
VEEgasbabyyy,46,,3,train,160696344,160696344,0
DrErnie,46,,10,train,160696344,160696344,0
angelalalove,46,,3,train,160696344,160696344,0
iJamieC,46,,3,train,160696344,160696344,0
DonniedollsDoll,46,,4,train,160696344,160696344,0
ladynastydotnet,46,,5,train,160696344,160696344,0
courtneykaz,46,,4,train,160696344,160696344,0
AshJenny,46,,7,train,160696344,160696344,0
Wesbo,46,,11,train,160696344,160696344,0
sammiematson,46,,6,train,160696344,160696344,0
nicolepeevy,46,,3,train,160696344,160696344,0
xkacieee,47,,20,train,160696344,160696344,805071310
1_2_ManyTweets,47,,10,train,160696344,160696344,0
ssannddra,47,,7,train,160696344,160696344,0
spazztasticamy,47,,19,train,160696344,160696344,805071310
freakyblueeyes,47,,3,train,160696344,160696344,0
mwangbickler,47,,3,train,160696344,160696344,0
iwho,47,,4,train,160696344,160696344,0
Jaslynsunshine,47,,3,train,160696344,160696344,0
avriltuohy,47,,4,train,160696344,160696344,0
VEEgasbabyyy,47,,3,train,160696344,160696344,0
DrErnie,47,,10,train,160696344,160696344,0
angelalalove,47,,3,train,160696344,160696344,0
iJamieC,47,,3,train,160696344,160696344,0
DonniedollsDoll,47,,4,train,160696344,160696344,0
ladynastydotnet,47,,5,train,160696344,160696344,0
courtneykaz,47,,4,train,160696344,160696344,0
AshJenny,47,,7,train,160696344,160696344,0
Wesbo,47,,11,train,160696344,160696344,0
sammiematson,47,,6,train,160696344,160696344,0
nicolepeevy,47,,3,train,160696344,160696344,0
xkacieee,48,,20,train,160696344,160696344,805071310
1_2_ManyTweets,48,,10,train,160696344,160696344,0
ssannddra,48,,7,train,160696344,160696344,0
spazztasticamy,48,,19,train,160696344,160696344,805071310
freakyblueeyes,48,,3,train,160696344,160696344,0
mwangbickler,48,,3,train,160696344,160696344,0
iwho,48,,4,train,160696344,160696344,0
Jaslynsunshine,48,,3,train,160696344,160696344,0
avriltuohy,48,,4,train,160696344,160696344,0
VEEgasbabyyy,48,,3,train,160696344,160696344,0
DrErnie,48,,10,train,160696344,160696344,0
angelalalove,48,,3,train,160696344,160696344,0
iJamieC,48,,3,train,160696344,160696344,0
DonniedollsDoll,48,,4,train,160696344,160696344,0
ladynastydotnet,48,,5,train,160696344,160696344,0
courtneykaz,48,,4,train,160696344,160696344,0
AshJenny,48,,7,train,160696344,160696344,0
Wesbo,48,,11,train,160696344,160696344,0
sammiematson,48,,6,train,160696344,160696344,0
nicolepeevy,48,,3,train,160696344,160696344,0
xkacieee,49,,20,train,160696344,160696344,805071310
1_2_ManyTweets,49,,10,train,160696344,160696344,0
ssannddra,49,,7,train,160696344,160696344,0
spazztasticamy,49,,19,train,160696344,160696344,805071310
freakyblueeyes,49,,3,train,160696344,160696344,0
mwangbickler,49,,3,train,160696344,160696344,0
iwho,49,,4,train,160696344,160696344,0
Jaslynsunshine,49,,3,train,160696344,160696344,0
avriltuohy,49,,4,train,160696344,160696344,0
VEEgasbabyyy,49,,3,train,160696344,160696344,0
DrErnie,49,,10,train,160696344,160696344,0
angelalalove,49,,3,train,160696344,160696344,0
iJamieC,49,,3,train,160696344,160696344,0
DonniedollsDoll,49,,4,train,160696344,160696344,0
ladynastydotnet,49,,5,train,160696344,160696344,0
courtneykaz,49,,4,train,160696344,160696344,0
AshJenny,49,,7,train,160696344,160696344,0
Wesbo,49,,11,train,160696344,160696344,0
sammiematson,49,,6,train,160696344,160696344,0
nicolepeevy,49,,3,train,160696344,160696344,0
xkacieee,50,,20,train,160696344,160696344,805071310
1_2_ManyTweets,50,,10,train,160696344,160696344,0
ssannddra,50,,7,train,160696344,160696344,0
spazztasticamy,50,,19,train,160696344,160696344,805071310
freakyblueeyes,50,,3,train,160696344,160696344,0
mwangbickler,50,,3,train,160696344,160696344,0
iwho,50,,4,train,160696344,160696344,0
Jaslynsunshine,50,,3,train,160696344,160696344,0
avriltuohy,50,,4,train,160696344,160696344,0
VEEgasbabyyy,50,,3,train,160696344,160696344,0
DrErnie,50,,10,train,160696344,160696344,0
angelalalove,50,,3,train,160696344,160696344,0
iJamieC,50,,3,train,160696344,160696344,0
DonniedollsDoll,50,,4,train,160696344,160696344,0
ladynastydotnet,50,,5,train,160696344,160696344,0
courtneykaz,50,,4,train,160696344,160696344,0
AshJenny,50,,7,train,160696344,160696344,0
Wesbo,50,,11,train,160696344,160696344,0
sammiematson,50,,6,train,160696344,160696344,0
nicolepeevy,50,,3,train,160696344,160696344,0
