Sam_Fenton,1,,16,train,160696344,160696344,4025356550
laura3lizab3th,1,,7,train,160696344,160696344,0
littohoneybunny,1,,3,train,160696344,160696344,0
HISOFFICIALGIRL,1,,6,train,160696344,160696344,0
fabulashes,1,,8,train,160696344,160696344,0
conchordgirl,1,,9,train,160696344,160696344,0
strawberryymilk,1,,7,train,160696344,160696344,0
mlhansen,1,,20,train,160696344,160696344,4025356550
jcoppens,1,,3,train,160696344,160696344,0
KarinaTR4short,1,,4,train,160696344,160696344,0
mojabunni,1,,7,train,160696344,160696344,0
blaqkmess,1,,5,train,160696344,160696344,0
LizzyBusiness,1,,4,train,160696344,160696344,0
trixie,1,,5,train,160696344,160696344,0
Joeysparkz,1,,3,train,160696344,160696344,0
DebVaFOD,1,,14,train,160696344,160696344,4025356550
kellygirl27,1,,48,train,160696344,160696344,16101426200
thetoughsams,1,,22,train,160696344,160696344,4025356550
correltje,1,,13,train,160696344,160696344,4025356550
melissakolb26,1,,4,train,160696344,160696344,0
AnnyChih,2,,9,train,160696344,160696344,0
Sam_Fenton,2,,16,train,160696344,160696344,4025356550
lisaharper2009,2,,3,train,160696344,160696344,0
laura3lizab3th,2,,7,train,160696344,160696344,0
menetgod,2,,3,train,160696344,160696344,0
littohoneybunny,2,,3,train,160696344,160696344,0
HISOFFICIALGIRL,2,,6,train,160696344,160696344,0
tnydncr41,2,,3,train,160696344,160696344,0
fabulashes,2,,8,train,160696344,160696344,0
stormbasiat,2,,3,train,160696344,160696344,0
xcxcharliexcx,2,,3,train,160696344,160696344,0
strawberryymilk,2,,7,train,160696344,160696344,0
awwlehber,2,,3,train,160696344,160696344,0
GarveyBen,2,,9,train,160696344,160696344,0
missannajane,2,,12,train,160696344,160696344,4025356550
mojabunni,2,,7,train,160696344,160696344,0
blaqkmess,2,,5,train,160696344,160696344,0
dyersituation,2,,19,train,160696344,160696344,4025356550
LizzyBusiness,2,,4,train,160696344,160696344,0
trixie,2,,5,train,160696344,160696344,0
Sam_Fenton,3,,16,train,160696344,160696344,4025356550
wenday92,3,,3,train,160696344,160696344,0
laura3lizab3th,3,,7,train,160696344,160696344,0
sharonh409,3,,6,train,160696344,160696344,0
AxM09,3,,4,train,160696344,160696344,0
kgascoine,3,,4,train,160696344,160696344,0
jaredwsmith,3,,11,train,160696344,160696344,0
GarveyBen,3,,9,train,160696344,160696344,0
handmadefuzion,3,,3,train,160696344,160696344,0
missannajane,3,,12,train,160696344,160696344,4025356550
KarinaTR4short,3,,4,train,160696344,160696344,0
hayleyorrx,3,,10,train,160696344,160696344,0
t0ny7,3,,3,train,160696344,160696344,0
dyersituation,3,,19,train,160696344,160696344,4025356550
trixie,3,,5,train,160696344,160696344,0
DebVaFOD,3,,14,train,160696344,160696344,4025356550
sajith,3,,3,train,160696344,160696344,0
kellygirl27,3,,48,train,160696344,160696344,16101426200
thetoughsams,3,,22,train,160696344,160696344,4025356550
avliyaASYA,3,,16,train,160696344,160696344,4025356550
AnnyChih,4,,9,train,160696344,160696344,0
Sam_Fenton,4,,16,train,160696344,160696344,4025356550
lisaharper2009,4,,3,train,160696344,160696344,0
laura3lizab3th,4,,7,train,160696344,160696344,0
menetgod,4,,3,train,160696344,160696344,0
littohoneybunny,4,,3,train,160696344,160696344,0
HISOFFICIALGIRL,4,,6,train,160696344,160696344,0
tnydncr41,4,,3,train,160696344,160696344,0
fabulashes,4,,8,train,160696344,160696344,0
stormbasiat,4,,3,train,160696344,160696344,0
xcxcharliexcx,4,,3,train,160696344,160696344,0
strawberryymilk,4,,7,train,160696344,160696344,0
awwlehber,4,,3,train,160696344,160696344,0
GarveyBen,4,,9,train,160696344,160696344,0
missannajane,4,,12,train,160696344,160696344,4025356550
mojabunni,4,,7,train,160696344,160696344,0
blaqkmess,4,,5,train,160696344,160696344,0
dyersituation,4,,19,train,160696344,160696344,4025356550
LizzyBusiness,4,,4,train,160696344,160696344,0
trixie,4,,5,train,160696344,160696344,0
KyaJinnie,1,,5,train,160696344,160696344,0
Div3rse,1,,5,train,160696344,160696344,0
Chelly527,1,,6,train,160696344,160696344,0
djmogofficial,1,,7,train,160696344,160696344,0
CoralieTredgett,1,,3,train,160696344,160696344,0
alyshmun,1,,4,train,160696344,160696344,0
talon03echomike,1,,3,train,160696344,160696344,0
spazztasticamy,1,,19,train,160696344,160696344,2415213930
MsPonita,1,,13,train,160696344,160696344,2415213930
xkacieee,1,,20,train,160696344,160696344,2415213930
AmandaJansen,1,,4,train,160696344,160696344,0
StraitJigg,1,,13,train,160696344,160696344,2415213930
NetanyaCohen,1,,6,train,160696344,160696344,0
iJamieC,1,,3,train,160696344,160696344,0
DYkEY_tYPE,1,,26,train,160696344,160696344,4830427860
lorrraineee,1,,6,train,160696344,160696344,0
JustMelly,1,,33,train,160696344,160696344,4830427860
Wesbo,1,,11,train,160696344,160696344,0
DrErnie,1,,10,train,160696344,160696344,0
nicolepeevy,1,,3,train,160696344,160696344,0
JoycePoiani,2,,6,train,160696344,160696344,0
Sahoonie,2,,6,train,160696344,160696344,0
KyaJinnie,2,,5,train,160696344,160696344,0
Div3rse,2,,5,train,160696344,160696344,0
Chelly527,2,,6,train,160696344,160696344,0
djmogofficial,2,,7,train,160696344,160696344,0
DonniedollsDoll,2,,4,train,160696344,160696344,0
GuiltTripper,2,,3,train,160696344,160696344,0
alyshmun,2,,4,train,160696344,160696344,0
Gooner_Sam92,2,,3,train,160696344,160696344,0
talon03echomike,2,,3,train,160696344,160696344,0
MsPonita,2,,13,train,160696344,160696344,2415213930
xkacieee,2,,20,train,160696344,160696344,2415213930
LauraChristine_,2,,14,train,160696344,160696344,2415213930
AmandaJansen,2,,4,train,160696344,160696344,0
StraitJigg,2,,13,train,160696344,160696344,2415213930
iJamieC,2,,3,train,160696344,160696344,0
DYkEY_tYPE,2,,26,train,160696344,160696344,4830427860
JustMelly,2,,33,train,160696344,160696344,4830427860
nicolepeevy,2,,3,train,160696344,160696344,0
JoycePoiani,3,,6,train,160696344,160696344,0
Sahoonie,3,,6,train,160696344,160696344,0
KyaJinnie,3,,5,train,160696344,160696344,0
Div3rse,3,,5,train,160696344,160696344,0
Chelly527,3,,6,train,160696344,160696344,0
djmogofficial,3,,7,train,160696344,160696344,0
DonniedollsDoll,3,,4,train,160696344,160696344,0
GuiltTripper,3,,3,train,160696344,160696344,0
alyshmun,3,,4,train,160696344,160696344,0
Gooner_Sam92,3,,3,train,160696344,160696344,0
talon03echomike,3,,3,train,160696344,160696344,0
MsPonita,3,,13,train,160696344,160696344,2415213930
xkacieee,3,,20,train,160696344,160696344,2415213930
LauraChristine_,3,,14,train,160696344,160696344,2415213930
AmandaJansen,3,,4,train,160696344,160696344,0
StraitJigg,3,,13,train,160696344,160696344,2415213930
iJamieC,3,,3,train,160696344,160696344,0
DYkEY_tYPE,3,,26,train,160696344,160696344,4830427860
JustMelly,3,,33,train,160696344,160696344,4830427860
nicolepeevy,3,,3,train,160696344,160696344,0
Div3rse,4,,5,train,160696344,160696344,0
jadesamantha_,4,,7,train,160696344,160696344,0
kristennnk,4,,3,train,160696344,160696344,0
itsNikiTee,4,,7,train,160696344,160696344,0
alyshmun,4,,4,train,160696344,160696344,0
hyss1,4,,4,train,160696344,160696344,0
MsPonita,4,,13,train,160696344,160696344,2415213930
xkacieee,4,,20,train,160696344,160696344,2415213930
StraitJigg,4,,13,train,160696344,160696344,2415213930
izabelll,4,,3,train,160696344,160696344,0
NetanyaCohen,4,,6,train,160696344,160696344,0
courtneykaz,4,,4,train,160696344,160696344,0
JustMelly,4,,33,train,160696344,160696344,4830427860
1_2_ManyTweets,4,,10,train,160696344,160696344,0
arocks,4,,3,train,160696344,160696344,0
DrErnie,4,,10,train,160696344,160696344,0
yoyomo,4,,12,train,160696344,160696344,2415213930
singlegirlie,4,,6,train,160696344,160696344,0
mandycp,4,,6,train,160696344,160696344,0
Tanika_Nichole,4,,6,train,160696344,160696344,0
Div3rse,5,,5,train,160696344,160696344,0
jadesamantha_,5,,7,train,160696344,160696344,0
kristennnk,5,,3,train,160696344,160696344,0
itsNikiTee,5,,7,train,160696344,160696344,0
alyshmun,5,,4,train,160696344,160696344,0
hyss1,5,,4,train,160696344,160696344,0
MsPonita,5,,13,train,160696344,160696344,2415213930
xkacieee,5,,20,train,160696344,160696344,2415213930
StraitJigg,5,,13,train,160696344,160696344,2415213930
izabelll,5,,3,train,160696344,160696344,0
NetanyaCohen,5,,6,train,160696344,160696344,0
courtneykaz,5,,4,train,160696344,160696344,0
JustMelly,5,,33,train,160696344,160696344,4830427860
1_2_ManyTweets,5,,10,train,160696344,160696344,0
arocks,5,,3,train,160696344,160696344,0
DrErnie,5,,10,train,160696344,160696344,0
yoyomo,5,,12,train,160696344,160696344,2415213930
singlegirlie,5,,6,train,160696344,160696344,0
mandycp,5,,6,train,160696344,160696344,0
Tanika_Nichole,5,,6,train,160696344,160696344,0
Div3rse,6,,5,train,160696344,160696344,0
jadesamantha_,6,,7,train,160696344,160696344,0
kristennnk,6,,3,train,160696344,160696344,0
itsNikiTee,6,,7,train,160696344,160696344,0
alyshmun,6,,4,train,160696344,160696344,0
hyss1,6,,4,train,160696344,160696344,0
MsPonita,6,,13,train,160696344,160696344,2415213930
xkacieee,6,,20,train,160696344,160696344,2415213930
StraitJigg,6,,13,train,160696344,160696344,2415213930
izabelll,6,,3,train,160696344,160696344,0
NetanyaCohen,6,,6,train,160696344,160696344,0
courtneykaz,6,,4,train,160696344,160696344,0
JustMelly,6,,33,train,160696344,160696344,4830427860
1_2_ManyTweets,6,,10,train,160696344,160696344,0
arocks,6,,3,train,160696344,160696344,0
DrErnie,6,,10,train,160696344,160696344,0
yoyomo,6,,12,train,160696344,160696344,2415213930
singlegirlie,6,,6,train,160696344,160696344,0
mandycp,6,,6,train,160696344,160696344,0
Tanika_Nichole,6,,6,train,160696344,160696344,0
Div3rse,7,,5,train,160696344,160696344,0
jadesamantha_,7,,7,train,160696344,160696344,0
kristennnk,7,,3,train,160696344,160696344,0
itsNikiTee,7,,7,train,160696344,160696344,0
alyshmun,7,,4,train,160696344,160696344,0
hyss1,7,,4,train,160696344,160696344,0
MsPonita,7,,13,train,160696344,160696344,2415213930
xkacieee,7,,20,train,160696344,160696344,2415213930
StraitJigg,7,,13,train,160696344,160696344,2415213930
izabelll,7,,3,train,160696344,160696344,0
NetanyaCohen,7,,6,train,160696344,160696344,0
courtneykaz,7,,4,train,160696344,160696344,0
JustMelly,7,,33,train,160696344,160696344,4830427860
1_2_ManyTweets,7,,10,train,160696344,160696344,0
arocks,7,,3,train,160696344,160696344,0
DrErnie,7,,10,train,160696344,160696344,0
yoyomo,7,,12,train,160696344,160696344,2415213930
singlegirlie,7,,6,train,160696344,160696344,0
mandycp,7,,6,train,160696344,160696344,0
Tanika_Nichole,7,,6,train,160696344,160696344,0
Div3rse,8,,5,train,160696344,160696344,0
jadesamantha_,8,,7,train,160696344,160696344,0
kristennnk,8,,3,train,160696344,160696344,0
itsNikiTee,8,,7,train,160696344,160696344,0
alyshmun,8,,4,train,160696344,160696344,0
hyss1,8,,4,train,160696344,160696344,0
MsPonita,8,,13,train,160696344,160696344,2415213930
xkacieee,8,,20,train,160696344,160696344,2415213930
StraitJigg,8,,13,train,160696344,160696344,2415213930
izabelll,8,,3,train,160696344,160696344,0
NetanyaCohen,8,,6,train,160696344,160696344,0
courtneykaz,8,,4,train,160696344,160696344,0
JustMelly,8,,33,train,160696344,160696344,4830427860
1_2_ManyTweets,8,,10,train,160696344,160696344,0
arocks,8,,3,train,160696344,160696344,0
DrErnie,8,,10,train,160696344,160696344,0
yoyomo,8,,12,train,160696344,160696344,2415213930
singlegirlie,8,,6,train,160696344,160696344,0
mandycp,8,,6,train,160696344,160696344,0
Tanika_Nichole,8,,6,train,160696344,160696344,0
Div3rse,9,,5,train,160696344,160696344,0
jadesamantha_,9,,7,train,160696344,160696344,0
kristennnk,9,,3,train,160696344,160696344,0
itsNikiTee,9,,7,train,160696344,160696344,0
alyshmun,9,,4,train,160696344,160696344,0
hyss1,9,,4,train,160696344,160696344,0
MsPonita,9,,13,train,160696344,160696344,2415213930
xkacieee,9,,20,train,160696344,160696344,2415213930
StraitJigg,9,,13,train,160696344,160696344,2415213930
izabelll,9,,3,train,160696344,160696344,0
NetanyaCohen,9,,6,train,160696344,160696344,0
courtneykaz,9,,4,train,160696344,160696344,0
JustMelly,9,,33,train,160696344,160696344,4830427860
1_2_ManyTweets,9,,10,train,160696344,160696344,0
arocks,9,,3,train,160696344,160696344,0
DrErnie,9,,10,train,160696344,160696344,0
yoyomo,9,,12,train,160696344,160696344,2415213930
singlegirlie,9,,6,train,160696344,160696344,0
mandycp,9,,6,train,160696344,160696344,0
Tanika_Nichole,9,,6,train,160696344,160696344,0
Div3rse,10,,5,train,160696344,160696344,0
jadesamantha_,10,,7,train,160696344,160696344,0
kristennnk,10,,3,train,160696344,160696344,0
itsNikiTee,10,,7,train,160696344,160696344,0
alyshmun,10,,4,train,160696344,160696344,0
hyss1,10,,4,train,160696344,160696344,0
MsPonita,10,,13,train,160696344,160696344,2415213930
xkacieee,10,,20,train,160696344,160696344,2415213930
StraitJigg,10,,13,train,160696344,160696344,2415213930
izabelll,10,,3,train,160696344,160696344,0
NetanyaCohen,10,,6,train,160696344,160696344,0
courtneykaz,10,,4,train,160696344,160696344,0
JustMelly,10,,33,train,160696344,160696344,4830427860
1_2_ManyTweets,10,,10,train,160696344,160696344,0
arocks,10,,3,train,160696344,160696344,0
DrErnie,10,,10,train,160696344,160696344,0
yoyomo,10,,12,train,160696344,160696344,2415213930
singlegirlie,10,,6,train,160696344,160696344,0
mandycp,10,,6,train,160696344,160696344,0
Tanika_Nichole,10,,6,train,160696344,160696344,0
Div3rse,11,,5,train,160696344,160696344,0
jadesamantha_,11,,7,train,160696344,160696344,0
kristennnk,11,,3,train,160696344,160696344,0
itsNikiTee,11,,7,train,160696344,160696344,0
alyshmun,11,,4,train,160696344,160696344,0
hyss1,11,,4,train,160696344,160696344,0
MsPonita,11,,13,train,160696344,160696344,2415213930
xkacieee,11,,20,train,160696344,160696344,2415213930
StraitJigg,11,,13,train,160696344,160696344,2415213930
izabelll,11,,3,train,160696344,160696344,0
NetanyaCohen,11,,6,train,160696344,160696344,0
courtneykaz,11,,4,train,160696344,160696344,0
JustMelly,11,,33,train,160696344,160696344,4830427860
1_2_ManyTweets,11,,10,train,160696344,160696344,0
arocks,11,,3,train,160696344,160696344,0
DrErnie,11,,10,train,160696344,160696344,0
yoyomo,11,,12,train,160696344,160696344,2415213930
singlegirlie,11,,6,train,160696344,160696344,0
mandycp,11,,6,train,160696344,160696344,0
Tanika_Nichole,11,,6,train,160696344,160696344,0
Div3rse,12,,5,train,160696344,160696344,0
jadesamantha_,12,,7,train,160696344,160696344,0
kristennnk,12,,3,train,160696344,160696344,0
itsNikiTee,12,,7,train,160696344,160696344,0
alyshmun,12,,4,train,160696344,160696344,0
hyss1,12,,4,train,160696344,160696344,0
MsPonita,12,,13,train,160696344,160696344,2415213930
xkacieee,12,,20,train,160696344,160696344,2415213930
StraitJigg,12,,13,train,160696344,160696344,2415213930
izabelll,12,,3,train,160696344,160696344,0
NetanyaCohen,12,,6,train,160696344,160696344,0
courtneykaz,12,,4,train,160696344,160696344,0
JustMelly,12,,33,train,160696344,160696344,4830427860
1_2_ManyTweets,12,,10,train,160696344,160696344,0
arocks,12,,3,train,160696344,160696344,0
DrErnie,12,,10,train,160696344,160696344,0
yoyomo,12,,12,train,160696344,160696344,2415213930
singlegirlie,12,,6,train,160696344,160696344,0
mandycp,12,,6,train,160696344,160696344,0
Tanika_Nichole,12,,6,train,160696344,160696344,0
Div3rse,13,,5,train,160696344,160696344,0
jadesamantha_,13,,7,train,160696344,160696344,0
kristennnk,13,,3,train,160696344,160696344,0
itsNikiTee,13,,7,train,160696344,160696344,0
alyshmun,13,,4,train,160696344,160696344,0
hyss1,13,,4,train,160696344,160696344,0
MsPonita,13,,13,train,160696344,160696344,2415213930
xkacieee,13,,20,train,160696344,160696344,2415213930
StraitJigg,13,,13,train,160696344,160696344,2415213930
izabelll,13,,3,train,160696344,160696344,0
NetanyaCohen,13,,6,train,160696344,160696344,0
courtneykaz,13,,4,train,160696344,160696344,0
JustMelly,13,,33,train,160696344,160696344,4830427860
1_2_ManyTweets,13,,10,train,160696344,160696344,0
arocks,13,,3,train,160696344,160696344,0
DrErnie,13,,10,train,160696344,160696344,0
yoyomo,13,,12,train,160696344,160696344,2415213930
singlegirlie,13,,6,train,160696344,160696344,0
mandycp,13,,6,train,160696344,160696344,0
Tanika_Nichole,13,,6,train,160696344,160696344,0
Div3rse,14,,5,train,160696344,160696344,0
jadesamantha_,14,,7,train,160696344,160696344,0
kristennnk,14,,3,train,160696344,160696344,0
itsNikiTee,14,,7,train,160696344,160696344,0
alyshmun,14,,4,train,160696344,160696344,0
hyss1,14,,4,train,160696344,160696344,0
MsPonita,14,,13,train,160696344,160696344,2415213930
xkacieee,14,,20,train,160696344,160696344,2415213930
StraitJigg,14,,13,train,160696344,160696344,2415213930
izabelll,14,,3,train,160696344,160696344,0
NetanyaCohen,14,,6,train,160696344,160696344,0
courtneykaz,14,,4,train,160696344,160696344,0
JustMelly,14,,33,train,160696344,160696344,4830427860
1_2_ManyTweets,14,,10,train,160696344,160696344,0
arocks,14,,3,train,160696344,160696344,0
DrErnie,14,,10,train,160696344,160696344,0
yoyomo,14,,12,train,160696344,160696344,2415213930
singlegirlie,14,,6,train,160696344,160696344,0
mandycp,14,,6,train,160696344,160696344,0
Tanika_Nichole,14,,6,train,160696344,160696344,0
Div3rse,15,,5,train,160696344,160696344,0
jadesamantha_,15,,7,train,160696344,160696344,0
kristennnk,15,,3,train,160696344,160696344,0
itsNikiTee,15,,7,train,160696344,160696344,0
alyshmun,15,,4,train,160696344,160696344,0
hyss1,15,,4,train,160696344,160696344,0
MsPonita,15,,13,train,160696344,160696344,2415213930
xkacieee,15,,20,train,160696344,160696344,2415213930
StraitJigg,15,,13,train,160696344,160696344,2415213930
izabelll,15,,3,train,160696344,160696344,0
NetanyaCohen,15,,6,train,160696344,160696344,0
courtneykaz,15,,4,train,160696344,160696344,0
JustMelly,15,,33,train,160696344,160696344,4830427860
1_2_ManyTweets,15,,10,train,160696344,160696344,0
arocks,15,,3,train,160696344,160696344,0
DrErnie,15,,10,train,160696344,160696344,0
yoyomo,15,,12,train,160696344,160696344,2415213930
singlegirlie,15,,6,train,160696344,160696344,0
mandycp,15,,6,train,160696344,160696344,0
Tanika_Nichole,15,,6,train,160696344,160696344,0
Div3rse,16,,5,train,160696344,160696344,0
jadesamantha_,16,,7,train,160696344,160696344,0
kristennnk,16,,3,train,160696344,160696344,0
itsNikiTee,16,,7,train,160696344,160696344,0
alyshmun,16,,4,train,160696344,160696344,0
hyss1,16,,4,train,160696344,160696344,0
MsPonita,16,,13,train,160696344,160696344,2415213930
xkacieee,16,,20,train,160696344,160696344,2415213930
StraitJigg,16,,13,train,160696344,160696344,2415213930
izabelll,16,,3,train,160696344,160696344,0
NetanyaCohen,16,,6,train,160696344,160696344,0
courtneykaz,16,,4,train,160696344,160696344,0
JustMelly,16,,33,train,160696344,160696344,4830427860
1_2_ManyTweets,16,,10,train,160696344,160696344,0
arocks,16,,3,train,160696344,160696344,0
DrErnie,16,,10,train,160696344,160696344,0
yoyomo,16,,12,train,160696344,160696344,2415213930
singlegirlie,16,,6,train,160696344,160696344,0
mandycp,16,,6,train,160696344,160696344,0
Tanika_Nichole,16,,6,train,160696344,160696344,0
Div3rse,17,,5,train,160696344,160696344,0
jadesamantha_,17,,7,train,160696344,160696344,0
kristennnk,17,,3,train,160696344,160696344,0
itsNikiTee,17,,7,train,160696344,160696344,0
alyshmun,17,,4,train,160696344,160696344,0
hyss1,17,,4,train,160696344,160696344,0
MsPonita,17,,13,train,160696344,160696344,2415213930
xkacieee,17,,20,train,160696344,160696344,2415213930
StraitJigg,17,,13,train,160696344,160696344,2415213930
izabelll,17,,3,train,160696344,160696344,0
NetanyaCohen,17,,6,train,160696344,160696344,0
courtneykaz,17,,4,train,160696344,160696344,0
JustMelly,17,,33,train,160696344,160696344,4830427860
1_2_ManyTweets,17,,10,train,160696344,160696344,0
arocks,17,,3,train,160696344,160696344,0
DrErnie,17,,10,train,160696344,160696344,0
yoyomo,17,,12,train,160696344,160696344,2415213930
singlegirlie,17,,6,train,160696344,160696344,0
mandycp,17,,6,train,160696344,160696344,0
Tanika_Nichole,17,,6,train,160696344,160696344,0
Div3rse,18,,5,train,160696344,160696344,0
jadesamantha_,18,,7,train,160696344,160696344,0
kristennnk,18,,3,train,160696344,160696344,0
itsNikiTee,18,,7,train,160696344,160696344,0
alyshmun,18,,4,train,160696344,160696344,0
hyss1,18,,4,train,160696344,160696344,0
MsPonita,18,,13,train,160696344,160696344,2415213930
xkacieee,18,,20,train,160696344,160696344,2415213930
StraitJigg,18,,13,train,160696344,160696344,2415213930
izabelll,18,,3,train,160696344,160696344,0
NetanyaCohen,18,,6,train,160696344,160696344,0
courtneykaz,18,,4,train,160696344,160696344,0
JustMelly,18,,33,train,160696344,160696344,4830427860
1_2_ManyTweets,18,,10,train,160696344,160696344,0
arocks,18,,3,train,160696344,160696344,0
DrErnie,18,,10,train,160696344,160696344,0
yoyomo,18,,12,train,160696344,160696344,2415213930
singlegirlie,18,,6,train,160696344,160696344,0
mandycp,18,,6,train,160696344,160696344,0
Tanika_Nichole,18,,6,train,160696344,160696344,0
Div3rse,19,,5,train,160696344,160696344,0
jadesamantha_,19,,7,train,160696344,160696344,0
kristennnk,19,,3,train,160696344,160696344,0
itsNikiTee,19,,7,train,160696344,160696344,0
alyshmun,19,,4,train,160696344,160696344,0
hyss1,19,,4,train,160696344,160696344,0
MsPonita,19,,13,train,160696344,160696344,2415213930
xkacieee,19,,20,train,160696344,160696344,2415213930
StraitJigg,19,,13,train,160696344,160696344,2415213930
izabelll,19,,3,train,160696344,160696344,0
NetanyaCohen,19,,6,train,160696344,160696344,0
courtneykaz,19,,4,train,160696344,160696344,0
JustMelly,19,,33,train,160696344,160696344,4830427860
1_2_ManyTweets,19,,10,train,160696344,160696344,0
arocks,19,,3,train,160696344,160696344,0
DrErnie,19,,10,train,160696344,160696344,0
yoyomo,19,,12,train,160696344,160696344,2415213930
singlegirlie,19,,6,train,160696344,160696344,0
mandycp,19,,6,train,160696344,160696344,0
Tanika_Nichole,19,,6,train,160696344,160696344,0
Div3rse,20,,5,train,160696344,160696344,0
jadesamantha_,20,,7,train,160696344,160696344,0
kristennnk,20,,3,train,160696344,160696344,0
itsNikiTee,20,,7,train,160696344,160696344,0
alyshmun,20,,4,train,160696344,160696344,0
hyss1,20,,4,train,160696344,160696344,0
MsPonita,20,,13,train,160696344,160696344,2415213930
xkacieee,20,,20,train,160696344,160696344,2415213930
StraitJigg,20,,13,train,160696344,160696344,2415213930
izabelll,20,,3,train,160696344,160696344,0
NetanyaCohen,20,,6,train,160696344,160696344,0
courtneykaz,20,,4,train,160696344,160696344,0
JustMelly,20,,33,train,160696344,160696344,4830427860
1_2_ManyTweets,20,,10,train,160696344,160696344,0
arocks,20,,3,train,160696344,160696344,0
DrErnie,20,,10,train,160696344,160696344,0
yoyomo,20,,12,train,160696344,160696344,2415213930
singlegirlie,20,,6,train,160696344,160696344,0
mandycp,20,,6,train,160696344,160696344,0
Tanika_Nichole,20,,6,train,160696344,160696344,0
Div3rse,21,,5,train,160696344,160696344,0
jadesamantha_,21,,7,train,160696344,160696344,0
kristennnk,21,,3,train,160696344,160696344,0
itsNikiTee,21,,7,train,160696344,160696344,0
alyshmun,21,,4,train,160696344,160696344,0
hyss1,21,,4,train,160696344,160696344,0
MsPonita,21,,13,train,160696344,160696344,2415213930
xkacieee,21,,20,train,160696344,160696344,2415213930
StraitJigg,21,,13,train,160696344,160696344,2415213930
izabelll,21,,3,train,160696344,160696344,0
NetanyaCohen,21,,6,train,160696344,160696344,0
courtneykaz,21,,4,train,160696344,160696344,0
JustMelly,21,,33,train,160696344,160696344,4830427860
1_2_ManyTweets,21,,10,train,160696344,160696344,0
arocks,21,,3,train,160696344,160696344,0
DrErnie,21,,10,train,160696344,160696344,0
yoyomo,21,,12,train,160696344,160696344,2415213930
singlegirlie,21,,6,train,160696344,160696344,0
mandycp,21,,6,train,160696344,160696344,0
Tanika_Nichole,21,,6,train,160696344,160696344,0
Div3rse,22,,5,train,160696344,160696344,0
jadesamantha_,22,,7,train,160696344,160696344,0
kristennnk,22,,3,train,160696344,160696344,0
itsNikiTee,22,,7,train,160696344,160696344,0
alyshmun,22,,4,train,160696344,160696344,0
hyss1,22,,4,train,160696344,160696344,0
MsPonita,22,,13,train,160696344,160696344,2415213930
xkacieee,22,,20,train,160696344,160696344,2415213930
StraitJigg,22,,13,train,160696344,160696344,2415213930
izabelll,22,,3,train,160696344,160696344,0
NetanyaCohen,22,,6,train,160696344,160696344,0
courtneykaz,22,,4,train,160696344,160696344,0
JustMelly,22,,33,train,160696344,160696344,4830427860
1_2_ManyTweets,22,,10,train,160696344,160696344,0
arocks,22,,3,train,160696344,160696344,0
DrErnie,22,,10,train,160696344,160696344,0
yoyomo,22,,12,train,160696344,160696344,2415213930
singlegirlie,22,,6,train,160696344,160696344,0
mandycp,22,,6,train,160696344,160696344,0
Tanika_Nichole,22,,6,train,160696344,160696344,0
Div3rse,23,,5,train,160696344,160696344,0
jadesamantha_,23,,7,train,160696344,160696344,0
kristennnk,23,,3,train,160696344,160696344,0
itsNikiTee,23,,7,train,160696344,160696344,0
alyshmun,23,,4,train,160696344,160696344,0
hyss1,23,,4,train,160696344,160696344,0
MsPonita,23,,13,train,160696344,160696344,2415213930
xkacieee,23,,20,train,160696344,160696344,2415213930
StraitJigg,23,,13,train,160696344,160696344,2415213930
izabelll,23,,3,train,160696344,160696344,0
NetanyaCohen,23,,6,train,160696344,160696344,0
courtneykaz,23,,4,train,160696344,160696344,0
JustMelly,23,,33,train,160696344,160696344,4830427860
1_2_ManyTweets,23,,10,train,160696344,160696344,0
arocks,23,,3,train,160696344,160696344,0
DrErnie,23,,10,train,160696344,160696344,0
yoyomo,23,,12,train,160696344,160696344,2415213930
singlegirlie,23,,6,train,160696344,160696344,0
mandycp,23,,6,train,160696344,160696344,0
Tanika_Nichole,23,,6,train,160696344,160696344,0
KyaJinnie,24,,5,train,160696344,160696344,0
Div3rse,24,,5,train,160696344,160696344,0
Chelly527,24,,6,train,160696344,160696344,0
djmogofficial,24,,7,train,160696344,160696344,0
alyshmun,24,,4,train,160696344,160696344,0
talon03echomike,24,,3,train,160696344,160696344,0
spazztasticamy,24,,19,train,160696344,160696344,2415213930
MsPonita,24,,13,train,160696344,160696344,2415213930
xkacieee,24,,20,train,160696344,160696344,2415213930
AmandaJansen,24,,4,train,160696344,160696344,0
StraitJigg,24,,13,train,160696344,160696344,2415213930
iJamieC,24,,3,train,160696344,160696344,0
DYkEY_tYPE,24,,26,train,160696344,160696344,4830427860
lorrraineee,24,,6,train,160696344,160696344,0
JustMelly,24,,33,train,160696344,160696344,4830427860
cheekygirlie,24,,3,train,160696344,160696344,0
DrErnie,24,,10,train,160696344,160696344,0
nicolepeevy,24,,3,train,160696344,160696344,0
iwho,24,,4,train,160696344,160696344,0
yoyomo,24,,12,train,160696344,160696344,2415213930
JoycePoiani,25,,6,train,160696344,160696344,0
Sahoonie,25,,6,train,160696344,160696344,0
KyaJinnie,25,,5,train,160696344,160696344,0
Div3rse,25,,5,train,160696344,160696344,0
Chelly527,25,,6,train,160696344,160696344,0
djmogofficial,25,,7,train,160696344,160696344,0
DonniedollsDoll,25,,4,train,160696344,160696344,0
GuiltTripper,25,,3,train,160696344,160696344,0
alyshmun,25,,4,train,160696344,160696344,0
Gooner_Sam92,25,,3,train,160696344,160696344,0
talon03echomike,25,,3,train,160696344,160696344,0
MsPonita,25,,13,train,160696344,160696344,2415213930
xkacieee,25,,20,train,160696344,160696344,2415213930
LauraChristine_,25,,14,train,160696344,160696344,2415213930
AmandaJansen,25,,4,train,160696344,160696344,0
StraitJigg,25,,13,train,160696344,160696344,2415213930
iJamieC,25,,3,train,160696344,160696344,0
DYkEY_tYPE,25,,26,train,160696344,160696344,4830427860
JustMelly,25,,33,train,160696344,160696344,4830427860
nicolepeevy,25,,3,train,160696344,160696344,0
JoycePoiani,26,,6,train,160696344,160696344,0
Sahoonie,26,,6,train,160696344,160696344,0
KyaJinnie,26,,5,train,160696344,160696344,0
Div3rse,26,,5,train,160696344,160696344,0
Chelly527,26,,6,train,160696344,160696344,0
djmogofficial,26,,7,train,160696344,160696344,0
DonniedollsDoll,26,,4,train,160696344,160696344,0
GuiltTripper,26,,3,train,160696344,160696344,0
alyshmun,26,,4,train,160696344,160696344,0
Gooner_Sam92,26,,3,train,160696344,160696344,0
talon03echomike,26,,3,train,160696344,160696344,0
MsPonita,26,,13,train,160696344,160696344,2415213930
xkacieee,26,,20,train,160696344,160696344,2415213930
LauraChristine_,26,,14,train,160696344,160696344,2415213930
AmandaJansen,26,,4,train,160696344,160696344,0
StraitJigg,26,,13,train,160696344,160696344,2415213930
iJamieC,26,,3,train,160696344,160696344,0
DYkEY_tYPE,26,,26,train,160696344,160696344,4830427860
JustMelly,26,,33,train,160696344,160696344,4830427860
nicolepeevy,26,,3,train,160696344,160696344,0
JoycePoiani,27,,6,train,160696344,160696344,0
Sahoonie,27,,6,train,160696344,160696344,0
KyaJinnie,27,,5,train,160696344,160696344,0
Div3rse,27,,5,train,160696344,160696344,0
Chelly527,27,,6,train,160696344,160696344,0
djmogofficial,27,,7,train,160696344,160696344,0
DonniedollsDoll,27,,4,train,160696344,160696344,0
GuiltTripper,27,,3,train,160696344,160696344,0
alyshmun,27,,4,train,160696344,160696344,0
Gooner_Sam92,27,,3,train,160696344,160696344,0
talon03echomike,27,,3,train,160696344,160696344,0
MsPonita,27,,13,train,160696344,160696344,2415213930
xkacieee,27,,20,train,160696344,160696344,2415213930
LauraChristine_,27,,14,train,160696344,160696344,2415213930
AmandaJansen,27,,4,train,160696344,160696344,0
StraitJigg,27,,13,train,160696344,160696344,2415213930
iJamieC,27,,3,train,160696344,160696344,0
DYkEY_tYPE,27,,26,train,160696344,160696344,4830427860
JustMelly,27,,33,train,160696344,160696344,4830427860
nicolepeevy,27,,3,train,160696344,160696344,0
Div3rse,28,,5,train,160696344,160696344,0
jadesamantha_,28,,7,train,160696344,160696344,0
kristennnk,28,,3,train,160696344,160696344,0
itsNikiTee,28,,7,train,160696344,160696344,0
alyshmun,28,,4,train,160696344,160696344,0
hyss1,28,,4,train,160696344,160696344,0
MsPonita,28,,13,train,160696344,160696344,2415213930
xkacieee,28,,20,train,160696344,160696344,2415213930
StraitJigg,28,,13,train,160696344,160696344,2415213930
izabelll,28,,3,train,160696344,160696344,0
NetanyaCohen,28,,6,train,160696344,160696344,0
courtneykaz,28,,4,train,160696344,160696344,0
JustMelly,28,,33,train,160696344,160696344,4830427860
1_2_ManyTweets,28,,10,train,160696344,160696344,0
arocks,28,,3,train,160696344,160696344,0
DrErnie,28,,10,train,160696344,160696344,0
yoyomo,28,,12,train,160696344,160696344,2415213930
singlegirlie,28,,6,train,160696344,160696344,0
mandycp,28,,6,train,160696344,160696344,0
Tanika_Nichole,28,,6,train,160696344,160696344,0
Div3rse,29,,5,train,160696344,160696344,0
jadesamantha_,29,,7,train,160696344,160696344,0
kristennnk,29,,3,train,160696344,160696344,0
itsNikiTee,29,,7,train,160696344,160696344,0
alyshmun,29,,4,train,160696344,160696344,0
hyss1,29,,4,train,160696344,160696344,0
MsPonita,29,,13,train,160696344,160696344,2415213930
xkacieee,29,,20,train,160696344,160696344,2415213930
StraitJigg,29,,13,train,160696344,160696344,2415213930
izabelll,29,,3,train,160696344,160696344,0
NetanyaCohen,29,,6,train,160696344,160696344,0
courtneykaz,29,,4,train,160696344,160696344,0
JustMelly,29,,33,train,160696344,160696344,4830427860
1_2_ManyTweets,29,,10,train,160696344,160696344,0
arocks,29,,3,train,160696344,160696344,0
DrErnie,29,,10,train,160696344,160696344,0
yoyomo,29,,12,train,160696344,160696344,2415213930
singlegirlie,29,,6,train,160696344,160696344,0
mandycp,29,,6,train,160696344,160696344,0
Tanika_Nichole,29,,6,train,160696344,160696344,0
Div3rse,30,,5,train,160696344,160696344,0
jadesamantha_,30,,7,train,160696344,160696344,0
kristennnk,30,,3,train,160696344,160696344,0
itsNikiTee,30,,7,train,160696344,160696344,0
alyshmun,30,,4,train,160696344,160696344,0
hyss1,30,,4,train,160696344,160696344,0
MsPonita,30,,13,train,160696344,160696344,2415213930
xkacieee,30,,20,train,160696344,160696344,2415213930
StraitJigg,30,,13,train,160696344,160696344,2415213930
izabelll,30,,3,train,160696344,160696344,0
NetanyaCohen,30,,6,train,160696344,160696344,0
courtneykaz,30,,4,train,160696344,160696344,0
JustMelly,30,,33,train,160696344,160696344,4830427860
1_2_ManyTweets,30,,10,train,160696344,160696344,0
arocks,30,,3,train,160696344,160696344,0
DrErnie,30,,10,train,160696344,160696344,0
yoyomo,30,,12,train,160696344,160696344,2415213930
singlegirlie,30,,6,train,160696344,160696344,0
mandycp,30,,6,train,160696344,160696344,0
Tanika_Nichole,30,,6,train,160696344,160696344,0
Div3rse,31,,5,train,160696344,160696344,0
jadesamantha_,31,,7,train,160696344,160696344,0
kristennnk,31,,3,train,160696344,160696344,0
itsNikiTee,31,,7,train,160696344,160696344,0
alyshmun,31,,4,train,160696344,160696344,0
hyss1,31,,4,train,160696344,160696344,0
MsPonita,31,,13,train,160696344,160696344,2415213930
xkacieee,31,,20,train,160696344,160696344,2415213930
StraitJigg,31,,13,train,160696344,160696344,2415213930
izabelll,31,,3,train,160696344,160696344,0
NetanyaCohen,31,,6,train,160696344,160696344,0
courtneykaz,31,,4,train,160696344,160696344,0
JustMelly,31,,33,train,160696344,160696344,4830427860
1_2_ManyTweets,31,,10,train,160696344,160696344,0
arocks,31,,3,train,160696344,160696344,0
DrErnie,31,,10,train,160696344,160696344,0
yoyomo,31,,12,train,160696344,160696344,2415213930
singlegirlie,31,,6,train,160696344,160696344,0
mandycp,31,,6,train,160696344,160696344,0
Tanika_Nichole,31,,6,train,160696344,160696344,0
Div3rse,32,,5,train,160696344,160696344,0
jadesamantha_,32,,7,train,160696344,160696344,0
kristennnk,32,,3,train,160696344,160696344,0
itsNikiTee,32,,7,train,160696344,160696344,0
alyshmun,32,,4,train,160696344,160696344,0
hyss1,32,,4,train,160696344,160696344,0
MsPonita,32,,13,train,160696344,160696344,2415213930
xkacieee,32,,20,train,160696344,160696344,2415213930
StraitJigg,32,,13,train,160696344,160696344,2415213930
izabelll,32,,3,train,160696344,160696344,0
NetanyaCohen,32,,6,train,160696344,160696344,0
courtneykaz,32,,4,train,160696344,160696344,0
JustMelly,32,,33,train,160696344,160696344,4830427860
1_2_ManyTweets,32,,10,train,160696344,160696344,0
arocks,32,,3,train,160696344,160696344,0
DrErnie,32,,10,train,160696344,160696344,0
yoyomo,32,,12,train,160696344,160696344,2415213930
singlegirlie,32,,6,train,160696344,160696344,0
mandycp,32,,6,train,160696344,160696344,0
Tanika_Nichole,32,,6,train,160696344,160696344,0
liannebigworld,1,,5,train,160696344,160696344,0
Kerah121,1,,5,train,160696344,160696344,0
KyaJinnie,1,,5,train,160696344,160696344,0
Chelly527,1,,6,train,160696344,160696344,0
SChiappetta,1,,4,train,160696344,160696344,0
djmogofficial,1,,7,train,160696344,160696344,0
DonniedollsDoll,1,,4,train,160696344,160696344,0
CoralieTredgett,1,,3,train,160696344,160696344,0
GuiltTripper,1,,3,train,160696344,160696344,0
itsNikiTee,1,,7,train,160696344,160696344,0
alyshmun,1,,4,train,160696344,160696344,0
andrewski,1,,3,train,160696344,160696344,0
talon03echomike,1,,3,train,160696344,160696344,0
spazztasticamy,1,,19,train,160696344,160696344,2415213930
De_Reese,1,,5,train,160696344,160696344,0
MsPonita,1,,13,train,160696344,160696344,2415213930
xkacieee,1,,20,train,160696344,160696344,2415213930
AmandaJansen,1,,4,train,160696344,160696344,0
StraitJigg,1,,13,train,160696344,160696344,2415213930
iJamieC,1,,3,train,160696344,160696344,0
mayaquinlan,2,,4,train,160696344,160696344,0
Div3rse,2,,5,train,160696344,160696344,0
jadesamantha_,2,,7,train,160696344,160696344,0
bobbyjackm333,2,,6,train,160696344,160696344,0
kristennnk,2,,3,train,160696344,160696344,0
nish212,2,,3,train,160696344,160696344,0
andrewski,2,,3,train,160696344,160696344,0
hyss1,2,,4,train,160696344,160696344,0
talon03echomike,2,,3,train,160696344,160696344,0
MsPonita,2,,13,train,160696344,160696344,2415213930
tjfreemanjr,2,,3,train,160696344,160696344,0
BMFarrell,2,,3,train,160696344,160696344,0
xkacieee,2,,20,train,160696344,160696344,2415213930
AmandaJansen,2,,4,train,160696344,160696344,0
StraitJigg,2,,13,train,160696344,160696344,2415213930
izabelll,2,,3,train,160696344,160696344,0
NetanyaCohen,2,,6,train,160696344,160696344,0
courtneykaz,2,,4,train,160696344,160696344,0
JustMelly,2,,33,train,160696344,160696344,4830427860
1_2_ManyTweets,2,,10,train,160696344,160696344,0
Puppyluvcouture,3,,3,train,160696344,160696344,0
Ninner2009,3,,3,train,160696344,160696344,0
Div3rse,3,,5,train,160696344,160696344,0
Xtinlim,3,,5,train,160696344,160696344,0
kristennnk,3,,3,train,160696344,160696344,0
tipaow,3,,4,train,160696344,160696344,0
fafsruiz,3,,7,train,160696344,160696344,0
talon03echomike,3,,3,train,160696344,160696344,0
AbsoluteValue,3,,4,train,160696344,160696344,0
tjfreemanjr,3,,3,train,160696344,160696344,0
AlexandraPadron,3,,3,train,160696344,160696344,0
BMFarrell,3,,3,train,160696344,160696344,0
xkacieee,3,,20,train,160696344,160696344,2415213930
StraitJigg,3,,13,train,160696344,160696344,2415213930
izabelll,3,,3,train,160696344,160696344,0
NetanyaCohen,3,,6,train,160696344,160696344,0
courtneykaz,3,,4,train,160696344,160696344,0
JustMelly,3,,33,train,160696344,160696344,4830427860
cheekygirlie,3,,3,train,160696344,160696344,0
arocks,3,,3,train,160696344,160696344,0
Puppyluvcouture,4,,3,train,160696344,160696344,0
Ninner2009,4,,3,train,160696344,160696344,0
Div3rse,4,,5,train,160696344,160696344,0
Xtinlim,4,,5,train,160696344,160696344,0
kristennnk,4,,3,train,160696344,160696344,0
tipaow,4,,4,train,160696344,160696344,0
fafsruiz,4,,7,train,160696344,160696344,0
talon03echomike,4,,3,train,160696344,160696344,0
AbsoluteValue,4,,4,train,160696344,160696344,0
tjfreemanjr,4,,3,train,160696344,160696344,0
AlexandraPadron,4,,3,train,160696344,160696344,0
BMFarrell,4,,3,train,160696344,160696344,0
xkacieee,4,,20,train,160696344,160696344,2415213930
StraitJigg,4,,13,train,160696344,160696344,2415213930
izabelll,4,,3,train,160696344,160696344,0
NetanyaCohen,4,,6,train,160696344,160696344,0
courtneykaz,4,,4,train,160696344,160696344,0
JustMelly,4,,33,train,160696344,160696344,4830427860
cheekygirlie,4,,3,train,160696344,160696344,0
arocks,4,,3,train,160696344,160696344,0
Puppyluvcouture,5,,3,train,160696344,160696344,0
Ninner2009,5,,3,train,160696344,160696344,0
Div3rse,5,,5,train,160696344,160696344,0
Xtinlim,5,,5,train,160696344,160696344,0
kristennnk,5,,3,train,160696344,160696344,0
tipaow,5,,4,train,160696344,160696344,0
fafsruiz,5,,7,train,160696344,160696344,0
talon03echomike,5,,3,train,160696344,160696344,0
AbsoluteValue,5,,4,train,160696344,160696344,0
tjfreemanjr,5,,3,train,160696344,160696344,0
AlexandraPadron,5,,3,train,160696344,160696344,0
BMFarrell,5,,3,train,160696344,160696344,0
xkacieee,5,,20,train,160696344,160696344,2415213930
StraitJigg,5,,13,train,160696344,160696344,2415213930
izabelll,5,,3,train,160696344,160696344,0
NetanyaCohen,5,,6,train,160696344,160696344,0
courtneykaz,5,,4,train,160696344,160696344,0
JustMelly,5,,33,train,160696344,160696344,4830427860
cheekygirlie,5,,3,train,160696344,160696344,0
arocks,5,,3,train,160696344,160696344,0
Puppyluvcouture,6,,3,train,160696344,160696344,0
Ninner2009,6,,3,train,160696344,160696344,0
Div3rse,6,,5,train,160696344,160696344,0
Xtinlim,6,,5,train,160696344,160696344,0
kristennnk,6,,3,train,160696344,160696344,0
tipaow,6,,4,train,160696344,160696344,0
fafsruiz,6,,7,train,160696344,160696344,0
talon03echomike,6,,3,train,160696344,160696344,0
AbsoluteValue,6,,4,train,160696344,160696344,0
tjfreemanjr,6,,3,train,160696344,160696344,0
AlexandraPadron,6,,3,train,160696344,160696344,0
BMFarrell,6,,3,train,160696344,160696344,0
xkacieee,6,,20,train,160696344,160696344,2415213930
StraitJigg,6,,13,train,160696344,160696344,2415213930
izabelll,6,,3,train,160696344,160696344,0
NetanyaCohen,6,,6,train,160696344,160696344,0
courtneykaz,6,,4,train,160696344,160696344,0
JustMelly,6,,33,train,160696344,160696344,4830427860
cheekygirlie,6,,3,train,160696344,160696344,0
arocks,6,,3,train,160696344,160696344,0
Puppyluvcouture,7,,3,train,160696344,160696344,0
Ninner2009,7,,3,train,160696344,160696344,0
Div3rse,7,,5,train,160696344,160696344,0
Xtinlim,7,,5,train,160696344,160696344,0
kristennnk,7,,3,train,160696344,160696344,0
tipaow,7,,4,train,160696344,160696344,0
fafsruiz,7,,7,train,160696344,160696344,0
talon03echomike,7,,3,train,160696344,160696344,0
AbsoluteValue,7,,4,train,160696344,160696344,0
tjfreemanjr,7,,3,train,160696344,160696344,0
AlexandraPadron,7,,3,train,160696344,160696344,0
BMFarrell,7,,3,train,160696344,160696344,0
xkacieee,7,,20,train,160696344,160696344,2415213930
StraitJigg,7,,13,train,160696344,160696344,2415213930
izabelll,7,,3,train,160696344,160696344,0
NetanyaCohen,7,,6,train,160696344,160696344,0
courtneykaz,7,,4,train,160696344,160696344,0
JustMelly,7,,33,train,160696344,160696344,4830427860
cheekygirlie,7,,3,train,160696344,160696344,0
arocks,7,,3,train,160696344,160696344,0
Puppyluvcouture,8,,3,train,160696344,160696344,0
Ninner2009,8,,3,train,160696344,160696344,0
Div3rse,8,,5,train,160696344,160696344,0
Xtinlim,8,,5,train,160696344,160696344,0
kristennnk,8,,3,train,160696344,160696344,0
tipaow,8,,4,train,160696344,160696344,0
fafsruiz,8,,7,train,160696344,160696344,0
talon03echomike,8,,3,train,160696344,160696344,0
AbsoluteValue,8,,4,train,160696344,160696344,0
tjfreemanjr,8,,3,train,160696344,160696344,0
AlexandraPadron,8,,3,train,160696344,160696344,0
BMFarrell,8,,3,train,160696344,160696344,0
xkacieee,8,,20,train,160696344,160696344,2415213930
StraitJigg,8,,13,train,160696344,160696344,2415213930
izabelll,8,,3,train,160696344,160696344,0
NetanyaCohen,8,,6,train,160696344,160696344,0
courtneykaz,8,,4,train,160696344,160696344,0
JustMelly,8,,33,train,160696344,160696344,4830427860
cheekygirlie,8,,3,train,160696344,160696344,0
arocks,8,,3,train,160696344,160696344,0
Puppyluvcouture,9,,3,train,160696344,160696344,0
Ninner2009,9,,3,train,160696344,160696344,0
Div3rse,9,,5,train,160696344,160696344,0
Xtinlim,9,,5,train,160696344,160696344,0
kristennnk,9,,3,train,160696344,160696344,0
tipaow,9,,4,train,160696344,160696344,0
fafsruiz,9,,7,train,160696344,160696344,0
talon03echomike,9,,3,train,160696344,160696344,0
AbsoluteValue,9,,4,train,160696344,160696344,0
tjfreemanjr,9,,3,train,160696344,160696344,0
AlexandraPadron,9,,3,train,160696344,160696344,0
BMFarrell,9,,3,train,160696344,160696344,0
xkacieee,9,,20,train,160696344,160696344,2415213930
StraitJigg,9,,13,train,160696344,160696344,2415213930
izabelll,9,,3,train,160696344,160696344,0
NetanyaCohen,9,,6,train,160696344,160696344,0
courtneykaz,9,,4,train,160696344,160696344,0
JustMelly,9,,33,train,160696344,160696344,4830427860
cheekygirlie,9,,3,train,160696344,160696344,0
arocks,9,,3,train,160696344,160696344,0
Puppyluvcouture,10,,3,train,160696344,160696344,0
Ninner2009,10,,3,train,160696344,160696344,0
Div3rse,10,,5,train,160696344,160696344,0
Xtinlim,10,,5,train,160696344,160696344,0
kristennnk,10,,3,train,160696344,160696344,0
tipaow,10,,4,train,160696344,160696344,0
fafsruiz,10,,7,train,160696344,160696344,0
talon03echomike,10,,3,train,160696344,160696344,0
AbsoluteValue,10,,4,train,160696344,160696344,0
tjfreemanjr,10,,3,train,160696344,160696344,0
AlexandraPadron,10,,3,train,160696344,160696344,0
BMFarrell,10,,3,train,160696344,160696344,0
xkacieee,10,,20,train,160696344,160696344,2415213930
StraitJigg,10,,13,train,160696344,160696344,2415213930
izabelll,10,,3,train,160696344,160696344,0
NetanyaCohen,10,,6,train,160696344,160696344,0
courtneykaz,10,,4,train,160696344,160696344,0
JustMelly,10,,33,train,160696344,160696344,4830427860
cheekygirlie,10,,3,train,160696344,160696344,0
arocks,10,,3,train,160696344,160696344,0
Puppyluvcouture,11,,3,train,160696344,160696344,0
Ninner2009,11,,3,train,160696344,160696344,0
Div3rse,11,,5,train,160696344,160696344,0
Xtinlim,11,,5,train,160696344,160696344,0
kristennnk,11,,3,train,160696344,160696344,0
tipaow,11,,4,train,160696344,160696344,0
fafsruiz,11,,7,train,160696344,160696344,0
talon03echomike,11,,3,train,160696344,160696344,0
AbsoluteValue,11,,4,train,160696344,160696344,0
tjfreemanjr,11,,3,train,160696344,160696344,0
AlexandraPadron,11,,3,train,160696344,160696344,0
BMFarrell,11,,3,train,160696344,160696344,0
xkacieee,11,,20,train,160696344,160696344,2415213930
StraitJigg,11,,13,train,160696344,160696344,2415213930
izabelll,11,,3,train,160696344,160696344,0
NetanyaCohen,11,,6,train,160696344,160696344,0
courtneykaz,11,,4,train,160696344,160696344,0
JustMelly,11,,33,train,160696344,160696344,4830427860
cheekygirlie,11,,3,train,160696344,160696344,0
arocks,11,,3,train,160696344,160696344,0
Puppyluvcouture,12,,3,train,160696344,160696344,0
Ninner2009,12,,3,train,160696344,160696344,0
Div3rse,12,,5,train,160696344,160696344,0
Xtinlim,12,,5,train,160696344,160696344,0
kristennnk,12,,3,train,160696344,160696344,0
tipaow,12,,4,train,160696344,160696344,0
fafsruiz,12,,7,train,160696344,160696344,0
talon03echomike,12,,3,train,160696344,160696344,0
AbsoluteValue,12,,4,train,160696344,160696344,0
tjfreemanjr,12,,3,train,160696344,160696344,0
AlexandraPadron,12,,3,train,160696344,160696344,0
BMFarrell,12,,3,train,160696344,160696344,0
xkacieee,12,,20,train,160696344,160696344,2415213930
StraitJigg,12,,13,train,160696344,160696344,2415213930
izabelll,12,,3,train,160696344,160696344,0
NetanyaCohen,12,,6,train,160696344,160696344,0
courtneykaz,12,,4,train,160696344,160696344,0
JustMelly,12,,33,train,160696344,160696344,4830427860
cheekygirlie,12,,3,train,160696344,160696344,0
arocks,12,,3,train,160696344,160696344,0
Puppyluvcouture,13,,3,train,160696344,160696344,0
Ninner2009,13,,3,train,160696344,160696344,0
Div3rse,13,,5,train,160696344,160696344,0
Xtinlim,13,,5,train,160696344,160696344,0
kristennnk,13,,3,train,160696344,160696344,0
tipaow,13,,4,train,160696344,160696344,0
fafsruiz,13,,7,train,160696344,160696344,0
talon03echomike,13,,3,train,160696344,160696344,0
AbsoluteValue,13,,4,train,160696344,160696344,0
tjfreemanjr,13,,3,train,160696344,160696344,0
AlexandraPadron,13,,3,train,160696344,160696344,0
BMFarrell,13,,3,train,160696344,160696344,0
xkacieee,13,,20,train,160696344,160696344,2415213930
StraitJigg,13,,13,train,160696344,160696344,2415213930
izabelll,13,,3,train,160696344,160696344,0
NetanyaCohen,13,,6,train,160696344,160696344,0
courtneykaz,13,,4,train,160696344,160696344,0
JustMelly,13,,33,train,160696344,160696344,4830427860
cheekygirlie,13,,3,train,160696344,160696344,0
arocks,13,,3,train,160696344,160696344,0
Puppyluvcouture,14,,3,train,160696344,160696344,0
Ninner2009,14,,3,train,160696344,160696344,0
Div3rse,14,,5,train,160696344,160696344,0
Xtinlim,14,,5,train,160696344,160696344,0
kristennnk,14,,3,train,160696344,160696344,0
tipaow,14,,4,train,160696344,160696344,0
fafsruiz,14,,7,train,160696344,160696344,0
talon03echomike,14,,3,train,160696344,160696344,0
AbsoluteValue,14,,4,train,160696344,160696344,0
tjfreemanjr,14,,3,train,160696344,160696344,0
AlexandraPadron,14,,3,train,160696344,160696344,0
BMFarrell,14,,3,train,160696344,160696344,0
xkacieee,14,,20,train,160696344,160696344,2415213930
StraitJigg,14,,13,train,160696344,160696344,2415213930
izabelll,14,,3,train,160696344,160696344,0
NetanyaCohen,14,,6,train,160696344,160696344,0
courtneykaz,14,,4,train,160696344,160696344,0
JustMelly,14,,33,train,160696344,160696344,4830427860
cheekygirlie,14,,3,train,160696344,160696344,0
arocks,14,,3,train,160696344,160696344,0
Puppyluvcouture,15,,3,train,160696344,160696344,0
Ninner2009,15,,3,train,160696344,160696344,0
Div3rse,15,,5,train,160696344,160696344,0
Xtinlim,15,,5,train,160696344,160696344,0
kristennnk,15,,3,train,160696344,160696344,0
tipaow,15,,4,train,160696344,160696344,0
fafsruiz,15,,7,train,160696344,160696344,0
talon03echomike,15,,3,train,160696344,160696344,0
AbsoluteValue,15,,4,train,160696344,160696344,0
tjfreemanjr,15,,3,train,160696344,160696344,0
AlexandraPadron,15,,3,train,160696344,160696344,0
BMFarrell,15,,3,train,160696344,160696344,0
xkacieee,15,,20,train,160696344,160696344,2415213930
StraitJigg,15,,13,train,160696344,160696344,2415213930
izabelll,15,,3,train,160696344,160696344,0
NetanyaCohen,15,,6,train,160696344,160696344,0
courtneykaz,15,,4,train,160696344,160696344,0
JustMelly,15,,33,train,160696344,160696344,4830427860
cheekygirlie,15,,3,train,160696344,160696344,0
arocks,15,,3,train,160696344,160696344,0
Puppyluvcouture,16,,3,train,160696344,160696344,0
Ninner2009,16,,3,train,160696344,160696344,0
Div3rse,16,,5,train,160696344,160696344,0
Xtinlim,16,,5,train,160696344,160696344,0
kristennnk,16,,3,train,160696344,160696344,0
tipaow,16,,4,train,160696344,160696344,0
fafsruiz,16,,7,train,160696344,160696344,0
talon03echomike,16,,3,train,160696344,160696344,0
AbsoluteValue,16,,4,train,160696344,160696344,0
tjfreemanjr,16,,3,train,160696344,160696344,0
AlexandraPadron,16,,3,train,160696344,160696344,0
BMFarrell,16,,3,train,160696344,160696344,0
xkacieee,16,,20,train,160696344,160696344,2415213930
StraitJigg,16,,13,train,160696344,160696344,2415213930
izabelll,16,,3,train,160696344,160696344,0
NetanyaCohen,16,,6,train,160696344,160696344,0
courtneykaz,16,,4,train,160696344,160696344,0
JustMelly,16,,33,train,160696344,160696344,4830427860
cheekygirlie,16,,3,train,160696344,160696344,0
arocks,16,,3,train,160696344,160696344,0
Puppyluvcouture,17,,3,train,160696344,160696344,0
Ninner2009,17,,3,train,160696344,160696344,0
Div3rse,17,,5,train,160696344,160696344,0
Xtinlim,17,,5,train,160696344,160696344,0
kristennnk,17,,3,train,160696344,160696344,0
tipaow,17,,4,train,160696344,160696344,0
fafsruiz,17,,7,train,160696344,160696344,0
talon03echomike,17,,3,train,160696344,160696344,0
AbsoluteValue,17,,4,train,160696344,160696344,0
tjfreemanjr,17,,3,train,160696344,160696344,0
AlexandraPadron,17,,3,train,160696344,160696344,0
BMFarrell,17,,3,train,160696344,160696344,0
xkacieee,17,,20,train,160696344,160696344,2415213930
StraitJigg,17,,13,train,160696344,160696344,2415213930
izabelll,17,,3,train,160696344,160696344,0
NetanyaCohen,17,,6,train,160696344,160696344,0
courtneykaz,17,,4,train,160696344,160696344,0
JustMelly,17,,33,train,160696344,160696344,4830427860
cheekygirlie,17,,3,train,160696344,160696344,0
arocks,17,,3,train,160696344,160696344,0
Puppyluvcouture,18,,3,train,160696344,160696344,0
Ninner2009,18,,3,train,160696344,160696344,0
Div3rse,18,,5,train,160696344,160696344,0
Xtinlim,18,,5,train,160696344,160696344,0
kristennnk,18,,3,train,160696344,160696344,0
tipaow,18,,4,train,160696344,160696344,0
fafsruiz,18,,7,train,160696344,160696344,0
talon03echomike,18,,3,train,160696344,160696344,0
AbsoluteValue,18,,4,train,160696344,160696344,0
tjfreemanjr,18,,3,train,160696344,160696344,0
AlexandraPadron,18,,3,train,160696344,160696344,0
BMFarrell,18,,3,train,160696344,160696344,0
xkacieee,18,,20,train,160696344,160696344,2415213930
StraitJigg,18,,13,train,160696344,160696344,2415213930
izabelll,18,,3,train,160696344,160696344,0
NetanyaCohen,18,,6,train,160696344,160696344,0
courtneykaz,18,,4,train,160696344,160696344,0
JustMelly,18,,33,train,160696344,160696344,4830427860
cheekygirlie,18,,3,train,160696344,160696344,0
arocks,18,,3,train,160696344,160696344,0
Puppyluvcouture,19,,3,train,160696344,160696344,0
Ninner2009,19,,3,train,160696344,160696344,0
Div3rse,19,,5,train,160696344,160696344,0
Xtinlim,19,,5,train,160696344,160696344,0
kristennnk,19,,3,train,160696344,160696344,0
tipaow,19,,4,train,160696344,160696344,0
fafsruiz,19,,7,train,160696344,160696344,0
talon03echomike,19,,3,train,160696344,160696344,0
AbsoluteValue,19,,4,train,160696344,160696344,0
tjfreemanjr,19,,3,train,160696344,160696344,0
AlexandraPadron,19,,3,train,160696344,160696344,0
BMFarrell,19,,3,train,160696344,160696344,0
xkacieee,19,,20,train,160696344,160696344,2415213930
StraitJigg,19,,13,train,160696344,160696344,2415213930
izabelll,19,,3,train,160696344,160696344,0
NetanyaCohen,19,,6,train,160696344,160696344,0
courtneykaz,19,,4,train,160696344,160696344,0
JustMelly,19,,33,train,160696344,160696344,4830427860
cheekygirlie,19,,3,train,160696344,160696344,0
arocks,19,,3,train,160696344,160696344,0
Puppyluvcouture,20,,3,train,160696344,160696344,0
Ninner2009,20,,3,train,160696344,160696344,0
Div3rse,20,,5,train,160696344,160696344,0
Xtinlim,20,,5,train,160696344,160696344,0
kristennnk,20,,3,train,160696344,160696344,0
tipaow,20,,4,train,160696344,160696344,0
fafsruiz,20,,7,train,160696344,160696344,0
talon03echomike,20,,3,train,160696344,160696344,0
AbsoluteValue,20,,4,train,160696344,160696344,0
tjfreemanjr,20,,3,train,160696344,160696344,0
AlexandraPadron,20,,3,train,160696344,160696344,0
BMFarrell,20,,3,train,160696344,160696344,0
xkacieee,20,,20,train,160696344,160696344,2415213930
StraitJigg,20,,13,train,160696344,160696344,2415213930
izabelll,20,,3,train,160696344,160696344,0
NetanyaCohen,20,,6,train,160696344,160696344,0
courtneykaz,20,,4,train,160696344,160696344,0
JustMelly,20,,33,train,160696344,160696344,4830427860
cheekygirlie,20,,3,train,160696344,160696344,0
arocks,20,,3,train,160696344,160696344,0
Puppyluvcouture,21,,3,train,160696344,160696344,0
Ninner2009,21,,3,train,160696344,160696344,0
Div3rse,21,,5,train,160696344,160696344,0
Xtinlim,21,,5,train,160696344,160696344,0
kristennnk,21,,3,train,160696344,160696344,0
tipaow,21,,4,train,160696344,160696344,0
fafsruiz,21,,7,train,160696344,160696344,0
talon03echomike,21,,3,train,160696344,160696344,0
AbsoluteValue,21,,4,train,160696344,160696344,0
tjfreemanjr,21,,3,train,160696344,160696344,0
AlexandraPadron,21,,3,train,160696344,160696344,0
BMFarrell,21,,3,train,160696344,160696344,0
xkacieee,21,,20,train,160696344,160696344,2415213930
StraitJigg,21,,13,train,160696344,160696344,2415213930
izabelll,21,,3,train,160696344,160696344,0
NetanyaCohen,21,,6,train,160696344,160696344,0
courtneykaz,21,,4,train,160696344,160696344,0
JustMelly,21,,33,train,160696344,160696344,4830427860
cheekygirlie,21,,3,train,160696344,160696344,0
arocks,21,,3,train,160696344,160696344,0
Puppyluvcouture,22,,3,train,160696344,160696344,0
Ninner2009,22,,3,train,160696344,160696344,0
Div3rse,22,,5,train,160696344,160696344,0
Xtinlim,22,,5,train,160696344,160696344,0
kristennnk,22,,3,train,160696344,160696344,0
tipaow,22,,4,train,160696344,160696344,0
fafsruiz,22,,7,train,160696344,160696344,0
talon03echomike,22,,3,train,160696344,160696344,0
AbsoluteValue,22,,4,train,160696344,160696344,0
tjfreemanjr,22,,3,train,160696344,160696344,0
AlexandraPadron,22,,3,train,160696344,160696344,0
BMFarrell,22,,3,train,160696344,160696344,0
xkacieee,22,,20,train,160696344,160696344,2415213930
StraitJigg,22,,13,train,160696344,160696344,2415213930
izabelll,22,,3,train,160696344,160696344,0
NetanyaCohen,22,,6,train,160696344,160696344,0
courtneykaz,22,,4,train,160696344,160696344,0
JustMelly,22,,33,train,160696344,160696344,4830427860
cheekygirlie,22,,3,train,160696344,160696344,0
arocks,22,,3,train,160696344,160696344,0
Puppyluvcouture,23,,3,train,160696344,160696344,0
Ninner2009,23,,3,train,160696344,160696344,0
Div3rse,23,,5,train,160696344,160696344,0
Xtinlim,23,,5,train,160696344,160696344,0
kristennnk,23,,3,train,160696344,160696344,0
tipaow,23,,4,train,160696344,160696344,0
fafsruiz,23,,7,train,160696344,160696344,0
talon03echomike,23,,3,train,160696344,160696344,0
AbsoluteValue,23,,4,train,160696344,160696344,0
tjfreemanjr,23,,3,train,160696344,160696344,0
AlexandraPadron,23,,3,train,160696344,160696344,0
BMFarrell,23,,3,train,160696344,160696344,0
xkacieee,23,,20,train,160696344,160696344,2415213930
StraitJigg,23,,13,train,160696344,160696344,2415213930
izabelll,23,,3,train,160696344,160696344,0
NetanyaCohen,23,,6,train,160696344,160696344,0
courtneykaz,23,,4,train,160696344,160696344,0
JustMelly,23,,33,train,160696344,160696344,4830427860
cheekygirlie,23,,3,train,160696344,160696344,0
arocks,23,,3,train,160696344,160696344,0
Puppyluvcouture,24,,3,train,160696344,160696344,0
Ninner2009,24,,3,train,160696344,160696344,0
Div3rse,24,,5,train,160696344,160696344,0
Xtinlim,24,,5,train,160696344,160696344,0
kristennnk,24,,3,train,160696344,160696344,0
tipaow,24,,4,train,160696344,160696344,0
fafsruiz,24,,7,train,160696344,160696344,0
talon03echomike,24,,3,train,160696344,160696344,0
AbsoluteValue,24,,4,train,160696344,160696344,0
tjfreemanjr,24,,3,train,160696344,160696344,0
AlexandraPadron,24,,3,train,160696344,160696344,0
BMFarrell,24,,3,train,160696344,160696344,0
xkacieee,24,,20,train,160696344,160696344,2415213930
StraitJigg,24,,13,train,160696344,160696344,2415213930
izabelll,24,,3,train,160696344,160696344,0
NetanyaCohen,24,,6,train,160696344,160696344,0
courtneykaz,24,,4,train,160696344,160696344,0
JustMelly,24,,33,train,160696344,160696344,4830427860
cheekygirlie,24,,3,train,160696344,160696344,0
arocks,24,,3,train,160696344,160696344,0
Puppyluvcouture,25,,3,train,160696344,160696344,0
Ninner2009,25,,3,train,160696344,160696344,0
Div3rse,25,,5,train,160696344,160696344,0
Xtinlim,25,,5,train,160696344,160696344,0
kristennnk,25,,3,train,160696344,160696344,0
tipaow,25,,4,train,160696344,160696344,0
fafsruiz,25,,7,train,160696344,160696344,0
talon03echomike,25,,3,train,160696344,160696344,0
AbsoluteValue,25,,4,train,160696344,160696344,0
tjfreemanjr,25,,3,train,160696344,160696344,0
AlexandraPadron,25,,3,train,160696344,160696344,0
BMFarrell,25,,3,train,160696344,160696344,0
xkacieee,25,,20,train,160696344,160696344,2415213930
StraitJigg,25,,13,train,160696344,160696344,2415213930
izabelll,25,,3,train,160696344,160696344,0
NetanyaCohen,25,,6,train,160696344,160696344,0
courtneykaz,25,,4,train,160696344,160696344,0
JustMelly,25,,33,train,160696344,160696344,4830427860
cheekygirlie,25,,3,train,160696344,160696344,0
arocks,25,,3,train,160696344,160696344,0
Puppyluvcouture,26,,3,train,160696344,160696344,0
Ninner2009,26,,3,train,160696344,160696344,0
Div3rse,26,,5,train,160696344,160696344,0
Xtinlim,26,,5,train,160696344,160696344,0
kristennnk,26,,3,train,160696344,160696344,0
tipaow,26,,4,train,160696344,160696344,0
fafsruiz,26,,7,train,160696344,160696344,0
talon03echomike,26,,3,train,160696344,160696344,0
AbsoluteValue,26,,4,train,160696344,160696344,0
tjfreemanjr,26,,3,train,160696344,160696344,0
AlexandraPadron,26,,3,train,160696344,160696344,0
BMFarrell,26,,3,train,160696344,160696344,0
xkacieee,26,,20,train,160696344,160696344,2415213930
StraitJigg,26,,13,train,160696344,160696344,2415213930
izabelll,26,,3,train,160696344,160696344,0
NetanyaCohen,26,,6,train,160696344,160696344,0
courtneykaz,26,,4,train,160696344,160696344,0
JustMelly,26,,33,train,160696344,160696344,4830427860
cheekygirlie,26,,3,train,160696344,160696344,0
arocks,26,,3,train,160696344,160696344,0
Puppyluvcouture,27,,3,train,160696344,160696344,0
Ninner2009,27,,3,train,160696344,160696344,0
Div3rse,27,,5,train,160696344,160696344,0
Xtinlim,27,,5,train,160696344,160696344,0
kristennnk,27,,3,train,160696344,160696344,0
tipaow,27,,4,train,160696344,160696344,0
fafsruiz,27,,7,train,160696344,160696344,0
talon03echomike,27,,3,train,160696344,160696344,0
AbsoluteValue,27,,4,train,160696344,160696344,0
tjfreemanjr,27,,3,train,160696344,160696344,0
AlexandraPadron,27,,3,train,160696344,160696344,0
BMFarrell,27,,3,train,160696344,160696344,0
xkacieee,27,,20,train,160696344,160696344,2415213930
StraitJigg,27,,13,train,160696344,160696344,2415213930
izabelll,27,,3,train,160696344,160696344,0
NetanyaCohen,27,,6,train,160696344,160696344,0
courtneykaz,27,,4,train,160696344,160696344,0
JustMelly,27,,33,train,160696344,160696344,4830427860
cheekygirlie,27,,3,train,160696344,160696344,0
arocks,27,,3,train,160696344,160696344,0
Puppyluvcouture,28,,3,train,160696344,160696344,0
Ninner2009,28,,3,train,160696344,160696344,0
Div3rse,28,,5,train,160696344,160696344,0
Xtinlim,28,,5,train,160696344,160696344,0
kristennnk,28,,3,train,160696344,160696344,0
tipaow,28,,4,train,160696344,160696344,0
fafsruiz,28,,7,train,160696344,160696344,0
talon03echomike,28,,3,train,160696344,160696344,0
AbsoluteValue,28,,4,train,160696344,160696344,0
tjfreemanjr,28,,3,train,160696344,160696344,0
AlexandraPadron,28,,3,train,160696344,160696344,0
BMFarrell,28,,3,train,160696344,160696344,0
xkacieee,28,,20,train,160696344,160696344,2415213930
StraitJigg,28,,13,train,160696344,160696344,2415213930
izabelll,28,,3,train,160696344,160696344,0
NetanyaCohen,28,,6,train,160696344,160696344,0
courtneykaz,28,,4,train,160696344,160696344,0
JustMelly,28,,33,train,160696344,160696344,4830427860
cheekygirlie,28,,3,train,160696344,160696344,0
arocks,28,,3,train,160696344,160696344,0
Puppyluvcouture,29,,3,train,160696344,160696344,0
Ninner2009,29,,3,train,160696344,160696344,0
Div3rse,29,,5,train,160696344,160696344,0
Xtinlim,29,,5,train,160696344,160696344,0
kristennnk,29,,3,train,160696344,160696344,0
tipaow,29,,4,train,160696344,160696344,0
fafsruiz,29,,7,train,160696344,160696344,0
talon03echomike,29,,3,train,160696344,160696344,0
AbsoluteValue,29,,4,train,160696344,160696344,0
tjfreemanjr,29,,3,train,160696344,160696344,0
AlexandraPadron,29,,3,train,160696344,160696344,0
BMFarrell,29,,3,train,160696344,160696344,0
xkacieee,29,,20,train,160696344,160696344,2415213930
StraitJigg,29,,13,train,160696344,160696344,2415213930
izabelll,29,,3,train,160696344,160696344,0
NetanyaCohen,29,,6,train,160696344,160696344,0
courtneykaz,29,,4,train,160696344,160696344,0
JustMelly,29,,33,train,160696344,160696344,4830427860
cheekygirlie,29,,3,train,160696344,160696344,0
arocks,29,,3,train,160696344,160696344,0
Puppyluvcouture,30,,3,train,160696344,160696344,0
Ninner2009,30,,3,train,160696344,160696344,0
Div3rse,30,,5,train,160696344,160696344,0
Xtinlim,30,,5,train,160696344,160696344,0
kristennnk,30,,3,train,160696344,160696344,0
tipaow,30,,4,train,160696344,160696344,0
fafsruiz,30,,7,train,160696344,160696344,0
talon03echomike,30,,3,train,160696344,160696344,0
AbsoluteValue,30,,4,train,160696344,160696344,0
tjfreemanjr,30,,3,train,160696344,160696344,0
AlexandraPadron,30,,3,train,160696344,160696344,0
BMFarrell,30,,3,train,160696344,160696344,0
xkacieee,30,,20,train,160696344,160696344,2415213930
StraitJigg,30,,13,train,160696344,160696344,2415213930
izabelll,30,,3,train,160696344,160696344,0
NetanyaCohen,30,,6,train,160696344,160696344,0
courtneykaz,30,,4,train,160696344,160696344,0
JustMelly,30,,33,train,160696344,160696344,4830427860
cheekygirlie,30,,3,train,160696344,160696344,0
arocks,30,,3,train,160696344,160696344,0
Puppyluvcouture,31,,3,train,160696344,160696344,0
Ninner2009,31,,3,train,160696344,160696344,0
Div3rse,31,,5,train,160696344,160696344,0
Xtinlim,31,,5,train,160696344,160696344,0
kristennnk,31,,3,train,160696344,160696344,0
tipaow,31,,4,train,160696344,160696344,0
fafsruiz,31,,7,train,160696344,160696344,0
talon03echomike,31,,3,train,160696344,160696344,0
AbsoluteValue,31,,4,train,160696344,160696344,0
tjfreemanjr,31,,3,train,160696344,160696344,0
AlexandraPadron,31,,3,train,160696344,160696344,0
BMFarrell,31,,3,train,160696344,160696344,0
xkacieee,31,,20,train,160696344,160696344,2415213930
StraitJigg,31,,13,train,160696344,160696344,2415213930
izabelll,31,,3,train,160696344,160696344,0
NetanyaCohen,31,,6,train,160696344,160696344,0
courtneykaz,31,,4,train,160696344,160696344,0
JustMelly,31,,33,train,160696344,160696344,4830427860
cheekygirlie,31,,3,train,160696344,160696344,0
arocks,31,,3,train,160696344,160696344,0
Puppyluvcouture,32,,3,train,160696344,160696344,0
Ninner2009,32,,3,train,160696344,160696344,0
Div3rse,32,,5,train,160696344,160696344,0
Xtinlim,32,,5,train,160696344,160696344,0
kristennnk,32,,3,train,160696344,160696344,0
tipaow,32,,4,train,160696344,160696344,0
fafsruiz,32,,7,train,160696344,160696344,0
talon03echomike,32,,3,train,160696344,160696344,0
AbsoluteValue,32,,4,train,160696344,160696344,0
tjfreemanjr,32,,3,train,160696344,160696344,0
AlexandraPadron,32,,3,train,160696344,160696344,0
BMFarrell,32,,3,train,160696344,160696344,0
xkacieee,32,,20,train,160696344,160696344,2415213930
StraitJigg,32,,13,train,160696344,160696344,2415213930
izabelll,32,,3,train,160696344,160696344,0
NetanyaCohen,32,,6,train,160696344,160696344,0
courtneykaz,32,,4,train,160696344,160696344,0
JustMelly,32,,33,train,160696344,160696344,4830427860
cheekygirlie,32,,3,train,160696344,160696344,0
arocks,32,,3,train,160696344,160696344,0
Puppyluvcouture,33,,3,train,160696344,160696344,0
Ninner2009,33,,3,train,160696344,160696344,0
Div3rse,33,,5,train,160696344,160696344,0
Xtinlim,33,,5,train,160696344,160696344,0
kristennnk,33,,3,train,160696344,160696344,0
tipaow,33,,4,train,160696344,160696344,0
fafsruiz,33,,7,train,160696344,160696344,0
talon03echomike,33,,3,train,160696344,160696344,0
AbsoluteValue,33,,4,train,160696344,160696344,0
tjfreemanjr,33,,3,train,160696344,160696344,0
AlexandraPadron,33,,3,train,160696344,160696344,0
BMFarrell,33,,3,train,160696344,160696344,0
xkacieee,33,,20,train,160696344,160696344,2415213930
StraitJigg,33,,13,train,160696344,160696344,2415213930
izabelll,33,,3,train,160696344,160696344,0
NetanyaCohen,33,,6,train,160696344,160696344,0
courtneykaz,33,,4,train,160696344,160696344,0
JustMelly,33,,33,train,160696344,160696344,4830427860
cheekygirlie,33,,3,train,160696344,160696344,0
arocks,33,,3,train,160696344,160696344,0
Puppyluvcouture,34,,3,train,160696344,160696344,0
Ninner2009,34,,3,train,160696344,160696344,0
Div3rse,34,,5,train,160696344,160696344,0
Xtinlim,34,,5,train,160696344,160696344,0
kristennnk,34,,3,train,160696344,160696344,0
tipaow,34,,4,train,160696344,160696344,0
fafsruiz,34,,7,train,160696344,160696344,0
talon03echomike,34,,3,train,160696344,160696344,0
AbsoluteValue,34,,4,train,160696344,160696344,0
tjfreemanjr,34,,3,train,160696344,160696344,0
AlexandraPadron,34,,3,train,160696344,160696344,0
BMFarrell,34,,3,train,160696344,160696344,0
xkacieee,34,,20,train,160696344,160696344,2415213930
StraitJigg,34,,13,train,160696344,160696344,2415213930
izabelll,34,,3,train,160696344,160696344,0
NetanyaCohen,34,,6,train,160696344,160696344,0
courtneykaz,34,,4,train,160696344,160696344,0
JustMelly,34,,33,train,160696344,160696344,4830427860
cheekygirlie,34,,3,train,160696344,160696344,0
arocks,34,,3,train,160696344,160696344,0
Puppyluvcouture,35,,3,train,160696344,160696344,0
Ninner2009,35,,3,train,160696344,160696344,0
Div3rse,35,,5,train,160696344,160696344,0
Xtinlim,35,,5,train,160696344,160696344,0
kristennnk,35,,3,train,160696344,160696344,0
tipaow,35,,4,train,160696344,160696344,0
fafsruiz,35,,7,train,160696344,160696344,0
talon03echomike,35,,3,train,160696344,160696344,0
AbsoluteValue,35,,4,train,160696344,160696344,0
tjfreemanjr,35,,3,train,160696344,160696344,0
AlexandraPadron,35,,3,train,160696344,160696344,0
BMFarrell,35,,3,train,160696344,160696344,0
xkacieee,35,,20,train,160696344,160696344,2415213930
StraitJigg,35,,13,train,160696344,160696344,2415213930
izabelll,35,,3,train,160696344,160696344,0
NetanyaCohen,35,,6,train,160696344,160696344,0
courtneykaz,35,,4,train,160696344,160696344,0
JustMelly,35,,33,train,160696344,160696344,4830427860
cheekygirlie,35,,3,train,160696344,160696344,0
arocks,35,,3,train,160696344,160696344,0
Puppyluvcouture,36,,3,train,160696344,160696344,0
Ninner2009,36,,3,train,160696344,160696344,0
Div3rse,36,,5,train,160696344,160696344,0
Xtinlim,36,,5,train,160696344,160696344,0
kristennnk,36,,3,train,160696344,160696344,0
tipaow,36,,4,train,160696344,160696344,0
fafsruiz,36,,7,train,160696344,160696344,0
talon03echomike,36,,3,train,160696344,160696344,0
AbsoluteValue,36,,4,train,160696344,160696344,0
tjfreemanjr,36,,3,train,160696344,160696344,0
AlexandraPadron,36,,3,train,160696344,160696344,0
BMFarrell,36,,3,train,160696344,160696344,0
xkacieee,36,,20,train,160696344,160696344,2415213930
StraitJigg,36,,13,train,160696344,160696344,2415213930
izabelll,36,,3,train,160696344,160696344,0
NetanyaCohen,36,,6,train,160696344,160696344,0
courtneykaz,36,,4,train,160696344,160696344,0
JustMelly,36,,33,train,160696344,160696344,4830427860
cheekygirlie,36,,3,train,160696344,160696344,0
arocks,36,,3,train,160696344,160696344,0
Puppyluvcouture,37,,3,train,160696344,160696344,0
Ninner2009,37,,3,train,160696344,160696344,0
Div3rse,37,,5,train,160696344,160696344,0
Xtinlim,37,,5,train,160696344,160696344,0
kristennnk,37,,3,train,160696344,160696344,0
tipaow,37,,4,train,160696344,160696344,0
fafsruiz,37,,7,train,160696344,160696344,0
talon03echomike,37,,3,train,160696344,160696344,0
AbsoluteValue,37,,4,train,160696344,160696344,0
tjfreemanjr,37,,3,train,160696344,160696344,0
AlexandraPadron,37,,3,train,160696344,160696344,0
BMFarrell,37,,3,train,160696344,160696344,0
xkacieee,37,,20,train,160696344,160696344,2415213930
StraitJigg,37,,13,train,160696344,160696344,2415213930
izabelll,37,,3,train,160696344,160696344,0
NetanyaCohen,37,,6,train,160696344,160696344,0
courtneykaz,37,,4,train,160696344,160696344,0
JustMelly,37,,33,train,160696344,160696344,4830427860
cheekygirlie,37,,3,train,160696344,160696344,0
arocks,37,,3,train,160696344,160696344,0
Puppyluvcouture,38,,3,train,160696344,160696344,0
Ninner2009,38,,3,train,160696344,160696344,0
Div3rse,38,,5,train,160696344,160696344,0
Xtinlim,38,,5,train,160696344,160696344,0
kristennnk,38,,3,train,160696344,160696344,0
tipaow,38,,4,train,160696344,160696344,0
fafsruiz,38,,7,train,160696344,160696344,0
talon03echomike,38,,3,train,160696344,160696344,0
AbsoluteValue,38,,4,train,160696344,160696344,0
tjfreemanjr,38,,3,train,160696344,160696344,0
AlexandraPadron,38,,3,train,160696344,160696344,0
BMFarrell,38,,3,train,160696344,160696344,0
xkacieee,38,,20,train,160696344,160696344,2415213930
StraitJigg,38,,13,train,160696344,160696344,2415213930
izabelll,38,,3,train,160696344,160696344,0
NetanyaCohen,38,,6,train,160696344,160696344,0
courtneykaz,38,,4,train,160696344,160696344,0
JustMelly,38,,33,train,160696344,160696344,4830427860
cheekygirlie,38,,3,train,160696344,160696344,0
arocks,38,,3,train,160696344,160696344,0
Puppyluvcouture,39,,3,train,160696344,160696344,0
Ninner2009,39,,3,train,160696344,160696344,0
Div3rse,39,,5,train,160696344,160696344,0
Xtinlim,39,,5,train,160696344,160696344,0
kristennnk,39,,3,train,160696344,160696344,0
tipaow,39,,4,train,160696344,160696344,0
fafsruiz,39,,7,train,160696344,160696344,0
talon03echomike,39,,3,train,160696344,160696344,0
AbsoluteValue,39,,4,train,160696344,160696344,0
tjfreemanjr,39,,3,train,160696344,160696344,0
AlexandraPadron,39,,3,train,160696344,160696344,0
BMFarrell,39,,3,train,160696344,160696344,0
xkacieee,39,,20,train,160696344,160696344,2415213930
StraitJigg,39,,13,train,160696344,160696344,2415213930
izabelll,39,,3,train,160696344,160696344,0
NetanyaCohen,39,,6,train,160696344,160696344,0
courtneykaz,39,,4,train,160696344,160696344,0
JustMelly,39,,33,train,160696344,160696344,4830427860
cheekygirlie,39,,3,train,160696344,160696344,0
arocks,39,,3,train,160696344,160696344,0
Puppyluvcouture,40,,3,train,160696344,160696344,0
Ninner2009,40,,3,train,160696344,160696344,0
Div3rse,40,,5,train,160696344,160696344,0
Xtinlim,40,,5,train,160696344,160696344,0
kristennnk,40,,3,train,160696344,160696344,0
tipaow,40,,4,train,160696344,160696344,0
fafsruiz,40,,7,train,160696344,160696344,0
talon03echomike,40,,3,train,160696344,160696344,0
AbsoluteValue,40,,4,train,160696344,160696344,0
tjfreemanjr,40,,3,train,160696344,160696344,0
AlexandraPadron,40,,3,train,160696344,160696344,0
BMFarrell,40,,3,train,160696344,160696344,0
xkacieee,40,,20,train,160696344,160696344,2415213930
StraitJigg,40,,13,train,160696344,160696344,2415213930
izabelll,40,,3,train,160696344,160696344,0
NetanyaCohen,40,,6,train,160696344,160696344,0
courtneykaz,40,,4,train,160696344,160696344,0
JustMelly,40,,33,train,160696344,160696344,4830427860
cheekygirlie,40,,3,train,160696344,160696344,0
arocks,40,,3,train,160696344,160696344,0
Puppyluvcouture,41,,3,train,160696344,160696344,0
Ninner2009,41,,3,train,160696344,160696344,0
Div3rse,41,,5,train,160696344,160696344,0
Xtinlim,41,,5,train,160696344,160696344,0
kristennnk,41,,3,train,160696344,160696344,0
tipaow,41,,4,train,160696344,160696344,0
fafsruiz,41,,7,train,160696344,160696344,0
talon03echomike,41,,3,train,160696344,160696344,0
AbsoluteValue,41,,4,train,160696344,160696344,0
tjfreemanjr,41,,3,train,160696344,160696344,0
AlexandraPadron,41,,3,train,160696344,160696344,0
BMFarrell,41,,3,train,160696344,160696344,0
xkacieee,41,,20,train,160696344,160696344,2415213930
StraitJigg,41,,13,train,160696344,160696344,2415213930
izabelll,41,,3,train,160696344,160696344,0
NetanyaCohen,41,,6,train,160696344,160696344,0
courtneykaz,41,,4,train,160696344,160696344,0
JustMelly,41,,33,train,160696344,160696344,4830427860
cheekygirlie,41,,3,train,160696344,160696344,0
arocks,41,,3,train,160696344,160696344,0
Puppyluvcouture,42,,3,train,160696344,160696344,0
Ninner2009,42,,3,train,160696344,160696344,0
Div3rse,42,,5,train,160696344,160696344,0
Xtinlim,42,,5,train,160696344,160696344,0
kristennnk,42,,3,train,160696344,160696344,0
tipaow,42,,4,train,160696344,160696344,0
fafsruiz,42,,7,train,160696344,160696344,0
talon03echomike,42,,3,train,160696344,160696344,0
AbsoluteValue,42,,4,train,160696344,160696344,0
tjfreemanjr,42,,3,train,160696344,160696344,0
AlexandraPadron,42,,3,train,160696344,160696344,0
BMFarrell,42,,3,train,160696344,160696344,0
xkacieee,42,,20,train,160696344,160696344,2415213930
StraitJigg,42,,13,train,160696344,160696344,2415213930
izabelll,42,,3,train,160696344,160696344,0
NetanyaCohen,42,,6,train,160696344,160696344,0
courtneykaz,42,,4,train,160696344,160696344,0
JustMelly,42,,33,train,160696344,160696344,4830427860
cheekygirlie,42,,3,train,160696344,160696344,0
arocks,42,,3,train,160696344,160696344,0
Puppyluvcouture,43,,3,train,160696344,160696344,0
Ninner2009,43,,3,train,160696344,160696344,0
Div3rse,43,,5,train,160696344,160696344,0
Xtinlim,43,,5,train,160696344,160696344,0
kristennnk,43,,3,train,160696344,160696344,0
tipaow,43,,4,train,160696344,160696344,0
fafsruiz,43,,7,train,160696344,160696344,0
talon03echomike,43,,3,train,160696344,160696344,0
AbsoluteValue,43,,4,train,160696344,160696344,0
tjfreemanjr,43,,3,train,160696344,160696344,0
AlexandraPadron,43,,3,train,160696344,160696344,0
BMFarrell,43,,3,train,160696344,160696344,0
xkacieee,43,,20,train,160696344,160696344,2415213930
StraitJigg,43,,13,train,160696344,160696344,2415213930
izabelll,43,,3,train,160696344,160696344,0
NetanyaCohen,43,,6,train,160696344,160696344,0
courtneykaz,43,,4,train,160696344,160696344,0
JustMelly,43,,33,train,160696344,160696344,4830427860
cheekygirlie,43,,3,train,160696344,160696344,0
arocks,43,,3,train,160696344,160696344,0
Puppyluvcouture,44,,3,train,160696344,160696344,0
Ninner2009,44,,3,train,160696344,160696344,0
Div3rse,44,,5,train,160696344,160696344,0
Xtinlim,44,,5,train,160696344,160696344,0
kristennnk,44,,3,train,160696344,160696344,0
tipaow,44,,4,train,160696344,160696344,0
fafsruiz,44,,7,train,160696344,160696344,0
talon03echomike,44,,3,train,160696344,160696344,0
AbsoluteValue,44,,4,train,160696344,160696344,0
tjfreemanjr,44,,3,train,160696344,160696344,0
AlexandraPadron,44,,3,train,160696344,160696344,0
BMFarrell,44,,3,train,160696344,160696344,0
xkacieee,44,,20,train,160696344,160696344,2415213930
StraitJigg,44,,13,train,160696344,160696344,2415213930
izabelll,44,,3,train,160696344,160696344,0
NetanyaCohen,44,,6,train,160696344,160696344,0
courtneykaz,44,,4,train,160696344,160696344,0
JustMelly,44,,33,train,160696344,160696344,4830427860
cheekygirlie,44,,3,train,160696344,160696344,0
arocks,44,,3,train,160696344,160696344,0
Puppyluvcouture,45,,3,train,160696344,160696344,0
Ninner2009,45,,3,train,160696344,160696344,0
Div3rse,45,,5,train,160696344,160696344,0
Xtinlim,45,,5,train,160696344,160696344,0
kristennnk,45,,3,train,160696344,160696344,0
tipaow,45,,4,train,160696344,160696344,0
fafsruiz,45,,7,train,160696344,160696344,0
talon03echomike,45,,3,train,160696344,160696344,0
AbsoluteValue,45,,4,train,160696344,160696344,0
tjfreemanjr,45,,3,train,160696344,160696344,0
AlexandraPadron,45,,3,train,160696344,160696344,0
BMFarrell,45,,3,train,160696344,160696344,0
xkacieee,45,,20,train,160696344,160696344,2415213930
StraitJigg,45,,13,train,160696344,160696344,2415213930
izabelll,45,,3,train,160696344,160696344,0
NetanyaCohen,45,,6,train,160696344,160696344,0
courtneykaz,45,,4,train,160696344,160696344,0
JustMelly,45,,33,train,160696344,160696344,4830427860
cheekygirlie,45,,3,train,160696344,160696344,0
arocks,45,,3,train,160696344,160696344,0
Puppyluvcouture,46,,3,train,160696344,160696344,0
Ninner2009,46,,3,train,160696344,160696344,0
Div3rse,46,,5,train,160696344,160696344,0
Xtinlim,46,,5,train,160696344,160696344,0
kristennnk,46,,3,train,160696344,160696344,0
tipaow,46,,4,train,160696344,160696344,0
fafsruiz,46,,7,train,160696344,160696344,0
talon03echomike,46,,3,train,160696344,160696344,0
AbsoluteValue,46,,4,train,160696344,160696344,0
tjfreemanjr,46,,3,train,160696344,160696344,0
AlexandraPadron,46,,3,train,160696344,160696344,0
BMFarrell,46,,3,train,160696344,160696344,0
xkacieee,46,,20,train,160696344,160696344,2415213930
StraitJigg,46,,13,train,160696344,160696344,2415213930
izabelll,46,,3,train,160696344,160696344,0
NetanyaCohen,46,,6,train,160696344,160696344,0
courtneykaz,46,,4,train,160696344,160696344,0
JustMelly,46,,33,train,160696344,160696344,4830427860
cheekygirlie,46,,3,train,160696344,160696344,0
arocks,46,,3,train,160696344,160696344,0
Puppyluvcouture,47,,3,train,160696344,160696344,0
Ninner2009,47,,3,train,160696344,160696344,0
Div3rse,47,,5,train,160696344,160696344,0
Xtinlim,47,,5,train,160696344,160696344,0
kristennnk,47,,3,train,160696344,160696344,0
tipaow,47,,4,train,160696344,160696344,0
fafsruiz,47,,7,train,160696344,160696344,0
talon03echomike,47,,3,train,160696344,160696344,0
AbsoluteValue,47,,4,train,160696344,160696344,0
tjfreemanjr,47,,3,train,160696344,160696344,0
AlexandraPadron,47,,3,train,160696344,160696344,0
BMFarrell,47,,3,train,160696344,160696344,0
xkacieee,47,,20,train,160696344,160696344,2415213930
StraitJigg,47,,13,train,160696344,160696344,2415213930
izabelll,47,,3,train,160696344,160696344,0
NetanyaCohen,47,,6,train,160696344,160696344,0
courtneykaz,47,,4,train,160696344,160696344,0
JustMelly,47,,33,train,160696344,160696344,4830427860
cheekygirlie,47,,3,train,160696344,160696344,0
arocks,47,,3,train,160696344,160696344,0
Puppyluvcouture,48,,3,train,160696344,160696344,0
Ninner2009,48,,3,train,160696344,160696344,0
Div3rse,48,,5,train,160696344,160696344,0
Xtinlim,48,,5,train,160696344,160696344,0
kristennnk,48,,3,train,160696344,160696344,0
tipaow,48,,4,train,160696344,160696344,0
fafsruiz,48,,7,train,160696344,160696344,0
talon03echomike,48,,3,train,160696344,160696344,0
AbsoluteValue,48,,4,train,160696344,160696344,0
tjfreemanjr,48,,3,train,160696344,160696344,0
AlexandraPadron,48,,3,train,160696344,160696344,0
BMFarrell,48,,3,train,160696344,160696344,0
xkacieee,48,,20,train,160696344,160696344,2415213930
StraitJigg,48,,13,train,160696344,160696344,2415213930
izabelll,48,,3,train,160696344,160696344,0
NetanyaCohen,48,,6,train,160696344,160696344,0
courtneykaz,48,,4,train,160696344,160696344,0
JustMelly,48,,33,train,160696344,160696344,4830427860
cheekygirlie,48,,3,train,160696344,160696344,0
arocks,48,,3,train,160696344,160696344,0
Puppyluvcouture,49,,3,train,160696344,160696344,0
Ninner2009,49,,3,train,160696344,160696344,0
Div3rse,49,,5,train,160696344,160696344,0
Xtinlim,49,,5,train,160696344,160696344,0
kristennnk,49,,3,train,160696344,160696344,0
tipaow,49,,4,train,160696344,160696344,0
fafsruiz,49,,7,train,160696344,160696344,0
talon03echomike,49,,3,train,160696344,160696344,0
AbsoluteValue,49,,4,train,160696344,160696344,0
tjfreemanjr,49,,3,train,160696344,160696344,0
AlexandraPadron,49,,3,train,160696344,160696344,0
BMFarrell,49,,3,train,160696344,160696344,0
xkacieee,49,,20,train,160696344,160696344,2415213930
StraitJigg,49,,13,train,160696344,160696344,2415213930
izabelll,49,,3,train,160696344,160696344,0
NetanyaCohen,49,,6,train,160696344,160696344,0
courtneykaz,49,,4,train,160696344,160696344,0
JustMelly,49,,33,train,160696344,160696344,4830427860
cheekygirlie,49,,3,train,160696344,160696344,0
arocks,49,,3,train,160696344,160696344,0
Puppyluvcouture,50,,3,train,160696344,160696344,0
Ninner2009,50,,3,train,160696344,160696344,0
Div3rse,50,,5,train,160696344,160696344,0
Xtinlim,50,,5,train,160696344,160696344,0
kristennnk,50,,3,train,160696344,160696344,0
tipaow,50,,4,train,160696344,160696344,0
fafsruiz,50,,7,train,160696344,160696344,0
talon03echomike,50,,3,train,160696344,160696344,0
AbsoluteValue,50,,4,train,160696344,160696344,0
tjfreemanjr,50,,3,train,160696344,160696344,0
AlexandraPadron,50,,3,train,160696344,160696344,0
BMFarrell,50,,3,train,160696344,160696344,0
xkacieee,50,,20,train,160696344,160696344,2415213930
StraitJigg,50,,13,train,160696344,160696344,2415213930
izabelll,50,,3,train,160696344,160696344,0
NetanyaCohen,50,,6,train,160696344,160696344,0
courtneykaz,50,,4,train,160696344,160696344,0
JustMelly,50,,33,train,160696344,160696344,4830427860
cheekygirlie,50,,3,train,160696344,160696344,0
arocks,50,,3,train,160696344,160696344,0
