993,1,,9,train,1220,1220,0
872,1,,20,train,1220,1220,18030
367,1,,90,train,1220,1220,144240
597,1,,1000,train,1220,1220,1622700
703,1,,16,train,1220,1220,18030
973,1,,92,train,1220,1220,144240
122,1,,47,train,1220,1220,72120
306,1,,5,train,1220,1220,0
374,1,,6,train,1220,1220,0
734,1,,1000,train,1220,1220,1622700
545,1,,210,train,1220,1220,324540
600,1,,6,train,1220,1220,0
804,1,,10,train,1220,1220,0
313,1,,23,train,1220,1220,36060
619,1,,11,train,1220,1220,0
148,1,,20,train,1220,1220,18030
914,1,,43,train,1220,1220,54090
256,1,,8,train,1220,1220,0
110,1,,186,train,1220,1220,288480
168,1,,71,train,1220,1220,108180
555,2,,75,train,1220,1220,108180
835,2,,20,train,1220,1220,18030
505,2,,58,train,1220,1220,90150
43,2,,23,train,1220,1220,36060
316,2,,143,train,1220,1220,216360
935,2,,12,train,1220,1220,18030
334,2,,6,train,1220,1220,0
828,2,,223,train,1220,1220,360600
385,2,,12,train,1220,1220,18030
142,2,,6,train,1220,1220,0
50,2,,157,train,1220,1220,252420
226,2,,9,train,1220,1220,0
970,2,,9,train,1220,1220,0
409,2,,20,train,1220,1220,18030
973,2,,92,train,1220,1220,144240
218,2,,1000,train,1220,1220,1622700
192,2,,9,train,1220,1220,0
103,2,,26,train,1220,1220,36060
639,2,,10,train,1220,1220,0
545,2,,210,train,1220,1220,324540
131,3,,951,train,1220,1220,1532550
752,3,,21,train,1220,1220,18030
860,3,,51,train,1220,1220,72120
364,3,,199,train,1220,1220,306510
930,3,,79,train,1220,1220,126210
691,3,,171,train,1220,1220,270450
712,3,,241,train,1220,1220,378630
356,3,,20,train,1220,1220,18030
891,3,,23,train,1220,1220,36060
343,3,,20,train,1220,1220,18030
221,3,,49,train,1220,1220,72120
958,3,,27,train,1220,1220,36060
562,3,,6,train,1220,1220,0
808,3,,10,train,1220,1220,0
873,3,,49,train,1220,1220,72120
675,3,,738,train,1220,1220,1189980
762,3,,33,train,1220,1220,36060
713,3,,12,train,1220,1220,18030
47,3,,7,train,1220,1220,0
162,3,,28,train,1220,1220,36060
677,4,,91,train,1220,1220,144240
785,4,,9,train,1220,1220,0
917,4,,28,train,1220,1220,36060
278,4,,11,train,1220,1220,0
626,4,,53,train,1220,1220,72120
816,4,,12,train,1220,1220,18030
686,4,,66,train,1220,1220,90150
779,4,,216,train,1220,1220,342570
473,4,,17,train,1220,1220,18030
547,4,,12,train,1220,1220,18030
561,4,,7,train,1220,1220,0
509,4,,91,train,1220,1220,144240
892,4,,1000,train,1220,1220,1622700
576,4,,174,train,1220,1220,270450
260,4,,903,train,1220,1220,1460430
502,4,,109,train,1220,1220,162270
776,4,,62,train,1220,1220,90150
827,4,,6,train,1220,1220,0
338,4,,20,train,1220,1220,18030
150,4,,12,train,1220,1220,18030
727,5,,18,train,1220,1220,18030
618,5,,29,train,1220,1220,36060
786,5,,8,train,1220,1220,0
81,5,,5,train,1220,1220,0
567,5,,27,train,1220,1220,36060
841,5,,6,train,1220,1220,0
961,5,,73,train,1220,1220,108180
996,5,,9,train,1220,1220,0
834,5,,45,train,1220,1220,72120
235,5,,5,train,1220,1220,0
564,5,,7,train,1220,1220,0
444,5,,6,train,1220,1220,0
892,5,,1000,train,1220,1220,1622700
320,5,,338,train,1220,1220,540900
251,5,,134,train,1220,1220,216360
916,5,,6,train,1220,1220,0
581,5,,9,train,1220,1220,0
671,5,,59,train,1220,1220,90150
369,5,,268,train,1220,1220,432720
825,5,,60,train,1220,1220,90150
589,6,,114,train,1220,1220,180300
562,6,,6,train,1220,1220,0
272,6,,543,train,1220,1220,865440
108,6,,97,train,1220,1220,144240
35,6,,23,train,1220,1220,36060
687,6,,12,train,1220,1220,18030
678,6,,5,train,1220,1220,0
786,6,,8,train,1220,1220,0
277,6,,1000,train,1220,1220,1622700
748,6,,151,train,1220,1220,234390
310,6,,126,train,1220,1220,198330
549,6,,10,train,1220,1220,0
609,6,,289,train,1220,1220,468780
980,6,,26,train,1220,1220,36060
971,6,,195,train,1220,1220,306510
914,6,,43,train,1220,1220,54090
152,6,,7,train,1220,1220,0
416,6,,9,train,1220,1220,0
935,6,,12,train,1220,1220,18030
400,6,,150,train,1220,1220,234390
993,1,,9,train,1220,1220,0
872,1,,20,train,1220,1220,6010
367,1,,90,train,1220,1220,48080
597,1,,1000,train,1220,1220,540900
703,1,,16,train,1220,1220,6010
973,1,,92,train,1220,1220,48080
122,1,,47,train,1220,1220,24040
306,1,,5,train,1220,1220,0
374,1,,6,train,1220,1220,0
734,1,,1000,train,1220,1220,540900
545,1,,210,train,1220,1220,108180
600,1,,6,train,1220,1220,0
804,1,,10,train,1220,1220,0
313,1,,23,train,1220,1220,12020
619,1,,11,train,1220,1220,0
148,1,,20,train,1220,1220,6010
914,1,,43,train,1220,1220,18030
256,1,,8,train,1220,1220,0
110,1,,186,train,1220,1220,96160
168,1,,71,train,1220,1220,36060
555,2,,75,train,1220,1220,36060
835,2,,20,train,1220,1220,6010
505,2,,58,train,1220,1220,30050
43,2,,23,train,1220,1220,12020
316,2,,143,train,1220,1220,72120
935,2,,12,train,1220,1220,6010
334,2,,6,train,1220,1220,0
828,2,,223,train,1220,1220,120200
385,2,,12,train,1220,1220,6010
142,2,,6,train,1220,1220,0
50,2,,157,train,1220,1220,84140
226,2,,9,train,1220,1220,0
970,2,,9,train,1220,1220,0
409,2,,20,train,1220,1220,6010
973,2,,92,train,1220,1220,48080
218,2,,1000,train,1220,1220,540900
192,2,,9,train,1220,1220,0
103,2,,26,train,1220,1220,12020
639,2,,10,train,1220,1220,0
545,2,,210,train,1220,1220,108180
131,3,,951,train,1220,1220,510850
752,3,,21,train,1220,1220,6010
860,3,,51,train,1220,1220,24040
364,3,,199,train,1220,1220,102170
930,3,,79,train,1220,1220,42070
691,3,,171,train,1220,1220,90150
712,3,,241,train,1220,1220,126210
356,3,,20,train,1220,1220,6010
891,3,,23,train,1220,1220,12020
343,3,,20,train,1220,1220,6010
221,3,,49,train,1220,1220,24040
958,3,,27,train,1220,1220,12020
562,3,,6,train,1220,1220,0
808,3,,10,train,1220,1220,0
873,3,,49,train,1220,1220,24040
675,3,,738,train,1220,1220,396660
762,3,,33,train,1220,1220,12020
713,3,,12,train,1220,1220,6010
47,3,,7,train,1220,1220,0
162,3,,28,train,1220,1220,12020
677,4,,91,train,1220,1220,48080
785,4,,9,train,1220,1220,0
917,4,,28,train,1220,1220,12020
278,4,,11,train,1220,1220,0
626,4,,53,train,1220,1220,24040
816,4,,12,train,1220,1220,6010
686,4,,66,train,1220,1220,30050
779,4,,216,train,1220,1220,114190
473,4,,17,train,1220,1220,6010
547,4,,12,train,1220,1220,6010
561,4,,7,train,1220,1220,0
509,4,,91,train,1220,1220,48080
892,4,,1000,train,1220,1220,540900
576,4,,174,train,1220,1220,90150
260,4,,903,train,1220,1220,486810
502,4,,109,train,1220,1220,54090
776,4,,62,train,1220,1220,30050
827,4,,6,train,1220,1220,0
338,4,,20,train,1220,1220,6010
150,4,,12,train,1220,1220,6010
727,5,,18,train,1220,1220,6010
618,5,,29,train,1220,1220,12020
786,5,,8,train,1220,1220,0
81,5,,5,train,1220,1220,0
567,5,,27,train,1220,1220,12020
841,5,,6,train,1220,1220,0
961,5,,73,train,1220,1220,36060
996,5,,9,train,1220,1220,0
834,5,,45,train,1220,1220,24040
235,5,,5,train,1220,1220,0
564,5,,7,train,1220,1220,0
444,5,,6,train,1220,1220,0
892,5,,1000,train,1220,1220,540900
320,5,,338,train,1220,1220,180300
251,5,,134,train,1220,1220,72120
916,5,,6,train,1220,1220,0
581,5,,9,train,1220,1220,0
671,5,,59,train,1220,1220,30050
369,5,,268,train,1220,1220,144240
825,5,,60,train,1220,1220,30050
589,6,,114,train,1220,1220,60100
562,6,,6,train,1220,1220,0
272,6,,543,train,1220,1220,288480
108,6,,97,train,1220,1220,48080
35,6,,23,train,1220,1220,12020
687,6,,12,train,1220,1220,6010
678,6,,5,train,1220,1220,0
786,6,,8,train,1220,1220,0
277,6,,1000,train,1220,1220,540900
748,6,,151,train,1220,1220,78130
310,6,,126,train,1220,1220,66110
549,6,,10,train,1220,1220,0
609,6,,289,train,1220,1220,156260
980,6,,26,train,1220,1220,12020
971,6,,195,train,1220,1220,102170
914,6,,43,train,1220,1220,18030
152,6,,7,train,1220,1220,0
416,6,,9,train,1220,1220,0
935,6,,12,train,1220,1220,6010
400,6,,150,train,1220,1220,78130
98,7,,18,train,1220,1220,6010
118,7,,1000,train,1220,1220,540900
917,7,,28,train,1220,1220,12020
458,7,,62,train,1220,1220,30050
493,7,,5,train,1220,1220,0
761,7,,12,train,1220,1220,6010
332,7,,14,train,1220,1220,6010
990,7,,76,train,1220,1220,36060
335,7,,5,train,1220,1220,0
33,7,,8,train,1220,1220,0
720,7,,321,train,1220,1220,168280
148,7,,20,train,1220,1220,6010
428,7,,11,train,1220,1220,0
908,7,,106,train,1220,1220,54090
833,7,,13,train,1220,1220,6010
137,7,,1000,train,1220,1220,540900
584,7,,6,train,1220,1220,0
281,7,,10,train,1220,1220,0
285,7,,256,train,1220,1220,138230
361,7,,146,train,1220,1220,78130
8,8,,7,train,1220,1220,0
4,8,,11,train,1220,1220,0
342,8,,22,train,1220,1220,6010
820,8,,16,train,1220,1220,6010
293,8,,8,train,1220,1220,0
466,8,,6,train,1220,1220,0
83,8,,144,train,1220,1220,72120
183,8,,5,train,1220,1220,0
537,8,,425,train,1220,1220,228380
251,8,,134,train,1220,1220,72120
12,8,,40,train,1220,1220,18030
316,8,,143,train,1220,1220,72120
587,8,,11,train,1220,1220,0
936,8,,8,train,1220,1220,0
897,8,,6,train,1220,1220,0
482,8,,33,train,1220,1220,12020
210,8,,9,train,1220,1220,0
506,8,,22,train,1220,1220,6010
684,8,,5,train,1220,1220,0
920,8,,69,train,1220,1220,36060
916,9,,6,train,1220,1220,0
337,9,,46,train,1220,1220,24040
663,9,,14,train,1220,1220,6010
393,9,,24,train,1220,1220,12020
318,9,,6,train,1220,1220,0
652,9,,83,train,1220,1220,42070
661,9,,8,train,1220,1220,0
624,9,,69,train,1220,1220,36060
931,9,,126,train,1220,1220,66110
607,9,,333,train,1220,1220,174290
254,9,,15,train,1220,1220,6010
706,9,,5,train,1220,1220,0
698,9,,16,train,1220,1220,6010
135,9,,24,train,1220,1220,12020
326,9,,321,train,1220,1220,168280
645,9,,19,train,1220,1220,6010
191,9,,7,train,1220,1220,0
62,9,,108,train,1220,1220,54090
733,9,,10,train,1220,1220,0
535,9,,22,train,1220,1220,6010
10,10,,5,train,1220,1220,0
890,10,,5,train,1220,1220,0
15,10,,8,train,1220,1220,0
545,10,,210,train,1220,1220,108180
649,10,,188,train,1220,1220,96160
139,10,,365,train,1220,1220,192320
279,10,,23,train,1220,1220,12020
698,10,,16,train,1220,1220,6010
641,10,,12,train,1220,1220,6010
368,10,,10,train,1220,1220,0
290,10,,24,train,1220,1220,12020
157,10,,291,train,1220,1220,156260
503,10,,40,train,1220,1220,18030
213,10,,5,train,1220,1220,0
187,10,,5,train,1220,1220,0
87,10,,6,train,1220,1220,0
231,10,,7,train,1220,1220,0
726,10,,79,train,1220,1220,42070
107,10,,9,train,1220,1220,0
923,10,,100,train,1220,1220,54090
856,11,,106,train,1220,1220,54090
96,11,,38,train,1220,1220,18030
589,11,,114,train,1220,1220,60100
254,11,,15,train,1220,1220,6010
782,11,,42,train,1220,1220,18030
959,11,,16,train,1220,1220,6010
207,11,,121,train,1220,1220,60100
305,11,,81,train,1220,1220,42070
108,11,,97,train,1220,1220,48080
206,11,,51,train,1220,1220,24040
692,11,,76,train,1220,1220,36060
476,11,,16,train,1220,1220,6010
270,11,,226,train,1220,1220,120200
949,11,,5,train,1220,1220,0
451,11,,98,train,1220,1220,48080
474,11,,18,train,1220,1220,6010
86,11,,30,train,1220,1220,12020
831,11,,17,train,1220,1220,6010
794,11,,29,train,1220,1220,12020
435,11,,77,train,1220,1220,36060
120,12,,36,train,1220,1220,18030
516,12,,6,train,1220,1220,0
433,12,,665,train,1220,1220,354590
756,12,,5,train,1220,1220,0
780,12,,39,train,1220,1220,18030
42,12,,65,train,1220,1220,30050
607,12,,333,train,1220,1220,174290
79,12,,12,train,1220,1220,6010
677,12,,91,train,1220,1220,48080
645,12,,19,train,1220,1220,6010
435,12,,77,train,1220,1220,36060
184,12,,7,train,1220,1220,0
662,12,,31,train,1220,1220,12020
459,12,,80,train,1220,1220,42070
654,12,,14,train,1220,1220,6010
676,12,,6,train,1220,1220,0
359,12,,12,train,1220,1220,6010
404,12,,27,train,1220,1220,12020
377,12,,12,train,1220,1220,6010
382,12,,7,train,1220,1220,0
565,13,,20,train,1220,1220,6010
883,13,,9,train,1220,1220,0
816,13,,12,train,1220,1220,6010
345,13,,219,train,1220,1220,114190
391,13,,38,train,1220,1220,18030
843,13,,6,train,1220,1220,0
789,13,,5,train,1220,1220,0
848,13,,12,train,1220,1220,6010
937,13,,26,train,1220,1220,12020
43,13,,23,train,1220,1220,12020
604,13,,5,train,1220,1220,0
441,13,,28,train,1220,1220,12020
555,13,,75,train,1220,1220,36060
554,13,,327,train,1220,1220,174290
100,13,,9,train,1220,1220,0
857,13,,6,train,1220,1220,0
220,13,,48,train,1220,1220,24040
943,13,,290,train,1220,1220,156260
868,13,,5,train,1220,1220,0
27,13,,43,train,1220,1220,18030
95,14,,31,train,1220,1220,12020
505,14,,58,train,1220,1220,30050
372,14,,7,train,1220,1220,0
489,14,,22,train,1220,1220,6010
877,14,,13,train,1220,1220,6010
360,14,,15,train,1220,1220,6010
987,14,,6,train,1220,1220,0
93,14,,19,train,1220,1220,6010
332,14,,14,train,1220,1220,6010
590,14,,15,train,1220,1220,6010
630,14,,920,train,1220,1220,492820
45,14,,1000,train,1220,1220,540900
465,14,,1000,train,1220,1220,540900
333,14,,12,train,1220,1220,6010
633,14,,83,train,1220,1220,42070
655,14,,6,train,1220,1220,0
275,14,,5,train,1220,1220,0
169,14,,8,train,1220,1220,0
788,14,,5,train,1220,1220,0
679,14,,81,train,1220,1220,42070
253,15,,392,train,1220,1220,210350
349,15,,29,train,1220,1220,12020
536,15,,20,train,1220,1220,6010
560,15,,516,train,1220,1220,276460
703,15,,16,train,1220,1220,6010
925,15,,6,train,1220,1220,0
6,15,,11,train,1220,1220,0
214,15,,58,train,1220,1220,30050
691,15,,171,train,1220,1220,90150
371,15,,5,train,1220,1220,0
128,15,,203,train,1220,1220,108180
350,15,,9,train,1220,1220,0
767,15,,34,train,1220,1220,18030
758,15,,13,train,1220,1220,6010
864,15,,16,train,1220,1220,6010
620,15,,49,train,1220,1220,24040
335,15,,5,train,1220,1220,0
744,15,,31,train,1220,1220,12020
221,15,,49,train,1220,1220,24040
28,15,,53,train,1220,1220,24040
841,16,,6,train,1220,1220,0
435,16,,77,train,1220,1220,36060
538,16,,216,train,1220,1220,114190
646,16,,49,train,1220,1220,24040
136,16,,76,train,1220,1220,36060
851,16,,157,train,1220,1220,84140
320,16,,338,train,1220,1220,180300
4,16,,11,train,1220,1220,0
283,16,,112,train,1220,1220,60100
989,16,,8,train,1220,1220,0
62,16,,108,train,1220,1220,54090
183,16,,5,train,1220,1220,0
809,16,,140,train,1220,1220,72120
80,16,,6,train,1220,1220,0
375,16,,82,train,1220,1220,42070
347,16,,10,train,1220,1220,0
445,16,,11,train,1220,1220,0
240,16,,349,train,1220,1220,186310
894,16,,9,train,1220,1220,0
79,16,,12,train,1220,1220,6010
298,17,,19,train,1220,1220,6010
989,17,,8,train,1220,1220,0
893,17,,28,train,1220,1220,12020
549,17,,10,train,1220,1220,0
194,17,,475,train,1220,1220,252420
211,17,,61,train,1220,1220,30050
32,17,,7,train,1220,1220,0
76,17,,23,train,1220,1220,12020
629,17,,7,train,1220,1220,0
288,17,,94,train,1220,1220,48080
957,17,,43,train,1220,1220,18030
889,17,,14,train,1220,1220,6010
952,17,,55,train,1220,1220,24040
148,17,,20,train,1220,1220,6010
125,17,,14,train,1220,1220,6010
872,17,,20,train,1220,1220,6010
491,17,,5,train,1220,1220,0
554,17,,327,train,1220,1220,174290
56,17,,13,train,1220,1220,6010
404,17,,27,train,1220,1220,12020
806,18,,79,train,1220,1220,42070
548,18,,91,train,1220,1220,48080
936,18,,8,train,1220,1220,0
294,18,,29,train,1220,1220,12020
821,18,,1000,train,1220,1220,540900
160,18,,23,train,1220,1220,12020
828,18,,223,train,1220,1220,120200
187,18,,5,train,1220,1220,0
984,18,,8,train,1220,1220,0
169,18,,8,train,1220,1220,0
797,18,,73,train,1220,1220,36060
420,18,,670,train,1220,1220,360600
657,18,,101,train,1220,1220,54090
930,18,,79,train,1220,1220,42070
881,18,,235,train,1220,1220,126210
25,18,,395,train,1220,1220,210350
362,18,,55,train,1220,1220,24040
50,18,,157,train,1220,1220,84140
616,18,,9,train,1220,1220,0
499,18,,7,train,1220,1220,0
32,19,,7,train,1220,1220,0
775,19,,11,train,1220,1220,0
166,19,,582,train,1220,1220,312520
454,19,,56,train,1220,1220,30050
969,19,,23,train,1220,1220,12020
805,19,,32,train,1220,1220,12020
770,19,,8,train,1220,1220,0
213,19,,5,train,1220,1220,0
963,19,,30,train,1220,1220,12020
84,19,,27,train,1220,1220,12020
70,19,,9,train,1220,1220,0
826,19,,9,train,1220,1220,0
773,19,,76,train,1220,1220,36060
343,19,,20,train,1220,1220,6010
922,19,,146,train,1220,1220,78130
838,19,,31,train,1220,1220,12020
984,19,,8,train,1220,1220,0
743,19,,5,train,1220,1220,0
772,19,,63,train,1220,1220,30050
66,19,,45,train,1220,1220,24040
819,20,,26,train,1220,1220,12020
795,20,,19,train,1220,1220,6010
119,20,,190,train,1220,1220,102170
836,20,,34,train,1220,1220,18030
536,20,,20,train,1220,1220,6010
746,20,,41,train,1220,1220,18030
313,20,,23,train,1220,1220,12020
949,20,,5,train,1220,1220,0
691,20,,171,train,1220,1220,90150
523,20,,6,train,1220,1220,0
682,20,,8,train,1220,1220,0
628,20,,36,train,1220,1220,18030
286,20,,187,train,1220,1220,96160
39,20,,43,train,1220,1220,18030
235,20,,5,train,1220,1220,0
132,20,,21,train,1220,1220,6010
699,20,,43,train,1220,1220,18030
768,20,,19,train,1220,1220,6010
920,20,,69,train,1220,1220,36060
531,20,,29,train,1220,1220,12020
90,21,,80,train,1220,1220,42070
723,21,,11,train,1220,1220,0
817,21,,8,train,1220,1220,0
230,21,,9,train,1220,1220,0
871,21,,10,train,1220,1220,0
50,21,,157,train,1220,1220,84140
67,21,,22,train,1220,1220,6010
212,21,,537,train,1220,1220,288480
83,21,,144,train,1220,1220,72120
493,21,,5,train,1220,1220,0
771,21,,52,train,1220,1220,24040
574,21,,211,train,1220,1220,108180
600,21,,6,train,1220,1220,0
631,21,,54,train,1220,1220,24040
548,21,,91,train,1220,1220,48080
553,21,,6,train,1220,1220,0
139,21,,365,train,1220,1220,192320
116,21,,796,train,1220,1220,426710
374,21,,6,train,1220,1220,0
154,21,,19,train,1220,1220,6010
541,22,,6,train,1220,1220,0
443,22,,1000,train,1220,1220,540900
87,22,,6,train,1220,1220,0
85,22,,787,train,1220,1220,420700
641,22,,12,train,1220,1220,6010
74,22,,32,train,1220,1220,12020
211,22,,61,train,1220,1220,30050
36,22,,5,train,1220,1220,0
593,22,,1000,train,1220,1220,540900
250,22,,5,train,1220,1220,0
719,22,,8,train,1220,1220,0
464,22,,10,train,1220,1220,0
563,22,,864,train,1220,1220,462770
575,22,,40,train,1220,1220,18030
556,22,,69,train,1220,1220,36060
742,22,,31,train,1220,1220,12020
493,22,,5,train,1220,1220,0
661,22,,8,train,1220,1220,0
931,22,,126,train,1220,1220,66110
198,22,,160,train,1220,1220,84140
879,23,,23,train,1220,1220,12020
270,23,,226,train,1220,1220,120200
758,23,,13,train,1220,1220,6010
690,23,,35,train,1220,1220,18030
238,23,,13,train,1220,1220,6010
505,23,,58,train,1220,1220,30050
47,23,,7,train,1220,1220,0
878,23,,6,train,1220,1220,0
910,23,,16,train,1220,1220,6010
955,23,,197,train,1220,1220,102170
652,23,,83,train,1220,1220,42070
913,23,,6,train,1220,1220,0
670,23,,11,train,1220,1220,0
640,23,,14,train,1220,1220,6010
326,23,,321,train,1220,1220,168280
149,23,,623,train,1220,1220,336560
244,23,,46,train,1220,1220,24040
974,23,,178,train,1220,1220,96160
215,23,,867,train,1220,1220,468780
486,23,,7,train,1220,1220,0
566,24,,22,train,1220,1220,6010
852,24,,1000,train,1220,1220,540900
286,24,,187,train,1220,1220,96160
571,24,,12,train,1220,1220,6010
98,24,,18,train,1220,1220,6010
623,24,,14,train,1220,1220,6010
556,24,,69,train,1220,1220,36060
240,24,,349,train,1220,1220,186310
629,24,,7,train,1220,1220,0
28,24,,53,train,1220,1220,24040
350,24,,9,train,1220,1220,0
249,24,,6,train,1220,1220,0
976,24,,8,train,1220,1220,0
184,24,,7,train,1220,1220,0
310,24,,126,train,1220,1220,66110
281,24,,10,train,1220,1220,0
81,24,,5,train,1220,1220,0
484,24,,204,train,1220,1220,108180
998,24,,8,train,1220,1220,0
441,24,,28,train,1220,1220,12020
216,25,,41,train,1220,1220,18030
417,25,,13,train,1220,1220,6010
983,25,,79,train,1220,1220,42070
527,25,,79,train,1220,1220,42070
540,25,,5,train,1220,1220,0
131,25,,951,train,1220,1220,510850
563,25,,864,train,1220,1220,462770
34,25,,5,train,1220,1220,0
635,25,,47,train,1220,1220,24040
711,25,,57,train,1220,1220,30050
355,25,,25,train,1220,1220,12020
201,25,,19,train,1220,1220,6010
926,25,,94,train,1220,1220,48080
946,25,,143,train,1220,1220,72120
659,25,,6,train,1220,1220,0
753,25,,80,train,1220,1220,42070
520,25,,11,train,1220,1220,0
893,25,,28,train,1220,1220,12020
973,25,,92,train,1220,1220,48080
969,25,,23,train,1220,1220,12020
718,26,,5,train,1220,1220,0
142,26,,6,train,1220,1220,0
358,26,,21,train,1220,1220,6010
727,26,,18,train,1220,1220,6010
797,26,,73,train,1220,1220,36060
373,26,,18,train,1220,1220,6010
35,26,,23,train,1220,1220,12020
638,26,,24,train,1220,1220,12020
989,26,,8,train,1220,1220,0
663,26,,14,train,1220,1220,6010
171,26,,289,train,1220,1220,156260
30,26,,5,train,1220,1220,0
685,26,,286,train,1220,1220,150250
780,26,,39,train,1220,1220,18030
666,26,,41,train,1220,1220,18030
429,26,,120,train,1220,1220,60100
714,26,,26,train,1220,1220,12020
976,26,,8,train,1220,1220,0
913,26,,6,train,1220,1220,0
784,26,,24,train,1220,1220,12020
791,27,,33,train,1220,1220,12020
840,27,,10,train,1220,1220,0
195,27,,33,train,1220,1220,12020
928,27,,65,train,1220,1220,30050
24,27,,9,train,1220,1220,0
399,27,,5,train,1220,1220,0
339,27,,12,train,1220,1220,6010
530,27,,50,train,1220,1220,24040
748,27,,151,train,1220,1220,78130
746,27,,41,train,1220,1220,18030
138,27,,12,train,1220,1220,6010
604,27,,5,train,1220,1220,0
914,27,,43,train,1220,1220,18030
170,27,,485,train,1220,1220,258430
344,27,,16,train,1220,1220,6010
504,27,,7,train,1220,1220,0
214,27,,58,train,1220,1220,30050
155,27,,5,train,1220,1220,0
15,27,,8,train,1220,1220,0
162,27,,28,train,1220,1220,12020
778,28,,19,train,1220,1220,6010
790,28,,32,train,1220,1220,12020
119,28,,190,train,1220,1220,102170
140,28,,8,train,1220,1220,0
506,28,,22,train,1220,1220,6010
511,28,,18,train,1220,1220,6010
740,28,,5,train,1220,1220,0
758,28,,13,train,1220,1220,6010
488,28,,55,train,1220,1220,24040
796,28,,109,train,1220,1220,54090
329,28,,46,train,1220,1220,24040
703,28,,16,train,1220,1220,6010
729,28,,89,train,1220,1220,48080
594,28,,16,train,1220,1220,6010
51,28,,5,train,1220,1220,0
280,28,,40,train,1220,1220,18030
678,28,,5,train,1220,1220,0
186,28,,47,train,1220,1220,24040
361,28,,146,train,1220,1220,78130
20,28,,64,train,1220,1220,30050
155,29,,5,train,1220,1220,0
38,29,,642,train,1220,1220,342570
451,29,,98,train,1220,1220,48080
959,29,,16,train,1220,1220,6010
26,29,,23,train,1220,1220,12020
659,29,,6,train,1220,1220,0
860,29,,51,train,1220,1220,24040
668,29,,107,train,1220,1220,54090
687,29,,12,train,1220,1220,6010
190,29,,8,train,1220,1220,0
182,29,,28,train,1220,1220,12020
329,29,,46,train,1220,1220,24040
304,29,,29,train,1220,1220,12020
334,29,,6,train,1220,1220,0
377,29,,12,train,1220,1220,6010
941,29,,15,train,1220,1220,6010
124,29,,18,train,1220,1220,6010
50,29,,157,train,1220,1220,84140
695,29,,5,train,1220,1220,0
840,29,,10,train,1220,1220,0
814,30,,300,train,1220,1220,162270
975,30,,66,train,1220,1220,30050
813,30,,110,train,1220,1220,54090
723,30,,11,train,1220,1220,0
627,30,,159,train,1220,1220,84140
107,30,,9,train,1220,1220,0
862,30,,5,train,1220,1220,0
740,30,,5,train,1220,1220,0
561,30,,7,train,1220,1220,0
367,30,,90,train,1220,1220,48080
285,30,,256,train,1220,1220,138230
153,30,,18,train,1220,1220,6010
276,30,,154,train,1220,1220,78130
735,30,,200,train,1220,1220,108180
58,30,,94,train,1220,1220,48080
809,30,,140,train,1220,1220,72120
421,30,,8,train,1220,1220,0
660,30,,92,train,1220,1220,48080
732,30,,379,train,1220,1220,204340
30,30,,5,train,1220,1220,0
93,31,,19,train,1220,1220,6010
928,31,,65,train,1220,1220,30050
563,31,,864,train,1220,1220,462770
177,31,,27,train,1220,1220,12020
890,31,,5,train,1220,1220,0
515,31,,461,train,1220,1220,246410
2,31,,52,train,1220,1220,24040
366,31,,14,train,1220,1220,6010
474,31,,18,train,1220,1220,6010
691,31,,171,train,1220,1220,90150
408,31,,7,train,1220,1220,0
846,31,,33,train,1220,1220,12020
107,31,,9,train,1220,1220,0
149,31,,623,train,1220,1220,336560
652,31,,83,train,1220,1220,42070
53,31,,10,train,1220,1220,0
618,31,,29,train,1220,1220,12020
469,31,,232,train,1220,1220,120200
568,31,,13,train,1220,1220,6010
940,31,,775,train,1220,1220,414690
977,32,,15,train,1220,1220,6010
600,32,,6,train,1220,1220,0
299,32,,288,train,1220,1220,150250
908,32,,106,train,1220,1220,54090
920,32,,69,train,1220,1220,36060
574,32,,211,train,1220,1220,108180
55,32,,479,train,1220,1220,258430
836,32,,34,train,1220,1220,18030
27,32,,43,train,1220,1220,18030
29,32,,9,train,1220,1220,0
48,32,,105,train,1220,1220,54090
933,32,,18,train,1220,1220,6010
307,32,,23,train,1220,1220,12020
473,32,,17,train,1220,1220,6010
485,32,,1000,train,1220,1220,540900
747,32,,40,train,1220,1220,18030
963,32,,30,train,1220,1220,12020
851,32,,157,train,1220,1220,84140
172,32,,13,train,1220,1220,6010
816,32,,12,train,1220,1220,6010
668,33,,107,train,1220,1220,54090
717,33,,10,train,1220,1220,0
849,33,,582,train,1220,1220,312520
262,33,,33,train,1220,1220,12020
847,33,,73,train,1220,1220,36060
70,33,,9,train,1220,1220,0
436,33,,451,train,1220,1220,240400
809,33,,140,train,1220,1220,72120
460,33,,106,train,1220,1220,54090
638,33,,24,train,1220,1220,12020
627,33,,159,train,1220,1220,84140
250,33,,5,train,1220,1220,0
165,33,,109,train,1220,1220,54090
873,33,,49,train,1220,1220,24040
907,33,,21,train,1220,1220,6010
232,33,,7,train,1220,1220,0
712,33,,241,train,1220,1220,126210
726,33,,79,train,1220,1220,42070
209,33,,6,train,1220,1220,0
516,33,,6,train,1220,1220,0
356,34,,20,train,1220,1220,6010
460,34,,106,train,1220,1220,54090
326,34,,321,train,1220,1220,168280
101,34,,741,train,1220,1220,396660
433,34,,665,train,1220,1220,354590
198,34,,160,train,1220,1220,84140
79,34,,12,train,1220,1220,6010
510,34,,16,train,1220,1220,6010
309,34,,611,train,1220,1220,324540
694,34,,73,train,1220,1220,36060
489,34,,22,train,1220,1220,6010
448,34,,15,train,1220,1220,6010
819,34,,26,train,1220,1220,12020
257,34,,11,train,1220,1220,0
271,34,,9,train,1220,1220,0
67,34,,22,train,1220,1220,6010
905,34,,16,train,1220,1220,6010
567,34,,27,train,1220,1220,12020
931,34,,126,train,1220,1220,66110
948,34,,6,train,1220,1220,0
486,35,,7,train,1220,1220,0
974,35,,178,train,1220,1220,96160
454,35,,56,train,1220,1220,30050
378,35,,6,train,1220,1220,0
215,35,,867,train,1220,1220,468780
49,35,,9,train,1220,1220,0
274,35,,7,train,1220,1220,0
618,35,,29,train,1220,1220,12020
177,35,,27,train,1220,1220,12020
297,35,,59,train,1220,1220,30050
460,35,,106,train,1220,1220,54090
127,35,,30,train,1220,1220,12020
219,35,,35,train,1220,1220,18030
874,35,,121,train,1220,1220,60100
552,35,,150,train,1220,1220,78130
403,35,,58,train,1220,1220,30050
906,35,,10,train,1220,1220,0
421,35,,8,train,1220,1220,0
520,35,,11,train,1220,1220,0
422,35,,9,train,1220,1220,0
848,36,,12,train,1220,1220,6010
654,36,,14,train,1220,1220,6010
673,36,,1000,train,1220,1220,540900
944,36,,6,train,1220,1220,0
842,36,,23,train,1220,1220,12020
8,36,,7,train,1220,1220,0
931,36,,126,train,1220,1220,66110
163,36,,5,train,1220,1220,0
222,36,,176,train,1220,1220,90150
198,36,,160,train,1220,1220,84140
250,36,,5,train,1220,1220,0
194,36,,475,train,1220,1220,252420
309,36,,611,train,1220,1220,324540
739,36,,46,train,1220,1220,24040
413,36,,44,train,1220,1220,18030
168,36,,71,train,1220,1220,36060
625,36,,6,train,1220,1220,0
170,36,,485,train,1220,1220,258430
46,36,,6,train,1220,1220,0
588,36,,5,train,1220,1220,0
395,37,,34,train,1220,1220,18030
907,37,,21,train,1220,1220,6010
934,37,,39,train,1220,1220,18030
29,37,,9,train,1220,1220,0
863,37,,7,train,1220,1220,0
899,37,,32,train,1220,1220,12020
430,37,,65,train,1220,1220,30050
708,37,,45,train,1220,1220,24040
782,37,,42,train,1220,1220,18030
423,37,,11,train,1220,1220,0
891,37,,23,train,1220,1220,12020
729,37,,89,train,1220,1220,48080
530,37,,50,train,1220,1220,24040
668,37,,107,train,1220,1220,54090
111,37,,96,train,1220,1220,48080
521,37,,46,train,1220,1220,24040
366,37,,14,train,1220,1220,6010
196,37,,8,train,1220,1220,0
411,37,,68,train,1220,1220,36060
97,37,,1000,train,1220,1220,540900
983,38,,79,train,1220,1220,42070
726,38,,79,train,1220,1220,42070
108,38,,97,train,1220,1220,48080
642,38,,119,train,1220,1220,60100
681,38,,7,train,1220,1220,0
539,38,,82,train,1220,1220,42070
600,38,,6,train,1220,1220,0
630,38,,920,train,1220,1220,492820
537,38,,425,train,1220,1220,228380
242,38,,46,train,1220,1220,24040
536,38,,20,train,1220,1220,6010
186,38,,47,train,1220,1220,24040
342,38,,22,train,1220,1220,6010
917,38,,28,train,1220,1220,12020
576,38,,174,train,1220,1220,90150
850,38,,24,train,1220,1220,12020
402,38,,13,train,1220,1220,6010
105,38,,39,train,1220,1220,18030
644,38,,1000,train,1220,1220,540900
831,38,,17,train,1220,1220,6010
670,39,,11,train,1220,1220,0
292,39,,5,train,1220,1220,0
107,39,,9,train,1220,1220,0
183,39,,5,train,1220,1220,0
471,39,,27,train,1220,1220,12020
39,39,,43,train,1220,1220,18030
784,39,,24,train,1220,1220,12020
964,39,,32,train,1220,1220,12020
840,39,,10,train,1220,1220,0
918,39,,48,train,1220,1220,24040
99,39,,291,train,1220,1220,156260
685,39,,286,train,1220,1220,150250
638,39,,24,train,1220,1220,12020
941,39,,15,train,1220,1220,6010
261,39,,21,train,1220,1220,6010
639,39,,10,train,1220,1220,0
741,39,,1000,train,1220,1220,540900
768,39,,19,train,1220,1220,6010
67,39,,22,train,1220,1220,6010
426,39,,5,train,1220,1220,0
254,40,,15,train,1220,1220,6010
28,40,,53,train,1220,1220,24040
935,40,,12,train,1220,1220,6010
751,40,,9,train,1220,1220,0
321,40,,99,train,1220,1220,48080
763,40,,5,train,1220,1220,0
480,40,,17,train,1220,1220,6010
582,40,,11,train,1220,1220,0
253,40,,392,train,1220,1220,210350
546,40,,23,train,1220,1220,12020
909,40,,9,train,1220,1220,0
10,40,,5,train,1220,1220,0
972,40,,6,train,1220,1220,0
610,40,,10,train,1220,1220,0
179,40,,135,train,1220,1220,72120
348,40,,138,train,1220,1220,72120
45,40,,1000,train,1220,1220,540900
204,40,,1000,train,1220,1220,540900
589,40,,114,train,1220,1220,60100
752,40,,21,train,1220,1220,6010
282,41,,6,train,1220,1220,0
162,41,,28,train,1220,1220,12020
633,41,,83,train,1220,1220,42070
703,41,,16,train,1220,1220,6010
110,41,,186,train,1220,1220,96160
156,41,,133,train,1220,1220,66110
404,41,,27,train,1220,1220,12020
22,41,,15,train,1220,1220,6010
413,41,,44,train,1220,1220,18030
978,41,,30,train,1220,1220,12020
261,41,,21,train,1220,1220,6010
583,41,,378,train,1220,1220,204340
32,41,,7,train,1220,1220,0
983,41,,79,train,1220,1220,42070
428,41,,11,train,1220,1220,0
668,41,,107,train,1220,1220,54090
411,41,,68,train,1220,1220,36060
257,41,,11,train,1220,1220,0
679,41,,81,train,1220,1220,42070
136,41,,76,train,1220,1220,36060
296,42,,9,train,1220,1220,0
569,42,,14,train,1220,1220,6010
849,42,,582,train,1220,1220,312520
534,42,,146,train,1220,1220,78130
701,42,,107,train,1220,1220,54090
998,42,,8,train,1220,1220,0
595,42,,1000,train,1220,1220,540900
398,42,,10,train,1220,1220,0
469,42,,232,train,1220,1220,120200
85,42,,787,train,1220,1220,420700
394,42,,10,train,1220,1220,0
368,42,,10,train,1220,1220,0
907,42,,21,train,1220,1220,6010
265,42,,22,train,1220,1220,6010
983,42,,79,train,1220,1220,42070
65,42,,21,train,1220,1220,6010
932,42,,77,train,1220,1220,36060
626,42,,53,train,1220,1220,24040
353,42,,37,train,1220,1220,18030
227,42,,27,train,1220,1220,12020
568,43,,13,train,1220,1220,6010
762,43,,33,train,1220,1220,12020
765,43,,203,train,1220,1220,108180
693,43,,9,train,1220,1220,0
469,43,,232,train,1220,1220,120200
709,43,,5,train,1220,1220,0
662,43,,31,train,1220,1220,12020
560,43,,516,train,1220,1220,276460
872,43,,20,train,1220,1220,6010
220,43,,48,train,1220,1220,24040
829,43,,8,train,1220,1220,0
167,43,,469,train,1220,1220,252420
671,43,,59,train,1220,1220,30050
975,43,,66,train,1220,1220,30050
943,43,,290,train,1220,1220,156260
908,43,,106,train,1220,1220,54090
350,43,,9,train,1220,1220,0
894,43,,9,train,1220,1220,0
784,43,,24,train,1220,1220,12020
386,43,,28,train,1220,1220,12020
871,44,,10,train,1220,1220,0
987,44,,6,train,1220,1220,0
263,44,,6,train,1220,1220,0
550,44,,17,train,1220,1220,6010
738,44,,9,train,1220,1220,0
721,44,,31,train,1220,1220,12020
642,44,,119,train,1220,1220,60100
687,44,,12,train,1220,1220,6010
500,44,,37,train,1220,1220,18030
895,44,,5,train,1220,1220,0
172,44,,13,train,1220,1220,6010
270,44,,226,train,1220,1220,120200
783,44,,45,train,1220,1220,24040
724,44,,149,train,1220,1220,78130
886,44,,1000,train,1220,1220,540900
227,44,,27,train,1220,1220,12020
260,44,,903,train,1220,1220,486810
581,44,,9,train,1220,1220,0
549,44,,10,train,1220,1220,0
57,44,,9,train,1220,1220,0
204,45,,1000,train,1220,1220,540900
115,45,,41,train,1220,1220,18030
135,45,,24,train,1220,1220,12020
481,45,,106,train,1220,1220,54090
298,45,,19,train,1220,1220,6010
781,45,,85,train,1220,1220,42070
672,45,,190,train,1220,1220,102170
306,45,,5,train,1220,1220,0
464,45,,10,train,1220,1220,0
862,45,,5,train,1220,1220,0
674,45,,8,train,1220,1220,0
934,45,,39,train,1220,1220,18030
127,45,,30,train,1220,1220,12020
351,45,,6,train,1220,1220,0
311,45,,20,train,1220,1220,6010
856,45,,106,train,1220,1220,54090
998,45,,8,train,1220,1220,0
203,45,,15,train,1220,1220,6010
659,45,,6,train,1220,1220,0
852,45,,1000,train,1220,1220,540900
752,46,,21,train,1220,1220,6010
317,46,,340,train,1220,1220,180300
406,46,,5,train,1220,1220,0
978,46,,30,train,1220,1220,12020
926,46,,94,train,1220,1220,48080
691,46,,171,train,1220,1220,90150
33,46,,8,train,1220,1220,0
67,46,,22,train,1220,1220,6010
128,46,,203,train,1220,1220,108180
929,46,,8,train,1220,1220,0
397,46,,116,train,1220,1220,60100
535,46,,22,train,1220,1220,6010
288,46,,94,train,1220,1220,48080
581,46,,9,train,1220,1220,0
764,46,,970,train,1220,1220,522870
145,46,,168,train,1220,1220,90150
523,46,,6,train,1220,1220,0
455,46,,10,train,1220,1220,0
401,46,,17,train,1220,1220,6010
827,46,,6,train,1220,1220,0
617,47,,36,train,1220,1220,18030
665,47,,8,train,1220,1220,0
60,47,,7,train,1220,1220,0
676,47,,6,train,1220,1220,0
708,47,,45,train,1220,1220,24040
169,47,,8,train,1220,1220,0
411,47,,68,train,1220,1220,36060
519,47,,22,train,1220,1220,6010
415,47,,22,train,1220,1220,6010
984,47,,8,train,1220,1220,0
426,47,,5,train,1220,1220,0
216,47,,41,train,1220,1220,18030
132,47,,21,train,1220,1220,6010
746,47,,41,train,1220,1220,18030
709,47,,5,train,1220,1220,0
398,47,,10,train,1220,1220,0
536,47,,20,train,1220,1220,6010
406,47,,5,train,1220,1220,0
795,47,,19,train,1220,1220,6010
130,47,,8,train,1220,1220,0
576,48,,174,train,1220,1220,90150
932,48,,77,train,1220,1220,36060
626,48,,53,train,1220,1220,24040
120,48,,36,train,1220,1220,18030
398,48,,10,train,1220,1220,0
712,48,,241,train,1220,1220,126210
610,48,,10,train,1220,1220,0
908,48,,106,train,1220,1220,54090
943,48,,290,train,1220,1220,156260
201,48,,19,train,1220,1220,6010
892,48,,1000,train,1220,1220,540900
907,48,,21,train,1220,1220,6010
88,48,,5,train,1220,1220,0
505,48,,58,train,1220,1220,30050
717,48,,10,train,1220,1220,0
767,48,,34,train,1220,1220,18030
394,48,,10,train,1220,1220,0
945,48,,22,train,1220,1220,6010
180,48,,14,train,1220,1220,6010
240,48,,349,train,1220,1220,186310
861,49,,6,train,1220,1220,0
525,49,,11,train,1220,1220,0
867,49,,991,train,1220,1220,534890
585,49,,351,train,1220,1220,186310
318,49,,6,train,1220,1220,0
479,49,,7,train,1220,1220,0
300,49,,165,train,1220,1220,84140
31,49,,35,train,1220,1220,18030
698,49,,16,train,1220,1220,6010
395,49,,34,train,1220,1220,18030
35,49,,23,train,1220,1220,12020
650,49,,33,train,1220,1220,12020
377,49,,12,train,1220,1220,6010
529,49,,214,train,1220,1220,114190
885,49,,34,train,1220,1220,18030
513,49,,122,train,1220,1220,60100
567,49,,27,train,1220,1220,12020
914,49,,43,train,1220,1220,18030
720,49,,321,train,1220,1220,168280
348,49,,138,train,1220,1220,72120
385,50,,12,train,1220,1220,6010
813,50,,110,train,1220,1220,54090
745,50,,1000,train,1220,1220,540900
547,50,,12,train,1220,1220,6010
261,50,,21,train,1220,1220,6010
518,50,,619,train,1220,1220,330550
694,50,,73,train,1220,1220,36060
653,50,,96,train,1220,1220,48080
441,50,,28,train,1220,1220,12020
608,50,,85,train,1220,1220,42070
982,50,,6,train,1220,1220,0
162,50,,28,train,1220,1220,12020
292,50,,5,train,1220,1220,0
430,50,,65,train,1220,1220,30050
791,50,,33,train,1220,1220,12020
12,50,,40,train,1220,1220,18030
996,50,,9,train,1220,1220,0
40,50,,221,train,1220,1220,114190
241,50,,29,train,1220,1220,12020
758,50,,13,train,1220,1220,6010
546,1,,23,train,1220,1220,12020
876,1,,45,train,1220,1220,24040
712,1,,241,train,1220,1220,126210
25,1,,395,train,1220,1220,210350
405,1,,5,train,1220,1220,0
75,1,,69,train,1220,1220,36060
64,1,,8,train,1220,1220,0
985,1,,243,train,1220,1220,126210
473,1,,17,train,1220,1220,6010
983,1,,79,train,1220,1220,42070
785,1,,9,train,1220,1220,0
365,1,,99,train,1220,1220,48080
257,1,,11,train,1220,1220,0
354,1,,496,train,1220,1220,264440
35,1,,23,train,1220,1220,12020
33,1,,8,train,1220,1220,0
654,1,,14,train,1220,1220,6010
250,1,,5,train,1220,1220,0
229,1,,45,train,1220,1220,24040
865,1,,18,train,1220,1220,6010
822,2,,6,train,1220,1220,0
270,2,,226,train,1220,1220,120200
533,2,,12,train,1220,1220,6010
252,2,,17,train,1220,1220,6010
166,2,,582,train,1220,1220,312520
618,2,,29,train,1220,1220,12020
190,2,,8,train,1220,1220,0
567,2,,27,train,1220,1220,12020
718,2,,5,train,1220,1220,0
638,2,,24,train,1220,1220,12020
611,2,,16,train,1220,1220,6010
103,2,,26,train,1220,1220,12020
805,2,,32,train,1220,1220,12020
337,2,,46,train,1220,1220,24040
633,2,,83,train,1220,1220,42070
960,2,,7,train,1220,1220,0
427,2,,126,train,1220,1220,66110
253,2,,392,train,1220,1220,210350
904,2,,6,train,1220,1220,0
888,2,,26,train,1220,1220,12020
116,3,,796,train,1220,1220,426710
190,3,,8,train,1220,1220,0
981,3,,9,train,1220,1220,0
732,3,,379,train,1220,1220,204340
24,3,,9,train,1220,1220,0
287,3,,6,train,1220,1220,0
40,3,,221,train,1220,1220,114190
522,3,,47,train,1220,1220,24040
82,3,,22,train,1220,1220,6010
721,3,,31,train,1220,1220,12020
992,3,,154,train,1220,1220,78130
417,3,,13,train,1220,1220,6010
480,3,,17,train,1220,1220,6010
156,3,,133,train,1220,1220,66110
236,3,,71,train,1220,1220,36060
978,3,,30,train,1220,1220,12020
914,3,,43,train,1220,1220,18030
706,3,,5,train,1220,1220,0
330,3,,10,train,1220,1220,0
881,3,,235,train,1220,1220,126210
17,4,,85,train,1220,1220,42070
438,4,,1000,train,1220,1220,540900
361,4,,146,train,1220,1220,78130
885,4,,34,train,1220,1220,18030
707,4,,167,train,1220,1220,90150
615,4,,6,train,1220,1220,0
917,4,,28,train,1220,1220,12020
18,4,,9,train,1220,1220,0
324,4,,6,train,1220,1220,0
764,4,,970,train,1220,1220,522870
936,4,,8,train,1220,1220,0
582,4,,11,train,1220,1220,0
11,4,,43,train,1220,1220,18030
2,4,,52,train,1220,1220,24040
976,4,,8,train,1220,1220,0
391,4,,38,train,1220,1220,18030
958,4,,27,train,1220,1220,12020
108,4,,97,train,1220,1220,48080
48,4,,105,train,1220,1220,54090
853,4,,31,train,1220,1220,12020
271,5,,9,train,1220,1220,0
140,5,,8,train,1220,1220,0
92,5,,202,train,1220,1220,108180
875,5,,25,train,1220,1220,12020
235,5,,5,train,1220,1220,0
595,5,,1000,train,1220,1220,540900
738,5,,9,train,1220,1220,0
815,5,,255,train,1220,1220,132220
938,5,,535,train,1220,1220,288480
729,5,,89,train,1220,1220,48080
751,5,,9,train,1220,1220,0
481,5,,106,train,1220,1220,54090
449,5,,5,train,1220,1220,0
698,5,,16,train,1220,1220,6010
298,5,,19,train,1220,1220,6010
471,5,,27,train,1220,1220,12020
9,5,,672,train,1220,1220,360600
625,5,,6,train,1220,1220,0
689,5,,23,train,1220,1220,12020
214,5,,58,train,1220,1220,30050
208,6,,33,train,1220,1220,12020
220,6,,48,train,1220,1220,24040
11,6,,43,train,1220,1220,18030
995,6,,12,train,1220,1220,6010
610,6,,10,train,1220,1220,0
841,6,,6,train,1220,1220,0
821,6,,1000,train,1220,1220,540900
145,6,,168,train,1220,1220,90150
186,6,,47,train,1220,1220,24040
692,6,,76,train,1220,1220,36060
20,6,,64,train,1220,1220,30050
826,6,,9,train,1220,1220,0
601,6,,65,train,1220,1220,30050
665,6,,8,train,1220,1220,0
12,6,,40,train,1220,1220,18030
423,6,,11,train,1220,1220,0
300,6,,165,train,1220,1220,84140
920,6,,69,train,1220,1220,36060
757,6,,5,train,1220,1220,0
160,6,,23,train,1220,1220,12020
100,7,,9,train,1220,1220,0
556,7,,69,train,1220,1220,36060
66,7,,45,train,1220,1220,24040
994,7,,6,train,1220,1220,0
194,7,,475,train,1220,1220,252420
885,7,,34,train,1220,1220,18030
889,7,,14,train,1220,1220,6010
344,7,,16,train,1220,1220,6010
279,7,,23,train,1220,1220,12020
621,7,,13,train,1220,1220,6010
406,7,,5,train,1220,1220,0
142,7,,6,train,1220,1220,0
173,7,,37,train,1220,1220,18030
254,7,,15,train,1220,1220,6010
670,7,,11,train,1220,1220,0
684,7,,5,train,1220,1220,0
397,7,,116,train,1220,1220,60100
185,7,,15,train,1220,1220,6010
777,7,,22,train,1220,1220,6010
783,7,,45,train,1220,1220,24040
879,8,,23,train,1220,1220,12020
723,8,,11,train,1220,1220,0
65,8,,21,train,1220,1220,6010
303,8,,5,train,1220,1220,0
337,8,,46,train,1220,1220,24040
737,8,,14,train,1220,1220,6010
652,8,,83,train,1220,1220,42070
773,8,,76,train,1220,1220,36060
958,8,,27,train,1220,1220,12020
709,8,,5,train,1220,1220,0
880,8,,32,train,1220,1220,12020
648,8,,10,train,1220,1220,0
435,8,,77,train,1220,1220,36060
909,8,,9,train,1220,1220,0
776,8,,62,train,1220,1220,30050
817,8,,8,train,1220,1220,0
42,8,,65,train,1220,1220,30050
485,8,,1000,train,1220,1220,540900
672,8,,190,train,1220,1220,102170
707,8,,167,train,1220,1220,90150
806,9,,79,train,1220,1220,42070
269,9,,10,train,1220,1220,0
812,9,,28,train,1220,1220,12020
140,9,,8,train,1220,1220,0
646,9,,49,train,1220,1220,24040
115,9,,41,train,1220,1220,18030
785,9,,9,train,1220,1220,0
346,9,,21,train,1220,1220,6010
576,9,,174,train,1220,1220,90150
574,9,,211,train,1220,1220,108180
33,9,,8,train,1220,1220,0
651,9,,29,train,1220,1220,12020
235,9,,5,train,1220,1220,0
659,9,,6,train,1220,1220,0
442,9,,594,train,1220,1220,318530
174,9,,18,train,1220,1220,6010
87,9,,6,train,1220,1220,0
48,9,,105,train,1220,1220,54090
291,9,,87,train,1220,1220,42070
391,9,,38,train,1220,1220,18030
657,10,,101,train,1220,1220,54090
556,10,,69,train,1220,1220,36060
627,10,,159,train,1220,1220,84140
902,10,,8,train,1220,1220,0
944,10,,6,train,1220,1220,0
783,10,,45,train,1220,1220,24040
971,10,,195,train,1220,1220,102170
384,10,,1000,train,1220,1220,540900
493,10,,5,train,1220,1220,0
361,10,,146,train,1220,1220,78130
33,10,,8,train,1220,1220,0
165,10,,109,train,1220,1220,54090
489,10,,22,train,1220,1220,6010
995,10,,12,train,1220,1220,6010
279,10,,23,train,1220,1220,12020
14,10,,7,train,1220,1220,0
301,10,,82,train,1220,1220,42070
324,10,,6,train,1220,1220,0
116,10,,796,train,1220,1220,426710
714,10,,26,train,1220,1220,12020
744,11,,31,train,1220,1220,12020
776,11,,62,train,1220,1220,30050
793,11,,6,train,1220,1220,0
711,11,,57,train,1220,1220,30050
553,11,,6,train,1220,1220,0
113,11,,26,train,1220,1220,12020
945,11,,22,train,1220,1220,6010
280,11,,40,train,1220,1220,18030
456,11,,5,train,1220,1220,0
23,11,,18,train,1220,1220,6010
528,11,,67,train,1220,1220,36060
170,11,,485,train,1220,1220,258430
378,11,,6,train,1220,1220,0
962,11,,68,train,1220,1220,36060
10,11,,5,train,1220,1220,0
432,11,,20,train,1220,1220,6010
12,11,,40,train,1220,1220,18030
627,11,,159,train,1220,1220,84140
742,11,,31,train,1220,1220,12020
499,11,,7,train,1220,1220,0
96,12,,38,train,1220,1220,18030
709,12,,5,train,1220,1220,0
717,12,,10,train,1220,1220,0
421,12,,8,train,1220,1220,0
612,12,,7,train,1220,1220,0
933,12,,18,train,1220,1220,6010
504,12,,7,train,1220,1220,0
999,12,,16,train,1220,1220,6010
723,12,,11,train,1220,1220,0
898,12,,19,train,1220,1220,6010
339,12,,12,train,1220,1220,6010
112,12,,36,train,1220,1220,18030
783,12,,45,train,1220,1220,24040
471,12,,27,train,1220,1220,12020
891,12,,23,train,1220,1220,12020
424,12,,5,train,1220,1220,0
457,12,,222,train,1220,1220,114190
346,12,,21,train,1220,1220,6010
808,12,,10,train,1220,1220,0
592,12,,30,train,1220,1220,12020
304,13,,29,train,1220,1220,12020
346,13,,21,train,1220,1220,6010
46,13,,6,train,1220,1220,0
829,13,,8,train,1220,1220,0
24,13,,9,train,1220,1220,0
702,13,,6,train,1220,1220,0
241,13,,29,train,1220,1220,12020
850,13,,24,train,1220,1220,12020
873,13,,49,train,1220,1220,24040
821,13,,1000,train,1220,1220,540900
156,13,,133,train,1220,1220,66110
848,13,,12,train,1220,1220,6010
49,13,,9,train,1220,1220,0
667,13,,10,train,1220,1220,0
509,13,,91,train,1220,1220,48080
327,13,,20,train,1220,1220,6010
889,13,,14,train,1220,1220,6010
979,13,,149,train,1220,1220,78130
234,13,,65,train,1220,1220,30050
121,13,,60,train,1220,1220,30050
0,14,,86,train,1220,1220,42070
806,14,,79,train,1220,1220,42070
572,14,,110,train,1220,1220,54090
378,14,,6,train,1220,1220,0
268,14,,9,train,1220,1220,0
973,14,,92,train,1220,1220,48080
622,14,,1000,train,1220,1220,540900
629,14,,7,train,1220,1220,0
636,14,,31,train,1220,1220,12020
134,14,,64,train,1220,1220,30050
125,14,,14,train,1220,1220,6010
304,14,,29,train,1220,1220,12020
919,14,,18,train,1220,1220,6010
868,14,,5,train,1220,1220,0
578,14,,42,train,1220,1220,18030
847,14,,73,train,1220,1220,36060
342,14,,22,train,1220,1220,6010
205,14,,13,train,1220,1220,6010
855,14,,250,train,1220,1220,132220
440,14,,8,train,1220,1220,0
436,15,,451,train,1220,1220,240400
253,15,,392,train,1220,1220,210350
112,15,,36,train,1220,1220,18030
498,15,,5,train,1220,1220,0
584,15,,6,train,1220,1220,0
730,15,,37,train,1220,1220,18030
120,15,,36,train,1220,1220,18030
761,15,,12,train,1220,1220,6010
753,15,,80,train,1220,1220,42070
23,15,,18,train,1220,1220,6010
100,15,,9,train,1220,1220,0
247,15,,19,train,1220,1220,6010
82,15,,22,train,1220,1220,6010
686,15,,66,train,1220,1220,30050
674,15,,8,train,1220,1220,0
619,15,,11,train,1220,1220,0
33,15,,8,train,1220,1220,0
997,15,,32,train,1220,1220,12020
398,15,,10,train,1220,1220,0
480,15,,17,train,1220,1220,6010
38,16,,642,train,1220,1220,342570
871,16,,10,train,1220,1220,0
917,16,,28,train,1220,1220,12020
643,16,,29,train,1220,1220,12020
591,16,,21,train,1220,1220,6010
266,16,,31,train,1220,1220,12020
395,16,,34,train,1220,1220,18030
639,16,,10,train,1220,1220,0
723,16,,11,train,1220,1220,0
281,16,,10,train,1220,1220,0
982,16,,6,train,1220,1220,0
932,16,,77,train,1220,1220,36060
547,16,,12,train,1220,1220,6010
291,16,,87,train,1220,1220,42070
903,16,,32,train,1220,1220,12020
845,16,,101,train,1220,1220,54090
703,16,,16,train,1220,1220,6010
499,16,,7,train,1220,1220,0
385,16,,12,train,1220,1220,6010
649,16,,188,train,1220,1220,96160
374,17,,6,train,1220,1220,0
682,17,,8,train,1220,1220,0
310,17,,126,train,1220,1220,66110
420,17,,670,train,1220,1220,360600
152,17,,7,train,1220,1220,0
572,17,,110,train,1220,1220,54090
918,17,,48,train,1220,1220,24040
93,17,,19,train,1220,1220,6010
691,17,,171,train,1220,1220,90150
148,17,,20,train,1220,1220,6010
436,17,,451,train,1220,1220,240400
751,17,,9,train,1220,1220,0
345,17,,219,train,1220,1220,114190
249,17,,6,train,1220,1220,0
863,17,,7,train,1220,1220,0
140,17,,8,train,1220,1220,0
960,17,,7,train,1220,1220,0
302,17,,11,train,1220,1220,0
324,17,,6,train,1220,1220,0
120,17,,36,train,1220,1220,18030
318,18,,6,train,1220,1220,0
484,18,,204,train,1220,1220,108180
569,18,,14,train,1220,1220,6010
940,18,,775,train,1220,1220,414690
109,18,,24,train,1220,1220,12020
190,18,,8,train,1220,1220,0
939,18,,12,train,1220,1220,6010
854,18,,42,train,1220,1220,18030
452,18,,6,train,1220,1220,0
196,18,,8,train,1220,1220,0
395,18,,34,train,1220,1220,18030
324,18,,6,train,1220,1220,0
132,18,,21,train,1220,1220,6010
6,18,,11,train,1220,1220,0
985,18,,243,train,1220,1220,126210
24,18,,9,train,1220,1220,0
822,18,,6,train,1220,1220,0
299,18,,288,train,1220,1220,150250
53,18,,10,train,1220,1220,0
322,18,,17,train,1220,1220,6010
884,19,,11,train,1220,1220,0
235,19,,5,train,1220,1220,0
361,19,,146,train,1220,1220,78130
711,19,,57,train,1220,1220,30050
964,19,,32,train,1220,1220,12020
547,19,,12,train,1220,1220,6010
823,19,,19,train,1220,1220,6010
233,19,,12,train,1220,1220,6010
935,19,,12,train,1220,1220,6010
149,19,,623,train,1220,1220,336560
6,19,,11,train,1220,1220,0
972,19,,6,train,1220,1220,0
598,19,,69,train,1220,1220,36060
338,19,,20,train,1220,1220,6010
906,19,,10,train,1220,1220,0
504,19,,7,train,1220,1220,0
724,19,,149,train,1220,1220,78130
697,19,,17,train,1220,1220,6010
874,19,,121,train,1220,1220,60100
363,19,,7,train,1220,1220,0
636,20,,31,train,1220,1220,12020
586,20,,124,train,1220,1220,66110
603,20,,11,train,1220,1220,0
134,20,,64,train,1220,1220,30050
492,20,,7,train,1220,1220,0
891,20,,23,train,1220,1220,12020
738,20,,9,train,1220,1220,0
683,20,,192,train,1220,1220,102170
35,20,,23,train,1220,1220,12020
648,20,,10,train,1220,1220,0
800,20,,14,train,1220,1220,6010
860,20,,51,train,1220,1220,24040
802,20,,55,train,1220,1220,24040
272,20,,543,train,1220,1220,288480
385,20,,12,train,1220,1220,6010
411,20,,68,train,1220,1220,36060
937,20,,26,train,1220,1220,12020
419,20,,25,train,1220,1220,12020
324,20,,6,train,1220,1220,0
822,20,,6,train,1220,1220,0
994,21,,6,train,1220,1220,0
977,21,,15,train,1220,1220,6010
999,21,,16,train,1220,1220,6010
839,21,,29,train,1220,1220,12020
819,21,,26,train,1220,1220,12020
953,21,,14,train,1220,1220,6010
378,21,,6,train,1220,1220,0
222,21,,176,train,1220,1220,90150
935,21,,12,train,1220,1220,6010
890,21,,5,train,1220,1220,0
854,21,,42,train,1220,1220,18030
821,21,,1000,train,1220,1220,540900
218,21,,1000,train,1220,1220,540900
299,21,,288,train,1220,1220,150250
864,21,,16,train,1220,1220,6010
135,21,,24,train,1220,1220,12020
576,21,,174,train,1220,1220,90150
161,21,,32,train,1220,1220,12020
371,21,,5,train,1220,1220,0
164,21,,23,train,1220,1220,12020
683,22,,192,train,1220,1220,102170
629,22,,7,train,1220,1220,0
980,22,,26,train,1220,1220,12020
442,22,,594,train,1220,1220,318530
191,22,,7,train,1220,1220,0
167,22,,469,train,1220,1220,252420
323,22,,6,train,1220,1220,0
723,22,,11,train,1220,1220,0
240,22,,349,train,1220,1220,186310
930,22,,79,train,1220,1220,42070
79,22,,12,train,1220,1220,6010
640,22,,14,train,1220,1220,6010
927,22,,21,train,1220,1220,6010
220,22,,48,train,1220,1220,24040
882,22,,258,train,1220,1220,138230
276,22,,154,train,1220,1220,78130
176,22,,95,train,1220,1220,48080
715,22,,110,train,1220,1220,54090
342,22,,22,train,1220,1220,6010
661,22,,8,train,1220,1220,0
889,23,,14,train,1220,1220,6010
843,23,,6,train,1220,1220,0
957,23,,43,train,1220,1220,18030
821,23,,1000,train,1220,1220,540900
561,23,,7,train,1220,1220,0
77,23,,10,train,1220,1220,0
426,23,,5,train,1220,1220,0
479,23,,7,train,1220,1220,0
653,23,,96,train,1220,1220,48080
753,23,,80,train,1220,1220,42070
908,23,,106,train,1220,1220,54090
601,23,,65,train,1220,1220,30050
481,23,,106,train,1220,1220,54090
404,23,,27,train,1220,1220,12020
279,23,,23,train,1220,1220,12020
860,23,,51,train,1220,1220,24040
662,23,,31,train,1220,1220,12020
153,23,,18,train,1220,1220,6010
786,23,,8,train,1220,1220,0
878,23,,6,train,1220,1220,0
115,24,,41,train,1220,1220,18030
513,24,,122,train,1220,1220,60100
119,24,,190,train,1220,1220,102170
622,24,,1000,train,1220,1220,540900
801,24,,65,train,1220,1220,30050
120,24,,36,train,1220,1220,18030
420,24,,670,train,1220,1220,360600
140,24,,8,train,1220,1220,0
517,24,,16,train,1220,1220,6010
537,24,,425,train,1220,1220,228380
993,24,,9,train,1220,1220,0
830,24,,102,train,1220,1220,54090
657,24,,101,train,1220,1220,54090
248,24,,19,train,1220,1220,6010
955,24,,197,train,1220,1220,102170
724,24,,149,train,1220,1220,78130
407,24,,176,train,1220,1220,90150
448,24,,15,train,1220,1220,6010
734,24,,1000,train,1220,1220,540900
421,24,,8,train,1220,1220,0
686,25,,66,train,1220,1220,30050
303,25,,5,train,1220,1220,0
593,25,,1000,train,1220,1220,540900
933,25,,18,train,1220,1220,6010
249,25,,6,train,1220,1220,0
615,25,,6,train,1220,1220,0
861,25,,6,train,1220,1220,0
457,25,,222,train,1220,1220,114190
392,25,,56,train,1220,1220,30050
363,25,,7,train,1220,1220,0
828,25,,223,train,1220,1220,120200
604,25,,5,train,1220,1220,0
49,25,,9,train,1220,1220,0
90,25,,80,train,1220,1220,42070
795,25,,19,train,1220,1220,6010
653,25,,96,train,1220,1220,48080
141,25,,31,train,1220,1220,12020
198,25,,160,train,1220,1220,84140
909,25,,9,train,1220,1220,0
667,25,,10,train,1220,1220,0
351,26,,6,train,1220,1220,0
202,26,,5,train,1220,1220,0
625,26,,6,train,1220,1220,0
541,26,,6,train,1220,1220,0
146,26,,15,train,1220,1220,6010
206,26,,51,train,1220,1220,24040
38,26,,642,train,1220,1220,342570
325,26,,5,train,1220,1220,0
58,26,,94,train,1220,1220,48080
984,26,,8,train,1220,1220,0
261,26,,21,train,1220,1220,6010
30,26,,5,train,1220,1220,0
604,26,,5,train,1220,1220,0
479,26,,7,train,1220,1220,0
714,26,,26,train,1220,1220,12020
828,26,,223,train,1220,1220,120200
187,26,,5,train,1220,1220,0
745,26,,1000,train,1220,1220,540900
594,26,,16,train,1220,1220,6010
346,26,,21,train,1220,1220,6010
986,27,,9,train,1220,1220,0
782,27,,42,train,1220,1220,18030
138,27,,12,train,1220,1220,6010
248,27,,19,train,1220,1220,6010
201,27,,19,train,1220,1220,6010
392,27,,56,train,1220,1220,30050
679,27,,81,train,1220,1220,42070
24,27,,9,train,1220,1220,0
111,27,,96,train,1220,1220,48080
444,27,,6,train,1220,1220,0
28,27,,53,train,1220,1220,24040
478,27,,24,train,1220,1220,12020
644,27,,1000,train,1220,1220,540900
300,27,,165,train,1220,1220,84140
150,27,,12,train,1220,1220,6010
178,27,,7,train,1220,1220,0
200,27,,22,train,1220,1220,6010
15,27,,8,train,1220,1220,0
155,27,,5,train,1220,1220,0
106,27,,10,train,1220,1220,0
516,28,,6,train,1220,1220,0
194,28,,475,train,1220,1220,252420
44,28,,7,train,1220,1220,0
291,28,,87,train,1220,1220,42070
409,28,,20,train,1220,1220,6010
6,28,,11,train,1220,1220,0
248,28,,19,train,1220,1220,6010
168,28,,71,train,1220,1220,36060
629,28,,7,train,1220,1220,0
367,28,,90,train,1220,1220,48080
141,28,,31,train,1220,1220,12020
232,28,,7,train,1220,1220,0
988,28,,112,train,1220,1220,60100
175,28,,11,train,1220,1220,0
745,28,,1000,train,1220,1220,540900
479,28,,7,train,1220,1220,0
938,28,,535,train,1220,1220,288480
26,28,,23,train,1220,1220,12020
916,28,,6,train,1220,1220,0
344,28,,16,train,1220,1220,6010
475,29,,8,train,1220,1220,0
115,29,,41,train,1220,1220,18030
63,29,,113,train,1220,1220,60100
961,29,,73,train,1220,1220,36060
902,29,,8,train,1220,1220,0
327,29,,20,train,1220,1220,6010
795,29,,19,train,1220,1220,6010
975,29,,66,train,1220,1220,30050
335,29,,5,train,1220,1220,0
24,29,,9,train,1220,1220,0
725,29,,19,train,1220,1220,6010
491,29,,5,train,1220,1220,0
55,29,,479,train,1220,1220,258430
133,29,,88,train,1220,1220,42070
520,29,,11,train,1220,1220,0
593,29,,1000,train,1220,1220,540900
607,29,,333,train,1220,1220,174290
254,29,,15,train,1220,1220,6010
476,29,,16,train,1220,1220,6010
342,29,,22,train,1220,1220,6010
816,30,,12,train,1220,1220,6010
750,30,,163,train,1220,1220,84140
700,30,,27,train,1220,1220,12020
416,30,,9,train,1220,1220,0
326,30,,321,train,1220,1220,168280
22,30,,15,train,1220,1220,6010
560,30,,516,train,1220,1220,276460
209,30,,6,train,1220,1220,0
378,30,,6,train,1220,1220,0
111,30,,96,train,1220,1220,48080
882,30,,258,train,1220,1220,138230
336,30,,11,train,1220,1220,0
67,30,,22,train,1220,1220,6010
833,30,,13,train,1220,1220,6010
596,30,,9,train,1220,1220,0
886,30,,1000,train,1220,1220,540900
641,30,,12,train,1220,1220,6010
588,30,,5,train,1220,1220,0
500,30,,37,train,1220,1220,18030
294,30,,29,train,1220,1220,12020
179,31,,135,train,1220,1220,72120
693,31,,9,train,1220,1220,0
643,31,,29,train,1220,1220,12020
915,31,,15,train,1220,1220,6010
136,31,,76,train,1220,1220,36060
840,31,,10,train,1220,1220,0
508,31,,171,train,1220,1220,90150
483,31,,8,train,1220,1220,0
971,31,,195,train,1220,1220,102170
173,31,,37,train,1220,1220,18030
696,31,,5,train,1220,1220,0
454,31,,56,train,1220,1220,30050
339,31,,12,train,1220,1220,6010
656,31,,5,train,1220,1220,0
139,31,,365,train,1220,1220,192320
401,31,,17,train,1220,1220,6010
710,31,,12,train,1220,1220,6010
548,31,,91,train,1220,1220,48080
916,31,,6,train,1220,1220,0
311,31,,20,train,1220,1220,6010
978,32,,30,train,1220,1220,12020
468,32,,78,train,1220,1220,42070
972,32,,6,train,1220,1220,0
177,32,,27,train,1220,1220,12020
900,32,,29,train,1220,1220,12020
955,32,,197,train,1220,1220,102170
274,32,,7,train,1220,1220,0
600,32,,6,train,1220,1220,0
287,32,,6,train,1220,1220,0
9,32,,672,train,1220,1220,360600
476,32,,16,train,1220,1220,6010
61,32,,23,train,1220,1220,12020
13,32,,133,train,1220,1220,66110
318,32,,6,train,1220,1220,0
764,32,,970,train,1220,1220,522870
459,32,,80,train,1220,1220,42070
720,32,,321,train,1220,1220,168280
541,32,,6,train,1220,1220,0
669,32,,349,train,1220,1220,186310
796,32,,109,train,1220,1220,54090
92,33,,202,train,1220,1220,108180
73,33,,5,train,1220,1220,0
243,33,,41,train,1220,1220,18030
33,33,,8,train,1220,1220,0
172,33,,13,train,1220,1220,6010
385,33,,12,train,1220,1220,6010
296,33,,9,train,1220,1220,0
702,33,,6,train,1220,1220,0
757,33,,5,train,1220,1220,0
80,33,,6,train,1220,1220,0
588,33,,5,train,1220,1220,0
177,33,,27,train,1220,1220,12020
27,33,,43,train,1220,1220,18030
370,33,,731,train,1220,1220,390650
596,33,,9,train,1220,1220,0
414,33,,551,train,1220,1220,294490
533,33,,12,train,1220,1220,6010
91,33,,5,train,1220,1220,0
480,33,,17,train,1220,1220,6010
160,33,,23,train,1220,1220,12020
395,34,,34,train,1220,1220,18030
225,34,,14,train,1220,1220,6010
806,34,,79,train,1220,1220,42070
0,34,,86,train,1220,1220,42070
844,34,,39,train,1220,1220,18030
524,34,,22,train,1220,1220,6010
358,34,,21,train,1220,1220,6010
375,34,,82,train,1220,1220,42070
920,34,,69,train,1220,1220,36060
894,34,,9,train,1220,1220,0
419,34,,25,train,1220,1220,12020
437,34,,18,train,1220,1220,6010
794,34,,29,train,1220,1220,12020
692,34,,76,train,1220,1220,36060
153,34,,18,train,1220,1220,6010
610,34,,10,train,1220,1220,0
210,34,,9,train,1220,1220,0
977,34,,15,train,1220,1220,6010
721,34,,31,train,1220,1220,12020
111,34,,96,train,1220,1220,48080
709,35,,5,train,1220,1220,0
639,35,,10,train,1220,1220,0
702,35,,6,train,1220,1220,0
442,35,,594,train,1220,1220,318530
996,35,,9,train,1220,1220,0
377,35,,12,train,1220,1220,6010
70,35,,9,train,1220,1220,0
43,35,,23,train,1220,1220,12020
723,35,,11,train,1220,1220,0
906,35,,10,train,1220,1220,0
763,35,,5,train,1220,1220,0
408,35,,7,train,1220,1220,0
254,35,,15,train,1220,1220,6010
362,35,,55,train,1220,1220,24040
691,35,,171,train,1220,1220,90150
202,35,,5,train,1220,1220,0
842,35,,23,train,1220,1220,12020
219,35,,35,train,1220,1220,18030
394,35,,10,train,1220,1220,0
760,35,,18,train,1220,1220,6010
225,36,,14,train,1220,1220,6010
686,36,,66,train,1220,1220,30050
592,36,,30,train,1220,1220,12020
884,36,,11,train,1220,1220,0
687,36,,12,train,1220,1220,6010
243,36,,41,train,1220,1220,18030
102,36,,614,train,1220,1220,330550
517,36,,16,train,1220,1220,6010
612,36,,7,train,1220,1220,0
608,36,,85,train,1220,1220,42070
708,36,,45,train,1220,1220,24040
150,36,,12,train,1220,1220,6010
816,36,,12,train,1220,1220,6010
457,36,,222,train,1220,1220,114190
120,36,,36,train,1220,1220,18030
889,36,,14,train,1220,1220,6010
44,36,,7,train,1220,1220,0
201,36,,19,train,1220,1220,6010
940,36,,775,train,1220,1220,414690
973,36,,92,train,1220,1220,48080
509,37,,91,train,1220,1220,48080
720,37,,321,train,1220,1220,168280
236,37,,71,train,1220,1220,36060
53,37,,10,train,1220,1220,0
770,37,,8,train,1220,1220,0
376,37,,21,train,1220,1220,6010
893,37,,28,train,1220,1220,12020
494,37,,415,train,1220,1220,222370
862,37,,5,train,1220,1220,0
101,37,,741,train,1220,1220,396660
21,37,,24,train,1220,1220,12020
230,37,,9,train,1220,1220,0
398,37,,10,train,1220,1220,0
544,37,,65,train,1220,1220,30050
696,37,,5,train,1220,1220,0
36,37,,5,train,1220,1220,0
964,37,,32,train,1220,1220,12020
988,37,,112,train,1220,1220,60100
388,37,,9,train,1220,1220,0
88,37,,5,train,1220,1220,0
861,38,,6,train,1220,1220,0
661,38,,8,train,1220,1220,0
461,38,,103,train,1220,1220,54090
938,38,,535,train,1220,1220,288480
532,38,,69,train,1220,1220,36060
284,38,,12,train,1220,1220,6010
648,38,,10,train,1220,1220,0
305,38,,81,train,1220,1220,42070
280,38,,40,train,1220,1220,18030
238,38,,13,train,1220,1220,6010
246,38,,12,train,1220,1220,6010
528,38,,67,train,1220,1220,36060
85,38,,787,train,1220,1220,420700
788,38,,5,train,1220,1220,0
117,38,,450,train,1220,1220,240400
871,38,,10,train,1220,1220,0
487,38,,14,train,1220,1220,6010
380,38,,29,train,1220,1220,12020
356,38,,20,train,1220,1220,6010
300,38,,165,train,1220,1220,84140
398,39,,10,train,1220,1220,0
526,39,,8,train,1220,1220,0
745,39,,1000,train,1220,1220,540900
882,39,,258,train,1220,1220,138230
497,39,,69,train,1220,1220,36060
340,39,,16,train,1220,1220,6010
321,39,,99,train,1220,1220,48080
554,39,,327,train,1220,1220,174290
304,39,,29,train,1220,1220,12020
828,39,,223,train,1220,1220,120200
67,39,,22,train,1220,1220,6010
878,39,,6,train,1220,1220,0
913,39,,6,train,1220,1220,0
749,39,,52,train,1220,1220,24040
485,39,,1000,train,1220,1220,540900
886,39,,1000,train,1220,1220,540900
452,39,,6,train,1220,1220,0
332,39,,14,train,1220,1220,6010
40,39,,221,train,1220,1220,114190
456,39,,5,train,1220,1220,0
184,40,,7,train,1220,1220,0
115,40,,41,train,1220,1220,18030
359,40,,12,train,1220,1220,6010
176,40,,95,train,1220,1220,48080
403,40,,58,train,1220,1220,30050
907,40,,21,train,1220,1220,6010
287,40,,6,train,1220,1220,0
160,40,,23,train,1220,1220,12020
545,40,,210,train,1220,1220,108180
75,40,,69,train,1220,1220,36060
714,40,,26,train,1220,1220,12020
929,40,,8,train,1220,1220,0
195,40,,33,train,1220,1220,12020
924,40,,61,train,1220,1220,30050
50,40,,157,train,1220,1220,84140
257,40,,11,train,1220,1220,0
402,40,,13,train,1220,1220,6010
48,40,,105,train,1220,1220,54090
789,40,,5,train,1220,1220,0
897,40,,6,train,1220,1220,0
635,41,,47,train,1220,1220,24040
554,41,,327,train,1220,1220,174290
792,41,,72,train,1220,1220,36060
763,41,,5,train,1220,1220,0
429,41,,120,train,1220,1220,60100
409,41,,20,train,1220,1220,6010
981,41,,9,train,1220,1220,0
611,41,,16,train,1220,1220,6010
431,41,,28,train,1220,1220,12020
852,41,,1000,train,1220,1220,540900
752,41,,21,train,1220,1220,6010
457,41,,222,train,1220,1220,114190
672,41,,190,train,1220,1220,102170
27,41,,43,train,1220,1220,18030
653,41,,96,train,1220,1220,48080
772,41,,63,train,1220,1220,30050
416,41,,9,train,1220,1220,0
268,41,,9,train,1220,1220,0
669,41,,349,train,1220,1220,186310
803,41,,5,train,1220,1220,0
722,42,,85,train,1220,1220,42070
617,42,,36,train,1220,1220,18030
264,42,,11,train,1220,1220,0
151,42,,5,train,1220,1220,0
654,42,,14,train,1220,1220,6010
853,42,,31,train,1220,1220,12020
90,42,,80,train,1220,1220,42070
79,42,,12,train,1220,1220,6010
122,42,,47,train,1220,1220,24040
752,42,,21,train,1220,1220,6010
979,42,,149,train,1220,1220,78130
711,42,,57,train,1220,1220,30050
105,42,,39,train,1220,1220,18030
599,42,,53,train,1220,1220,24040
28,42,,53,train,1220,1220,24040
41,42,,62,train,1220,1220,30050
756,42,,5,train,1220,1220,0
320,42,,338,train,1220,1220,180300
633,42,,83,train,1220,1220,42070
335,42,,5,train,1220,1220,0
345,43,,219,train,1220,1220,114190
492,43,,7,train,1220,1220,0
426,43,,5,train,1220,1220,0
841,43,,6,train,1220,1220,0
661,43,,8,train,1220,1220,0
490,43,,30,train,1220,1220,12020
753,43,,80,train,1220,1220,42070
698,43,,16,train,1220,1220,6010
529,43,,214,train,1220,1220,114190
95,43,,31,train,1220,1220,12020
882,43,,258,train,1220,1220,138230
967,43,,19,train,1220,1220,6010
622,43,,1000,train,1220,1220,540900
845,43,,101,train,1220,1220,54090
21,43,,24,train,1220,1220,12020
228,43,,25,train,1220,1220,12020
994,43,,6,train,1220,1220,0
311,43,,20,train,1220,1220,6010
382,43,,7,train,1220,1220,0
701,43,,107,train,1220,1220,54090
26,44,,23,train,1220,1220,12020
924,44,,61,train,1220,1220,30050
592,44,,30,train,1220,1220,12020
140,44,,8,train,1220,1220,0
726,44,,79,train,1220,1220,42070
714,44,,26,train,1220,1220,12020
308,44,,66,train,1220,1220,30050
97,44,,1000,train,1220,1220,540900
724,44,,149,train,1220,1220,78130
208,44,,33,train,1220,1220,12020
258,44,,14,train,1220,1220,6010
92,44,,202,train,1220,1220,108180
858,44,,315,train,1220,1220,168280
419,44,,25,train,1220,1220,12020
313,44,,23,train,1220,1220,12020
918,44,,48,train,1220,1220,24040
658,44,,8,train,1220,1220,0
603,44,,11,train,1220,1220,0
277,44,,1000,train,1220,1220,540900
614,44,,829,train,1220,1220,444740
211,45,,61,train,1220,1220,30050
710,45,,12,train,1220,1220,6010
455,45,,10,train,1220,1220,0
400,45,,150,train,1220,1220,78130
615,45,,6,train,1220,1220,0
79,45,,12,train,1220,1220,6010
918,45,,48,train,1220,1220,24040
637,45,,8,train,1220,1220,0
524,45,,22,train,1220,1220,6010
707,45,,167,train,1220,1220,90150
875,45,,25,train,1220,1220,12020
686,45,,66,train,1220,1220,30050
704,45,,10,train,1220,1220,0
752,45,,21,train,1220,1220,6010
84,45,,27,train,1220,1220,12020
584,45,,6,train,1220,1220,0
938,45,,535,train,1220,1220,288480
618,45,,29,train,1220,1220,12020
346,45,,21,train,1220,1220,6010
886,45,,1000,train,1220,1220,540900
518,46,,619,train,1220,1220,330550
210,46,,9,train,1220,1220,0
96,46,,38,train,1220,1220,18030
351,46,,6,train,1220,1220,0
59,46,,14,train,1220,1220,6010
233,46,,12,train,1220,1220,6010
413,46,,44,train,1220,1220,18030
182,46,,28,train,1220,1220,12020
629,46,,7,train,1220,1220,0
141,46,,31,train,1220,1220,12020
605,46,,13,train,1220,1220,6010
904,46,,6,train,1220,1220,0
427,46,,126,train,1220,1220,66110
812,46,,28,train,1220,1220,12020
511,46,,18,train,1220,1220,6010
135,46,,24,train,1220,1220,12020
56,46,,13,train,1220,1220,6010
103,46,,26,train,1220,1220,12020
767,46,,34,train,1220,1220,18030
525,46,,11,train,1220,1220,0
856,47,,106,train,1220,1220,54090
911,47,,5,train,1220,1220,0
666,47,,41,train,1220,1220,18030
483,47,,8,train,1220,1220,0
388,47,,9,train,1220,1220,0
851,47,,157,train,1220,1220,84140
567,47,,27,train,1220,1220,12020
891,47,,23,train,1220,1220,12020
822,47,,6,train,1220,1220,0
458,47,,62,train,1220,1220,30050
67,47,,22,train,1220,1220,6010
425,47,,10,train,1220,1220,0
277,47,,1000,train,1220,1220,540900
472,47,,19,train,1220,1220,6010
722,47,,85,train,1220,1220,42070
904,47,,6,train,1220,1220,0
831,47,,17,train,1220,1220,6010
142,47,,6,train,1220,1220,0
58,47,,94,train,1220,1220,48080
811,47,,577,train,1220,1220,306510
374,48,,6,train,1220,1220,0
881,48,,235,train,1220,1220,126210
989,48,,8,train,1220,1220,0
400,48,,150,train,1220,1220,78130
528,48,,67,train,1220,1220,36060
144,48,,1000,train,1220,1220,540900
383,48,,8,train,1220,1220,0
802,48,,55,train,1220,1220,24040
71,48,,25,train,1220,1220,12020
389,48,,16,train,1220,1220,6010
345,48,,219,train,1220,1220,114190
872,48,,20,train,1220,1220,6010
582,48,,11,train,1220,1220,0
289,48,,115,train,1220,1220,60100
703,48,,16,train,1220,1220,6010
968,48,,211,train,1220,1220,108180
44,48,,7,train,1220,1220,0
373,48,,18,train,1220,1220,6010
19,48,,141,train,1220,1220,72120
806,48,,79,train,1220,1220,42070
906,49,,10,train,1220,1220,0
371,49,,5,train,1220,1220,0
553,49,,6,train,1220,1220,0
996,49,,9,train,1220,1220,0
99,49,,291,train,1220,1220,156260
736,49,,1000,train,1220,1220,540900
278,49,,11,train,1220,1220,0
677,49,,91,train,1220,1220,48080
18,49,,9,train,1220,1220,0
224,49,,11,train,1220,1220,0
363,49,,7,train,1220,1220,0
650,49,,33,train,1220,1220,12020
565,49,,20,train,1220,1220,6010
920,49,,69,train,1220,1220,36060
969,49,,23,train,1220,1220,12020
842,49,,23,train,1220,1220,12020
523,49,,6,train,1220,1220,0
509,49,,91,train,1220,1220,48080
971,49,,195,train,1220,1220,102170
431,49,,28,train,1220,1220,12020
631,50,,54,train,1220,1220,24040
26,50,,23,train,1220,1220,12020
252,50,,17,train,1220,1220,6010
977,50,,15,train,1220,1220,6010
440,50,,8,train,1220,1220,0
233,50,,12,train,1220,1220,6010
144,50,,1000,train,1220,1220,540900
700,50,,27,train,1220,1220,12020
166,50,,582,train,1220,1220,312520
9,50,,672,train,1220,1220,360600
373,50,,18,train,1220,1220,6010
351,50,,6,train,1220,1220,0
348,50,,138,train,1220,1220,72120
536,50,,20,train,1220,1220,6010
828,50,,223,train,1220,1220,120200
591,50,,21,train,1220,1220,6010
392,50,,56,train,1220,1220,30050
377,50,,12,train,1220,1220,6010
853,50,,31,train,1220,1220,12020
501,50,,27,train,1220,1220,12020
577,1,,81,train,1220,1220,42070
226,1,,9,train,1220,1220,0
607,1,,333,train,1220,1220,174290
679,1,,81,train,1220,1220,42070
798,1,,15,train,1220,1220,6010
105,1,,39,train,1220,1220,18030
182,1,,28,train,1220,1220,12020
628,1,,36,train,1220,1220,18030
126,1,,29,train,1220,1220,12020
377,1,,12,train,1220,1220,6010
976,1,,8,train,1220,1220,0
161,2,,32,train,1220,1220,12020
10,2,,5,train,1220,1220,0
242,2,,46,train,1220,1220,24040
780,2,,39,train,1220,1220,18030
56,2,,13,train,1220,1220,6010
590,2,,15,train,1220,1220,6010
654,2,,14,train,1220,1220,6010
583,2,,378,train,1220,1220,204340
147,2,,15,train,1220,1220,6010
415,2,,22,train,1220,1220,6010
225,2,,14,train,1220,1220,6010
98,2,,18,train,1220,1220,6010
602,2,,52,train,1220,1220,24040
109,2,,24,train,1220,1220,12020
159,2,,15,train,1220,1220,6010
914,2,,43,train,1220,1220,18030
562,2,,6,train,1220,1220,0
225,3,,14,train,1220,1220,6010
916,3,,6,train,1220,1220,0
899,3,,32,train,1220,1220,12020
642,3,,119,train,1220,1220,60100
533,3,,12,train,1220,1220,6010
413,3,,44,train,1220,1220,18030
56,3,,13,train,1220,1220,6010
848,3,,12,train,1220,1220,6010
923,3,,100,train,1220,1220,54090
107,3,,9,train,1220,1220,0
40,3,,221,train,1220,1220,114190
623,3,,14,train,1220,1220,6010
725,3,,19,train,1220,1220,6010
140,3,,8,train,1220,1220,0
350,3,,9,train,1220,1220,0
708,4,,45,train,1220,1220,24040
205,4,,13,train,1220,1220,6010
579,4,,10,train,1220,1220,0
665,4,,8,train,1220,1220,0
840,4,,10,train,1220,1220,0
410,4,,13,train,1220,1220,6010
805,4,,32,train,1220,1220,12020
737,4,,14,train,1220,1220,6010
966,4,,13,train,1220,1220,6010
954,4,,5,train,1220,1220,0
452,4,,6,train,1220,1220,0
994,4,,6,train,1220,1220,0
900,5,,29,train,1220,1220,12020
823,5,,19,train,1220,1220,6010
584,5,,6,train,1220,1220,0
139,5,,365,train,1220,1220,192320
21,5,,24,train,1220,1220,12020
718,5,,5,train,1220,1220,0
664,5,,20,train,1220,1220,6010
582,5,,11,train,1220,1220,0
833,5,,13,train,1220,1220,6010
714,5,,26,train,1220,1220,12020
898,5,,19,train,1220,1220,6010
596,5,,9,train,1220,1220,0
771,5,,52,train,1220,1220,24040
142,5,,6,train,1220,1220,0
108,5,,97,train,1220,1220,48080
681,5,,7,train,1220,1220,0
262,5,,33,train,1220,1220,12020
610,5,,10,train,1220,1220,0
441,5,,28,train,1220,1220,12020
936,5,,8,train,1220,1220,0
437,5,,18,train,1220,1220,6010
627,5,,159,train,1220,1220,84140
862,5,,5,train,1220,1220,0
44,5,,7,train,1220,1220,0
188,5,,5,train,1220,1220,0
866,6,,68,train,1220,1220,36060
595,6,,1000,train,1220,1220,540900
699,6,,43,train,1220,1220,18030
255,6,,96,train,1220,1220,48080
331,6,,11,train,1220,1220,0
453,6,,45,train,1220,1220,24040
430,6,,65,train,1220,1220,30050
645,6,,19,train,1220,1220,6010
329,6,,46,train,1220,1220,24040
377,6,,12,train,1220,1220,6010
356,6,,20,train,1220,1220,6010
374,6,,6,train,1220,1220,0
173,6,,37,train,1220,1220,18030
125,6,,14,train,1220,1220,6010
891,6,,23,train,1220,1220,12020
16,6,,8,train,1220,1220,0
719,6,,8,train,1220,1220,0
913,6,,6,train,1220,1220,0
704,6,,10,train,1220,1220,0
879,7,,23,train,1220,1220,12020
16,7,,8,train,1220,1220,0
131,7,,951,train,1220,1220,510850
532,7,,69,train,1220,1220,36060
627,7,,159,train,1220,1220,84140
99,7,,291,train,1220,1220,156260
952,7,,55,train,1220,1220,24040
73,7,,5,train,1220,1220,0
15,7,,8,train,1220,1220,0
72,7,,12,train,1220,1220,6010
387,7,,15,train,1220,1220,6010
12,7,,40,train,1220,1220,18030
44,8,,7,train,1220,1220,0
286,8,,187,train,1220,1220,96160
876,8,,45,train,1220,1220,24040
390,8,,378,train,1220,1220,204340
515,8,,461,train,1220,1220,246410
954,8,,5,train,1220,1220,0
711,8,,57,train,1220,1220,30050
808,8,,10,train,1220,1220,0
306,8,,5,train,1220,1220,0
222,8,,176,train,1220,1220,90150
410,8,,13,train,1220,1220,6010
692,8,,76,train,1220,1220,36060
33,8,,8,train,1220,1220,0
891,8,,23,train,1220,1220,12020
791,8,,33,train,1220,1220,12020
532,8,,69,train,1220,1220,36060
864,8,,16,train,1220,1220,6010
486,8,,7,train,1220,1220,0
350,8,,9,train,1220,1220,0
911,8,,5,train,1220,1220,0
165,9,,109,train,1220,1220,54090
319,9,,9,train,1220,1220,0
191,9,,7,train,1220,1220,0
361,9,,146,train,1220,1220,78130
444,9,,6,train,1220,1220,0
139,9,,365,train,1220,1220,192320
376,9,,21,train,1220,1220,6010
752,9,,21,train,1220,1220,6010
311,9,,20,train,1220,1220,6010
63,9,,113,train,1220,1220,60100
66,9,,45,train,1220,1220,24040
188,9,,5,train,1220,1220,0
256,9,,8,train,1220,1220,0
975,9,,66,train,1220,1220,30050
732,9,,379,train,1220,1220,204340
142,9,,6,train,1220,1220,0
363,9,,7,train,1220,1220,0
704,9,,10,train,1220,1220,0
68,10,,126,train,1220,1220,66110
725,10,,19,train,1220,1220,6010
692,10,,76,train,1220,1220,36060
833,10,,13,train,1220,1220,6010
729,10,,89,train,1220,1220,48080
395,10,,34,train,1220,1220,18030
256,10,,8,train,1220,1220,0
553,10,,6,train,1220,1220,0
115,11,,41,train,1220,1220,18030
965,11,,54,train,1220,1220,24040
162,11,,28,train,1220,1220,12020
712,11,,241,train,1220,1220,126210
492,11,,7,train,1220,1220,0
936,11,,8,train,1220,1220,0
98,11,,18,train,1220,1220,6010
447,11,,6,train,1220,1220,0
943,11,,290,train,1220,1220,156260
970,11,,9,train,1220,1220,0
257,11,,11,train,1220,1220,0
335,11,,5,train,1220,1220,0
206,11,,51,train,1220,1220,24040
541,11,,6,train,1220,1220,0
639,11,,10,train,1220,1220,0
51,11,,5,train,1220,1220,0
894,11,,9,train,1220,1220,0
894,12,,9,train,1220,1220,0
165,12,,109,train,1220,1220,54090
79,12,,12,train,1220,1220,6010
562,12,,6,train,1220,1220,0
759,12,,132,train,1220,1220,66110
216,12,,41,train,1220,1220,18030
304,12,,29,train,1220,1220,12020
397,12,,116,train,1220,1220,60100
340,12,,16,train,1220,1220,6010
789,12,,5,train,1220,1220,0
974,12,,178,train,1220,1220,96160
92,12,,202,train,1220,1220,108180
350,12,,9,train,1220,1220,0
187,12,,5,train,1220,1220,0
981,12,,9,train,1220,1220,0
275,12,,5,train,1220,1220,0
779,13,,216,train,1220,1220,114190
599,13,,53,train,1220,1220,24040
271,13,,9,train,1220,1220,0
384,13,,1000,train,1220,1220,540900
299,13,,288,train,1220,1220,150250
282,13,,6,train,1220,1220,0
863,13,,7,train,1220,1220,0
982,13,,6,train,1220,1220,0
363,13,,7,train,1220,1220,0
725,14,,19,train,1220,1220,6010
907,14,,21,train,1220,1220,6010
898,14,,19,train,1220,1220,6010
269,14,,10,train,1220,1220,0
682,14,,8,train,1220,1220,0
325,14,,5,train,1220,1220,0
333,14,,12,train,1220,1220,6010
503,14,,40,train,1220,1220,18030
115,14,,41,train,1220,1220,18030
654,14,,14,train,1220,1220,6010
354,14,,496,train,1220,1220,264440
274,14,,7,train,1220,1220,0
93,14,,19,train,1220,1220,6010
735,14,,200,train,1220,1220,108180
427,14,,126,train,1220,1220,66110
961,14,,73,train,1220,1220,36060
937,14,,26,train,1220,1220,12020
960,14,,7,train,1220,1220,0
188,14,,5,train,1220,1220,0
275,14,,5,train,1220,1220,0
646,15,,49,train,1220,1220,24040
835,15,,20,train,1220,1220,6010
635,15,,47,train,1220,1220,24040
444,15,,6,train,1220,1220,0
33,15,,8,train,1220,1220,0
176,15,,95,train,1220,1220,48080
343,15,,20,train,1220,1220,6010
132,15,,21,train,1220,1220,6010
88,15,,5,train,1220,1220,0
199,15,,13,train,1220,1220,6010
997,15,,32,train,1220,1220,12020
300,16,,165,train,1220,1220,84140
117,16,,450,train,1220,1220,240400
220,16,,48,train,1220,1220,24040
115,16,,41,train,1220,1220,18030
699,16,,43,train,1220,1220,18030
221,16,,49,train,1220,1220,24040
825,16,,60,train,1220,1220,30050
159,16,,15,train,1220,1220,6010
487,16,,14,train,1220,1220,6010
743,16,,5,train,1220,1220,0
405,16,,5,train,1220,1220,0
911,16,,5,train,1220,1220,0
534,17,,146,train,1220,1220,78130
165,17,,109,train,1220,1220,54090
164,17,,23,train,1220,1220,12020
903,17,,32,train,1220,1220,12020
638,17,,24,train,1220,1220,12020
311,17,,20,train,1220,1220,6010
140,17,,8,train,1220,1220,0
423,17,,11,train,1220,1220,0
679,18,,81,train,1220,1220,42070
231,18,,7,train,1220,1220,0
616,18,,9,train,1220,1220,0
489,18,,22,train,1220,1220,6010
980,18,,26,train,1220,1220,12020
769,18,,29,train,1220,1220,12020
961,18,,73,train,1220,1220,36060
949,18,,5,train,1220,1220,0
978,18,,30,train,1220,1220,12020
127,18,,30,train,1220,1220,12020
911,18,,5,train,1220,1220,0
160,19,,23,train,1220,1220,12020
405,19,,5,train,1220,1220,0
578,19,,42,train,1220,1220,18030
450,19,,189,train,1220,1220,102170
18,19,,9,train,1220,1220,0
264,19,,11,train,1220,1220,0
546,19,,23,train,1220,1220,12020
216,19,,41,train,1220,1220,18030
61,19,,23,train,1220,1220,12020
677,19,,91,train,1220,1220,48080
599,19,,53,train,1220,1220,24040
112,19,,36,train,1220,1220,18030
261,19,,21,train,1220,1220,6010
668,19,,107,train,1220,1220,54090
162,19,,28,train,1220,1220,12020
587,19,,11,train,1220,1220,0
979,19,,149,train,1220,1220,78130
932,19,,77,train,1220,1220,36060
125,19,,14,train,1220,1220,6010
401,19,,17,train,1220,1220,6010
993,19,,9,train,1220,1220,0
891,19,,23,train,1220,1220,12020
22,19,,15,train,1220,1220,6010
783,19,,45,train,1220,1220,24040
34,19,,5,train,1220,1220,0
177,19,,27,train,1220,1220,12020
981,19,,9,train,1220,1220,0
491,19,,5,train,1220,1220,0
807,20,,341,train,1220,1220,180300
310,20,,126,train,1220,1220,66110
833,20,,13,train,1220,1220,6010
591,20,,21,train,1220,1220,6010
631,20,,54,train,1220,1220,24040
318,20,,6,train,1220,1220,0
351,20,,6,train,1220,1220,0
627,20,,159,train,1220,1220,84140
524,20,,22,train,1220,1220,6010
415,20,,22,train,1220,1220,6010
157,20,,291,train,1220,1220,156260
569,20,,14,train,1220,1220,6010
737,20,,14,train,1220,1220,6010
948,20,,6,train,1220,1220,0
208,20,,33,train,1220,1220,12020
27,20,,43,train,1220,1220,18030
196,20,,8,train,1220,1220,0
293,20,,8,train,1220,1220,0
894,20,,9,train,1220,1220,0
913,20,,6,train,1220,1220,0
994,20,,6,train,1220,1220,0
18,21,,9,train,1220,1220,0
903,21,,32,train,1220,1220,12020
406,21,,5,train,1220,1220,0
219,21,,35,train,1220,1220,18030
607,21,,333,train,1220,1220,174290
483,21,,8,train,1220,1220,0
936,21,,8,train,1220,1220,0
265,21,,22,train,1220,1220,6010
142,21,,6,train,1220,1220,0
594,21,,16,train,1220,1220,6010
988,21,,112,train,1220,1220,60100
151,21,,5,train,1220,1220,0
893,21,,28,train,1220,1220,12020
191,21,,7,train,1220,1220,0
778,21,,19,train,1220,1220,6010
758,21,,13,train,1220,1220,6010
315,21,,43,train,1220,1220,18030
948,21,,6,train,1220,1220,0
275,21,,5,train,1220,1220,0
339,22,,12,train,1220,1220,6010
983,22,,79,train,1220,1220,42070
231,22,,7,train,1220,1220,0
10,22,,5,train,1220,1220,0
73,22,,5,train,1220,1220,0
458,22,,62,train,1220,1220,30050
550,22,,17,train,1220,1220,6010
528,22,,67,train,1220,1220,36060
883,22,,9,train,1220,1220,0
762,22,,33,train,1220,1220,12020
520,22,,11,train,1220,1220,0
363,22,,7,train,1220,1220,0
704,22,,10,train,1220,1220,0
64,22,,8,train,1220,1220,0
503,23,,40,train,1220,1220,18030
300,23,,165,train,1220,1220,84140
755,23,,11,train,1220,1220,0
106,23,,10,train,1220,1220,0
812,23,,28,train,1220,1220,12020
887,23,,6,train,1220,1220,0
774,23,,48,train,1220,1220,24040
944,23,,6,train,1220,1220,0
207,23,,121,train,1220,1220,60100
995,23,,12,train,1220,1220,6010
265,23,,22,train,1220,1220,6010
991,23,,10,train,1220,1220,0
526,23,,8,train,1220,1220,0
989,23,,8,train,1220,1220,0
846,23,,33,train,1220,1220,12020
863,23,,7,train,1220,1220,0
73,23,,5,train,1220,1220,0
291,24,,87,train,1220,1220,42070
187,24,,5,train,1220,1220,0
742,24,,31,train,1220,1220,12020
39,24,,43,train,1220,1220,18030
340,24,,16,train,1220,1220,6010
851,24,,157,train,1220,1220,84140
754,24,,79,train,1220,1220,42070
615,24,,6,train,1220,1220,0
939,24,,12,train,1220,1220,6010
553,24,,6,train,1220,1220,0
778,24,,19,train,1220,1220,6010
497,24,,69,train,1220,1220,36060
429,24,,120,train,1220,1220,60100
748,24,,151,train,1220,1220,78130
95,24,,31,train,1220,1220,12020
709,24,,5,train,1220,1220,0
405,24,,5,train,1220,1220,0
223,25,,5,train,1220,1220,0
983,25,,79,train,1220,1220,42070
22,25,,15,train,1220,1220,6010
137,25,,1000,train,1220,1220,540900
925,25,,6,train,1220,1220,0
177,25,,27,train,1220,1220,12020
428,25,,11,train,1220,1220,0
185,25,,15,train,1220,1220,6010
582,25,,11,train,1220,1220,0
24,25,,9,train,1220,1220,0
53,25,,10,train,1220,1220,0
363,25,,7,train,1220,1220,0
123,26,,12,train,1220,1220,6010
179,26,,135,train,1220,1220,72120
883,26,,9,train,1220,1220,0
453,26,,45,train,1220,1220,24040
166,26,,582,train,1220,1220,312520
421,26,,8,train,1220,1220,0
319,26,,9,train,1220,1220,0
56,26,,13,train,1220,1220,6010
346,26,,21,train,1220,1220,6010
823,26,,19,train,1220,1220,6010
749,26,,52,train,1220,1220,24040
350,26,,9,train,1220,1220,0
834,27,,45,train,1220,1220,24040
23,27,,18,train,1220,1220,6010
439,27,,32,train,1220,1220,12020
357,27,,235,train,1220,1220,126210
216,27,,41,train,1220,1220,18030
401,27,,17,train,1220,1220,6010
105,27,,39,train,1220,1220,18030
894,27,,9,train,1220,1220,0
417,27,,13,train,1220,1220,6010
139,27,,365,train,1220,1220,192320
960,27,,7,train,1220,1220,0
398,27,,10,train,1220,1220,0
913,27,,6,train,1220,1220,0
347,27,,10,train,1220,1220,0
542,27,,49,train,1220,1220,24040
859,27,,20,train,1220,1220,6010
704,27,,10,train,1220,1220,0
34,28,,5,train,1220,1220,0
953,28,,14,train,1220,1220,6010
231,28,,7,train,1220,1220,0
316,28,,143,train,1220,1220,72120
812,28,,28,train,1220,1220,12020
750,28,,163,train,1220,1220,84140
291,28,,87,train,1220,1220,42070
752,28,,21,train,1220,1220,6010
873,28,,49,train,1220,1220,24040
522,28,,47,train,1220,1220,24040
996,28,,9,train,1220,1220,0
997,28,,32,train,1220,1220,12020
780,28,,39,train,1220,1220,18030
64,28,,8,train,1220,1220,0
193,29,,47,train,1220,1220,24040
459,29,,80,train,1220,1220,42070
753,29,,80,train,1220,1220,42070
784,29,,24,train,1220,1220,12020
161,29,,32,train,1220,1220,12020
713,29,,12,train,1220,1220,6010
650,29,,33,train,1220,1220,12020
960,29,,7,train,1220,1220,0
146,29,,15,train,1220,1220,6010
879,29,,23,train,1220,1220,12020
552,29,,150,train,1220,1220,78130
966,29,,13,train,1220,1220,6010
530,29,,50,train,1220,1220,24040
719,29,,8,train,1220,1220,0
286,29,,187,train,1220,1220,96160
96,29,,38,train,1220,1220,18030
895,29,,5,train,1220,1220,0
623,29,,14,train,1220,1220,6010
33,29,,8,train,1220,1220,0
328,29,,195,train,1220,1220,102170
997,29,,32,train,1220,1220,12020
346,29,,21,train,1220,1220,6010
152,29,,7,train,1220,1220,0
698,29,,16,train,1220,1220,6010
712,30,,241,train,1220,1220,126210
469,30,,232,train,1220,1220,120200
559,30,,30,train,1220,1220,12020
333,30,,12,train,1220,1220,6010
545,30,,210,train,1220,1220,108180
725,30,,19,train,1220,1220,6010
387,30,,15,train,1220,1220,6010
219,30,,35,train,1220,1220,18030
717,30,,10,train,1220,1220,0
543,30,,237,train,1220,1220,126210
135,30,,24,train,1220,1220,12020
898,30,,19,train,1220,1220,6010
515,30,,461,train,1220,1220,246410
152,30,,7,train,1220,1220,0
883,30,,9,train,1220,1220,0
737,30,,14,train,1220,1220,6010
16,30,,8,train,1220,1220,0
440,30,,8,train,1220,1220,0
837,30,,8,train,1220,1220,0
704,30,,10,train,1220,1220,0
471,31,,27,train,1220,1220,12020
466,31,,6,train,1220,1220,0
341,31,,12,train,1220,1220,6010
687,31,,12,train,1220,1220,6010
161,31,,32,train,1220,1220,12020
424,31,,5,train,1220,1220,0
690,31,,35,train,1220,1220,18030
40,31,,221,train,1220,1220,114190
256,31,,8,train,1220,1220,0
911,31,,5,train,1220,1220,0
863,31,,7,train,1220,1220,0
18,31,,9,train,1220,1220,0
756,32,,5,train,1220,1220,0
373,32,,18,train,1220,1220,6010
106,32,,10,train,1220,1220,0
753,32,,80,train,1220,1220,42070
660,32,,92,train,1220,1220,48080
210,32,,9,train,1220,1220,0
549,32,,10,train,1220,1220,0
975,32,,66,train,1220,1220,30050
798,32,,15,train,1220,1220,6010
964,32,,32,train,1220,1220,12020
520,32,,11,train,1220,1220,0
182,33,,28,train,1220,1220,12020
131,33,,951,train,1220,1220,510850
706,33,,5,train,1220,1220,0
219,33,,35,train,1220,1220,18030
859,33,,20,train,1220,1220,6010
367,33,,90,train,1220,1220,48080
236,33,,71,train,1220,1220,36060
600,33,,6,train,1220,1220,0
815,33,,255,train,1220,1220,132220
247,33,,19,train,1220,1220,6010
95,33,,31,train,1220,1220,12020
840,33,,10,train,1220,1220,0
458,33,,62,train,1220,1220,30050
976,33,,8,train,1220,1220,0
355,33,,25,train,1220,1220,12020
115,33,,41,train,1220,1220,18030
476,33,,16,train,1220,1220,6010
911,33,,5,train,1220,1220,0
954,34,,5,train,1220,1220,0
420,34,,670,train,1220,1220,360600
914,34,,43,train,1220,1220,18030
994,34,,6,train,1220,1220,0
755,34,,11,train,1220,1220,0
981,34,,9,train,1220,1220,0
349,34,,29,train,1220,1220,12020
487,34,,14,train,1220,1220,6010
976,34,,8,train,1220,1220,0
191,34,,7,train,1220,1220,0
362,34,,55,train,1220,1220,24040
33,34,,8,train,1220,1220,0
146,34,,15,train,1220,1220,6010
73,34,,5,train,1220,1220,0
387,35,,15,train,1220,1220,6010
928,35,,65,train,1220,1220,30050
719,35,,8,train,1220,1220,0
104,35,,8,train,1220,1220,0
152,35,,7,train,1220,1220,0
440,35,,8,train,1220,1220,0
948,35,,6,train,1220,1220,0
486,36,,7,train,1220,1220,0
714,36,,26,train,1220,1220,12020
149,36,,623,train,1220,1220,336560
812,36,,28,train,1220,1220,12020
206,36,,51,train,1220,1220,24040
580,36,,11,train,1220,1220,0
184,36,,7,train,1220,1220,0
247,36,,19,train,1220,1220,6010
257,36,,11,train,1220,1220,0
850,36,,24,train,1220,1220,12020
553,36,,6,train,1220,1220,0
994,36,,6,train,1220,1220,0
847,37,,73,train,1220,1220,36060
25,37,,395,train,1220,1220,210350
964,37,,32,train,1220,1220,12020
917,37,,28,train,1220,1220,12020
341,37,,12,train,1220,1220,6010
879,37,,23,train,1220,1220,12020
948,37,,6,train,1220,1220,0
872,37,,20,train,1220,1220,6010
324,37,,6,train,1220,1220,0
198,37,,160,train,1220,1220,84140
527,37,,79,train,1220,1220,42070
701,37,,107,train,1220,1220,54090
626,37,,53,train,1220,1220,24040
983,37,,79,train,1220,1220,42070
808,37,,10,train,1220,1220,0
910,37,,16,train,1220,1220,6010
293,37,,8,train,1220,1220,0
621,37,,13,train,1220,1220,6010
188,37,,5,train,1220,1220,0
