704,1,,10,train,1220,1220,0
911,1,,5,train,1220,1220,0
188,1,,5,train,1220,1220,0
363,1,,7,train,1220,1220,0
64,1,,8,train,1220,1220,0
709,1,,5,train,1220,1220,0
275,1,,5,train,1220,1220,0
863,1,,7,train,1220,1220,0
913,1,,6,train,1220,1220,0
350,1,,9,train,1220,1220,0
175,1,,11,train,1220,1220,0
681,1,,7,train,1220,1220,0
187,1,,5,train,1220,1220,0
994,1,,6,train,1220,1220,0
319,1,,9,train,1220,1220,0
73,1,,5,train,1220,1220,0
625,1,,6,train,1220,1220,0
456,1,,5,train,1220,1220,0
440,1,,8,train,1220,1220,0
51,1,,5,train,1220,1220,0
704,2,,10,train,1220,1220,0
911,2,,5,train,1220,1220,0
188,2,,5,train,1220,1220,0
363,2,,7,train,1220,1220,0
64,2,,8,train,1220,1220,0
709,2,,5,train,1220,1220,0
275,2,,5,train,1220,1220,0
863,2,,7,train,1220,1220,0
913,2,,6,train,1220,1220,0
350,2,,9,train,1220,1220,0
175,2,,11,train,1220,1220,0
681,2,,7,train,1220,1220,0
187,2,,5,train,1220,1220,0
994,2,,6,train,1220,1220,0
319,2,,9,train,1220,1220,0
73,2,,5,train,1220,1220,0
625,2,,6,train,1220,1220,0
456,2,,5,train,1220,1220,0
440,2,,8,train,1220,1220,0
51,2,,5,train,1220,1220,0
704,3,,10,train,1220,1220,0
911,3,,5,train,1220,1220,0
188,3,,5,train,1220,1220,0
363,3,,7,train,1220,1220,0
64,3,,8,train,1220,1220,0
709,3,,5,train,1220,1220,0
275,3,,5,train,1220,1220,0
863,3,,7,train,1220,1220,0
913,3,,6,train,1220,1220,0
350,3,,9,train,1220,1220,0
175,3,,11,train,1220,1220,0
681,3,,7,train,1220,1220,0
187,3,,5,train,1220,1220,0
994,3,,6,train,1220,1220,0
319,3,,9,train,1220,1220,0
73,3,,5,train,1220,1220,0
625,3,,6,train,1220,1220,0
456,3,,5,train,1220,1220,0
440,3,,8,train,1220,1220,0
51,3,,5,train,1220,1220,0
704,4,,10,train,1220,1220,0
911,4,,5,train,1220,1220,0
188,4,,5,train,1220,1220,0
363,4,,7,train,1220,1220,0
64,4,,8,train,1220,1220,0
709,4,,5,train,1220,1220,0
275,4,,5,train,1220,1220,0
863,4,,7,train,1220,1220,0
913,4,,6,train,1220,1220,0
350,4,,9,train,1220,1220,0
175,4,,11,train,1220,1220,0
681,4,,7,train,1220,1220,0
187,4,,5,train,1220,1220,0
994,4,,6,train,1220,1220,0
319,4,,9,train,1220,1220,0
73,4,,5,train,1220,1220,0
625,4,,6,train,1220,1220,0
456,4,,5,train,1220,1220,0
440,4,,8,train,1220,1220,0
51,4,,5,train,1220,1220,0
704,5,,10,train,1220,1220,0
911,5,,5,train,1220,1220,0
188,5,,5,train,1220,1220,0
363,5,,7,train,1220,1220,0
64,5,,8,train,1220,1220,0
709,5,,5,train,1220,1220,0
275,5,,5,train,1220,1220,0
863,5,,7,train,1220,1220,0
913,5,,6,train,1220,1220,0
350,5,,9,train,1220,1220,0
175,5,,11,train,1220,1220,0
681,5,,7,train,1220,1220,0
187,5,,5,train,1220,1220,0
994,5,,6,train,1220,1220,0
319,5,,9,train,1220,1220,0
73,5,,5,train,1220,1220,0
625,5,,6,train,1220,1220,0
456,5,,5,train,1220,1220,0
440,5,,8,train,1220,1220,0
51,5,,5,train,1220,1220,0
704,6,,10,train,1220,1220,0
911,6,,5,train,1220,1220,0
188,6,,5,train,1220,1220,0
363,6,,7,train,1220,1220,0
64,6,,8,train,1220,1220,0
709,6,,5,train,1220,1220,0
275,6,,5,train,1220,1220,0
863,6,,7,train,1220,1220,0
913,6,,6,train,1220,1220,0
350,6,,9,train,1220,1220,0
175,6,,11,train,1220,1220,0
681,6,,7,train,1220,1220,0
187,6,,5,train,1220,1220,0
994,6,,6,train,1220,1220,0
319,6,,9,train,1220,1220,0
73,6,,5,train,1220,1220,0
625,6,,6,train,1220,1220,0
456,6,,5,train,1220,1220,0
440,6,,8,train,1220,1220,0
51,6,,5,train,1220,1220,0
704,7,,10,train,1220,1220,0
911,7,,5,train,1220,1220,0
188,7,,5,train,1220,1220,0
363,7,,7,train,1220,1220,0
64,7,,8,train,1220,1220,0
709,7,,5,train,1220,1220,0
275,7,,5,train,1220,1220,0
863,7,,7,train,1220,1220,0
913,7,,6,train,1220,1220,0
350,7,,9,train,1220,1220,0
175,7,,11,train,1220,1220,0
681,7,,7,train,1220,1220,0
187,7,,5,train,1220,1220,0
994,7,,6,train,1220,1220,0
319,7,,9,train,1220,1220,0
73,7,,5,train,1220,1220,0
625,7,,6,train,1220,1220,0
456,7,,5,train,1220,1220,0
440,7,,8,train,1220,1220,0
51,7,,5,train,1220,1220,0
704,8,,10,train,1220,1220,0
911,8,,5,train,1220,1220,0
188,8,,5,train,1220,1220,0
363,8,,7,train,1220,1220,0
64,8,,8,train,1220,1220,0
709,8,,5,train,1220,1220,0
275,8,,5,train,1220,1220,0
863,8,,7,train,1220,1220,0
913,8,,6,train,1220,1220,0
350,8,,9,train,1220,1220,0
175,8,,11,train,1220,1220,0
681,8,,7,train,1220,1220,0
187,8,,5,train,1220,1220,0
994,8,,6,train,1220,1220,0
319,8,,9,train,1220,1220,0
73,8,,5,train,1220,1220,0
625,8,,6,train,1220,1220,0
456,8,,5,train,1220,1220,0
440,8,,8,train,1220,1220,0
51,8,,5,train,1220,1220,0
704,9,,10,train,1220,1220,0
911,9,,5,train,1220,1220,0
188,9,,5,train,1220,1220,0
363,9,,7,train,1220,1220,0
64,9,,8,train,1220,1220,0
709,9,,5,train,1220,1220,0
275,9,,5,train,1220,1220,0
863,9,,7,train,1220,1220,0
913,9,,6,train,1220,1220,0
350,9,,9,train,1220,1220,0
175,9,,11,train,1220,1220,0
681,9,,7,train,1220,1220,0
187,9,,5,train,1220,1220,0
994,9,,6,train,1220,1220,0
319,9,,9,train,1220,1220,0
73,9,,5,train,1220,1220,0
625,9,,6,train,1220,1220,0
456,9,,5,train,1220,1220,0
440,9,,8,train,1220,1220,0
51,9,,5,train,1220,1220,0
704,10,,10,train,1220,1220,0
911,10,,5,train,1220,1220,0
188,10,,5,train,1220,1220,0
363,10,,7,train,1220,1220,0
64,10,,8,train,1220,1220,0
709,10,,5,train,1220,1220,0
275,10,,5,train,1220,1220,0
863,10,,7,train,1220,1220,0
913,10,,6,train,1220,1220,0
350,10,,9,train,1220,1220,0
175,10,,11,train,1220,1220,0
681,10,,7,train,1220,1220,0
187,10,,5,train,1220,1220,0
994,10,,6,train,1220,1220,0
319,10,,9,train,1220,1220,0
73,10,,5,train,1220,1220,0
625,10,,6,train,1220,1220,0
456,10,,5,train,1220,1220,0
440,10,,8,train,1220,1220,0
51,10,,5,train,1220,1220,0
704,11,,10,train,1220,1220,0
911,11,,5,train,1220,1220,0
188,11,,5,train,1220,1220,0
363,11,,7,train,1220,1220,0
64,11,,8,train,1220,1220,0
709,11,,5,train,1220,1220,0
275,11,,5,train,1220,1220,0
863,11,,7,train,1220,1220,0
913,11,,6,train,1220,1220,0
350,11,,9,train,1220,1220,0
175,11,,11,train,1220,1220,0
681,11,,7,train,1220,1220,0
187,11,,5,train,1220,1220,0
994,11,,6,train,1220,1220,0
319,11,,9,train,1220,1220,0
73,11,,5,train,1220,1220,0
625,11,,6,train,1220,1220,0
456,11,,5,train,1220,1220,0
440,11,,8,train,1220,1220,0
51,11,,5,train,1220,1220,0
704,12,,10,train,1220,1220,0
911,12,,5,train,1220,1220,0
188,12,,5,train,1220,1220,0
363,12,,7,train,1220,1220,0
64,12,,8,train,1220,1220,0
709,12,,5,train,1220,1220,0
275,12,,5,train,1220,1220,0
863,12,,7,train,1220,1220,0
913,12,,6,train,1220,1220,0
350,12,,9,train,1220,1220,0
175,12,,11,train,1220,1220,0
681,12,,7,train,1220,1220,0
187,12,,5,train,1220,1220,0
994,12,,6,train,1220,1220,0
319,12,,9,train,1220,1220,0
73,12,,5,train,1220,1220,0
625,12,,6,train,1220,1220,0
456,12,,5,train,1220,1220,0
440,12,,8,train,1220,1220,0
51,12,,5,train,1220,1220,0
704,13,,10,train,1220,1220,0
911,13,,5,train,1220,1220,0
188,13,,5,train,1220,1220,0
363,13,,7,train,1220,1220,0
64,13,,8,train,1220,1220,0
709,13,,5,train,1220,1220,0
275,13,,5,train,1220,1220,0
863,13,,7,train,1220,1220,0
913,13,,6,train,1220,1220,0
350,13,,9,train,1220,1220,0
175,13,,11,train,1220,1220,0
681,13,,7,train,1220,1220,0
187,13,,5,train,1220,1220,0
994,13,,6,train,1220,1220,0
319,13,,9,train,1220,1220,0
73,13,,5,train,1220,1220,0
625,13,,6,train,1220,1220,0
456,13,,5,train,1220,1220,0
440,13,,8,train,1220,1220,0
51,13,,5,train,1220,1220,0
704,14,,10,train,1220,1220,0
911,14,,5,train,1220,1220,0
188,14,,5,train,1220,1220,0
363,14,,7,train,1220,1220,0
64,14,,8,train,1220,1220,0
709,14,,5,train,1220,1220,0
275,14,,5,train,1220,1220,0
863,14,,7,train,1220,1220,0
913,14,,6,train,1220,1220,0
350,14,,9,train,1220,1220,0
175,14,,11,train,1220,1220,0
681,14,,7,train,1220,1220,0
187,14,,5,train,1220,1220,0
994,14,,6,train,1220,1220,0
319,14,,9,train,1220,1220,0
73,14,,5,train,1220,1220,0
625,14,,6,train,1220,1220,0
456,14,,5,train,1220,1220,0
440,14,,8,train,1220,1220,0
51,14,,5,train,1220,1220,0
704,15,,10,train,1220,1220,0
911,15,,5,train,1220,1220,0
188,15,,5,train,1220,1220,0
363,15,,7,train,1220,1220,0
64,15,,8,train,1220,1220,0
709,15,,5,train,1220,1220,0
275,15,,5,train,1220,1220,0
863,15,,7,train,1220,1220,0
913,15,,6,train,1220,1220,0
350,15,,9,train,1220,1220,0
175,15,,11,train,1220,1220,0
681,15,,7,train,1220,1220,0
187,15,,5,train,1220,1220,0
994,15,,6,train,1220,1220,0
319,15,,9,train,1220,1220,0
73,15,,5,train,1220,1220,0
625,15,,6,train,1220,1220,0
456,15,,5,train,1220,1220,0
440,15,,8,train,1220,1220,0
51,15,,5,train,1220,1220,0
704,16,,10,train,1220,1220,0
911,16,,5,train,1220,1220,0
188,16,,5,train,1220,1220,0
363,16,,7,train,1220,1220,0
64,16,,8,train,1220,1220,0
709,16,,5,train,1220,1220,0
275,16,,5,train,1220,1220,0
863,16,,7,train,1220,1220,0
913,16,,6,train,1220,1220,0
350,16,,9,train,1220,1220,0
175,16,,11,train,1220,1220,0
681,16,,7,train,1220,1220,0
187,16,,5,train,1220,1220,0
994,16,,6,train,1220,1220,0
319,16,,9,train,1220,1220,0
73,16,,5,train,1220,1220,0
625,16,,6,train,1220,1220,0
456,16,,5,train,1220,1220,0
440,16,,8,train,1220,1220,0
51,16,,5,train,1220,1220,0
704,17,,10,train,1220,1220,0
911,17,,5,train,1220,1220,0
188,17,,5,train,1220,1220,0
363,17,,7,train,1220,1220,0
64,17,,8,train,1220,1220,0
709,17,,5,train,1220,1220,0
275,17,,5,train,1220,1220,0
863,17,,7,train,1220,1220,0
913,17,,6,train,1220,1220,0
350,17,,9,train,1220,1220,0
175,17,,11,train,1220,1220,0
681,17,,7,train,1220,1220,0
187,17,,5,train,1220,1220,0
994,17,,6,train,1220,1220,0
319,17,,9,train,1220,1220,0
73,17,,5,train,1220,1220,0
625,17,,6,train,1220,1220,0
456,17,,5,train,1220,1220,0
440,17,,8,train,1220,1220,0
51,17,,5,train,1220,1220,0
704,18,,10,train,1220,1220,0
911,18,,5,train,1220,1220,0
188,18,,5,train,1220,1220,0
363,18,,7,train,1220,1220,0
64,18,,8,train,1220,1220,0
709,18,,5,train,1220,1220,0
275,18,,5,train,1220,1220,0
863,18,,7,train,1220,1220,0
913,18,,6,train,1220,1220,0
350,18,,9,train,1220,1220,0
175,18,,11,train,1220,1220,0
681,18,,7,train,1220,1220,0
187,18,,5,train,1220,1220,0
994,18,,6,train,1220,1220,0
319,18,,9,train,1220,1220,0
73,18,,5,train,1220,1220,0
625,18,,6,train,1220,1220,0
456,18,,5,train,1220,1220,0
440,18,,8,train,1220,1220,0
51,18,,5,train,1220,1220,0
704,19,,10,train,1220,1220,0
911,19,,5,train,1220,1220,0
188,19,,5,train,1220,1220,0
363,19,,7,train,1220,1220,0
64,19,,8,train,1220,1220,0
709,19,,5,train,1220,1220,0
275,19,,5,train,1220,1220,0
863,19,,7,train,1220,1220,0
913,19,,6,train,1220,1220,0
350,19,,9,train,1220,1220,0
175,19,,11,train,1220,1220,0
681,19,,7,train,1220,1220,0
187,19,,5,train,1220,1220,0
994,19,,6,train,1220,1220,0
319,19,,9,train,1220,1220,0
73,19,,5,train,1220,1220,0
625,19,,6,train,1220,1220,0
456,19,,5,train,1220,1220,0
440,19,,8,train,1220,1220,0
51,19,,5,train,1220,1220,0
704,20,,10,train,1220,1220,0
911,20,,5,train,1220,1220,0
188,20,,5,train,1220,1220,0
363,20,,7,train,1220,1220,0
64,20,,8,train,1220,1220,0
709,20,,5,train,1220,1220,0
275,20,,5,train,1220,1220,0
863,20,,7,train,1220,1220,0
913,20,,6,train,1220,1220,0
350,20,,9,train,1220,1220,0
175,20,,11,train,1220,1220,0
681,20,,7,train,1220,1220,0
187,20,,5,train,1220,1220,0
994,20,,6,train,1220,1220,0
319,20,,9,train,1220,1220,0
73,20,,5,train,1220,1220,0
625,20,,6,train,1220,1220,0
456,20,,5,train,1220,1220,0
440,20,,8,train,1220,1220,0
51,20,,5,train,1220,1220,0
704,21,,10,train,1220,1220,0
911,21,,5,train,1220,1220,0
188,21,,5,train,1220,1220,0
363,21,,7,train,1220,1220,0
64,21,,8,train,1220,1220,0
709,21,,5,train,1220,1220,0
275,21,,5,train,1220,1220,0
863,21,,7,train,1220,1220,0
913,21,,6,train,1220,1220,0
350,21,,9,train,1220,1220,0
175,21,,11,train,1220,1220,0
681,21,,7,train,1220,1220,0
187,21,,5,train,1220,1220,0
994,21,,6,train,1220,1220,0
319,21,,9,train,1220,1220,0
73,21,,5,train,1220,1220,0
625,21,,6,train,1220,1220,0
456,21,,5,train,1220,1220,0
440,21,,8,train,1220,1220,0
51,21,,5,train,1220,1220,0
704,22,,10,train,1220,1220,0
911,22,,5,train,1220,1220,0
188,22,,5,train,1220,1220,0
363,22,,7,train,1220,1220,0
64,22,,8,train,1220,1220,0
709,22,,5,train,1220,1220,0
275,22,,5,train,1220,1220,0
863,22,,7,train,1220,1220,0
913,22,,6,train,1220,1220,0
350,22,,9,train,1220,1220,0
175,22,,11,train,1220,1220,0
681,22,,7,train,1220,1220,0
187,22,,5,train,1220,1220,0
994,22,,6,train,1220,1220,0
319,22,,9,train,1220,1220,0
73,22,,5,train,1220,1220,0
625,22,,6,train,1220,1220,0
456,22,,5,train,1220,1220,0
440,22,,8,train,1220,1220,0
51,22,,5,train,1220,1220,0
704,23,,10,train,1220,1220,0
911,23,,5,train,1220,1220,0
188,23,,5,train,1220,1220,0
363,23,,7,train,1220,1220,0
64,23,,8,train,1220,1220,0
709,23,,5,train,1220,1220,0
275,23,,5,train,1220,1220,0
863,23,,7,train,1220,1220,0
913,23,,6,train,1220,1220,0
350,23,,9,train,1220,1220,0
175,23,,11,train,1220,1220,0
681,23,,7,train,1220,1220,0
187,23,,5,train,1220,1220,0
994,23,,6,train,1220,1220,0
319,23,,9,train,1220,1220,0
73,23,,5,train,1220,1220,0
625,23,,6,train,1220,1220,0
456,23,,5,train,1220,1220,0
440,23,,8,train,1220,1220,0
51,23,,5,train,1220,1220,0
704,24,,10,train,1220,1220,0
911,24,,5,train,1220,1220,0
188,24,,5,train,1220,1220,0
363,24,,7,train,1220,1220,0
64,24,,8,train,1220,1220,0
709,24,,5,train,1220,1220,0
275,24,,5,train,1220,1220,0
863,24,,7,train,1220,1220,0
913,24,,6,train,1220,1220,0
350,24,,9,train,1220,1220,0
175,24,,11,train,1220,1220,0
681,24,,7,train,1220,1220,0
187,24,,5,train,1220,1220,0
994,24,,6,train,1220,1220,0
319,24,,9,train,1220,1220,0
73,24,,5,train,1220,1220,0
625,24,,6,train,1220,1220,0
456,24,,5,train,1220,1220,0
440,24,,8,train,1220,1220,0
51,24,,5,train,1220,1220,0
704,25,,10,train,1220,1220,0
911,25,,5,train,1220,1220,0
188,25,,5,train,1220,1220,0
363,25,,7,train,1220,1220,0
64,25,,8,train,1220,1220,0
709,25,,5,train,1220,1220,0
275,25,,5,train,1220,1220,0
863,25,,7,train,1220,1220,0
913,25,,6,train,1220,1220,0
350,25,,9,train,1220,1220,0
175,25,,11,train,1220,1220,0
681,25,,7,train,1220,1220,0
187,25,,5,train,1220,1220,0
994,25,,6,train,1220,1220,0
319,25,,9,train,1220,1220,0
73,25,,5,train,1220,1220,0
625,25,,6,train,1220,1220,0
456,25,,5,train,1220,1220,0
440,25,,8,train,1220,1220,0
51,25,,5,train,1220,1220,0
704,26,,10,train,1220,1220,0
911,26,,5,train,1220,1220,0
188,26,,5,train,1220,1220,0
363,26,,7,train,1220,1220,0
64,26,,8,train,1220,1220,0
709,26,,5,train,1220,1220,0
275,26,,5,train,1220,1220,0
863,26,,7,train,1220,1220,0
913,26,,6,train,1220,1220,0
350,26,,9,train,1220,1220,0
175,26,,11,train,1220,1220,0
681,26,,7,train,1220,1220,0
187,26,,5,train,1220,1220,0
994,26,,6,train,1220,1220,0
319,26,,9,train,1220,1220,0
73,26,,5,train,1220,1220,0
625,26,,6,train,1220,1220,0
456,26,,5,train,1220,1220,0
440,26,,8,train,1220,1220,0
51,26,,5,train,1220,1220,0
704,27,,10,train,1220,1220,0
911,27,,5,train,1220,1220,0
188,27,,5,train,1220,1220,0
363,27,,7,train,1220,1220,0
64,27,,8,train,1220,1220,0
709,27,,5,train,1220,1220,0
275,27,,5,train,1220,1220,0
863,27,,7,train,1220,1220,0
913,27,,6,train,1220,1220,0
350,27,,9,train,1220,1220,0
175,27,,11,train,1220,1220,0
681,27,,7,train,1220,1220,0
187,27,,5,train,1220,1220,0
994,27,,6,train,1220,1220,0
319,27,,9,train,1220,1220,0
73,27,,5,train,1220,1220,0
625,27,,6,train,1220,1220,0
456,27,,5,train,1220,1220,0
440,27,,8,train,1220,1220,0
51,27,,5,train,1220,1220,0
704,28,,10,train,1220,1220,0
911,28,,5,train,1220,1220,0
188,28,,5,train,1220,1220,0
363,28,,7,train,1220,1220,0
64,28,,8,train,1220,1220,0
709,28,,5,train,1220,1220,0
275,28,,5,train,1220,1220,0
863,28,,7,train,1220,1220,0
913,28,,6,train,1220,1220,0
350,28,,9,train,1220,1220,0
175,28,,11,train,1220,1220,0
681,28,,7,train,1220,1220,0
187,28,,5,train,1220,1220,0
994,28,,6,train,1220,1220,0
319,28,,9,train,1220,1220,0
73,28,,5,train,1220,1220,0
625,28,,6,train,1220,1220,0
456,28,,5,train,1220,1220,0
440,28,,8,train,1220,1220,0
51,28,,5,train,1220,1220,0
704,29,,10,train,1220,1220,0
911,29,,5,train,1220,1220,0
188,29,,5,train,1220,1220,0
363,29,,7,train,1220,1220,0
64,29,,8,train,1220,1220,0
709,29,,5,train,1220,1220,0
275,29,,5,train,1220,1220,0
863,29,,7,train,1220,1220,0
913,29,,6,train,1220,1220,0
350,29,,9,train,1220,1220,0
175,29,,11,train,1220,1220,0
681,29,,7,train,1220,1220,0
187,29,,5,train,1220,1220,0
994,29,,6,train,1220,1220,0
319,29,,9,train,1220,1220,0
73,29,,5,train,1220,1220,0
625,29,,6,train,1220,1220,0
456,29,,5,train,1220,1220,0
440,29,,8,train,1220,1220,0
51,29,,5,train,1220,1220,0
704,30,,10,train,1220,1220,0
911,30,,5,train,1220,1220,0
188,30,,5,train,1220,1220,0
363,30,,7,train,1220,1220,0
64,30,,8,train,1220,1220,0
709,30,,5,train,1220,1220,0
275,30,,5,train,1220,1220,0
863,30,,7,train,1220,1220,0
913,30,,6,train,1220,1220,0
350,30,,9,train,1220,1220,0
175,30,,11,train,1220,1220,0
681,30,,7,train,1220,1220,0
187,30,,5,train,1220,1220,0
994,30,,6,train,1220,1220,0
319,30,,9,train,1220,1220,0
73,30,,5,train,1220,1220,0
625,30,,6,train,1220,1220,0
456,30,,5,train,1220,1220,0
440,30,,8,train,1220,1220,0
51,30,,5,train,1220,1220,0
704,31,,10,train,1220,1220,0
911,31,,5,train,1220,1220,0
188,31,,5,train,1220,1220,0
363,31,,7,train,1220,1220,0
64,31,,8,train,1220,1220,0
709,31,,5,train,1220,1220,0
275,31,,5,train,1220,1220,0
863,31,,7,train,1220,1220,0
913,31,,6,train,1220,1220,0
350,31,,9,train,1220,1220,0
175,31,,11,train,1220,1220,0
681,31,,7,train,1220,1220,0
187,31,,5,train,1220,1220,0
994,31,,6,train,1220,1220,0
319,31,,9,train,1220,1220,0
73,31,,5,train,1220,1220,0
625,31,,6,train,1220,1220,0
456,31,,5,train,1220,1220,0
440,31,,8,train,1220,1220,0
51,31,,5,train,1220,1220,0
704,32,,10,train,1220,1220,0
911,32,,5,train,1220,1220,0
188,32,,5,train,1220,1220,0
363,32,,7,train,1220,1220,0
64,32,,8,train,1220,1220,0
709,32,,5,train,1220,1220,0
275,32,,5,train,1220,1220,0
863,32,,7,train,1220,1220,0
913,32,,6,train,1220,1220,0
350,32,,9,train,1220,1220,0
175,32,,11,train,1220,1220,0
681,32,,7,train,1220,1220,0
187,32,,5,train,1220,1220,0
994,32,,6,train,1220,1220,0
319,32,,9,train,1220,1220,0
73,32,,5,train,1220,1220,0
625,32,,6,train,1220,1220,0
456,32,,5,train,1220,1220,0
440,32,,8,train,1220,1220,0
51,32,,5,train,1220,1220,0
704,33,,10,train,1220,1220,0
911,33,,5,train,1220,1220,0
188,33,,5,train,1220,1220,0
363,33,,7,train,1220,1220,0
64,33,,8,train,1220,1220,0
709,33,,5,train,1220,1220,0
275,33,,5,train,1220,1220,0
863,33,,7,train,1220,1220,0
913,33,,6,train,1220,1220,0
350,33,,9,train,1220,1220,0
175,33,,11,train,1220,1220,0
681,33,,7,train,1220,1220,0
187,33,,5,train,1220,1220,0
994,33,,6,train,1220,1220,0
319,33,,9,train,1220,1220,0
73,33,,5,train,1220,1220,0
625,33,,6,train,1220,1220,0
456,33,,5,train,1220,1220,0
440,33,,8,train,1220,1220,0
51,33,,5,train,1220,1220,0
704,34,,10,train,1220,1220,0
911,34,,5,train,1220,1220,0
188,34,,5,train,1220,1220,0
363,34,,7,train,1220,1220,0
64,34,,8,train,1220,1220,0
709,34,,5,train,1220,1220,0
275,34,,5,train,1220,1220,0
863,34,,7,train,1220,1220,0
913,34,,6,train,1220,1220,0
350,34,,9,train,1220,1220,0
175,34,,11,train,1220,1220,0
681,34,,7,train,1220,1220,0
187,34,,5,train,1220,1220,0
994,34,,6,train,1220,1220,0
319,34,,9,train,1220,1220,0
73,34,,5,train,1220,1220,0
625,34,,6,train,1220,1220,0
456,34,,5,train,1220,1220,0
440,34,,8,train,1220,1220,0
51,34,,5,train,1220,1220,0
704,35,,10,train,1220,1220,0
911,35,,5,train,1220,1220,0
188,35,,5,train,1220,1220,0
363,35,,7,train,1220,1220,0
64,35,,8,train,1220,1220,0
709,35,,5,train,1220,1220,0
275,35,,5,train,1220,1220,0
863,35,,7,train,1220,1220,0
913,35,,6,train,1220,1220,0
350,35,,9,train,1220,1220,0
175,35,,11,train,1220,1220,0
681,35,,7,train,1220,1220,0
187,35,,5,train,1220,1220,0
994,35,,6,train,1220,1220,0
319,35,,9,train,1220,1220,0
73,35,,5,train,1220,1220,0
625,35,,6,train,1220,1220,0
456,35,,5,train,1220,1220,0
440,35,,8,train,1220,1220,0
51,35,,5,train,1220,1220,0
704,36,,10,train,1220,1220,0
911,36,,5,train,1220,1220,0
188,36,,5,train,1220,1220,0
363,36,,7,train,1220,1220,0
64,36,,8,train,1220,1220,0
709,36,,5,train,1220,1220,0
275,36,,5,train,1220,1220,0
863,36,,7,train,1220,1220,0
913,36,,6,train,1220,1220,0
350,36,,9,train,1220,1220,0
175,36,,11,train,1220,1220,0
681,36,,7,train,1220,1220,0
187,36,,5,train,1220,1220,0
994,36,,6,train,1220,1220,0
319,36,,9,train,1220,1220,0
73,36,,5,train,1220,1220,0
625,36,,6,train,1220,1220,0
456,36,,5,train,1220,1220,0
440,36,,8,train,1220,1220,0
51,36,,5,train,1220,1220,0
704,37,,10,train,1220,1220,0
911,37,,5,train,1220,1220,0
188,37,,5,train,1220,1220,0
363,37,,7,train,1220,1220,0
64,37,,8,train,1220,1220,0
709,37,,5,train,1220,1220,0
275,37,,5,train,1220,1220,0
863,37,,7,train,1220,1220,0
913,37,,6,train,1220,1220,0
350,37,,9,train,1220,1220,0
175,37,,11,train,1220,1220,0
681,37,,7,train,1220,1220,0
187,37,,5,train,1220,1220,0
994,37,,6,train,1220,1220,0
319,37,,9,train,1220,1220,0
73,37,,5,train,1220,1220,0
625,37,,6,train,1220,1220,0
456,37,,5,train,1220,1220,0
440,37,,8,train,1220,1220,0
51,37,,5,train,1220,1220,0
704,38,,10,train,1220,1220,0
911,38,,5,train,1220,1220,0
188,38,,5,train,1220,1220,0
363,38,,7,train,1220,1220,0
64,38,,8,train,1220,1220,0
709,38,,5,train,1220,1220,0
275,38,,5,train,1220,1220,0
863,38,,7,train,1220,1220,0
913,38,,6,train,1220,1220,0
350,38,,9,train,1220,1220,0
175,38,,11,train,1220,1220,0
681,38,,7,train,1220,1220,0
187,38,,5,train,1220,1220,0
994,38,,6,train,1220,1220,0
319,38,,9,train,1220,1220,0
73,38,,5,train,1220,1220,0
625,38,,6,train,1220,1220,0
456,38,,5,train,1220,1220,0
440,38,,8,train,1220,1220,0
51,38,,5,train,1220,1220,0
704,39,,10,train,1220,1220,0
911,39,,5,train,1220,1220,0
188,39,,5,train,1220,1220,0
363,39,,7,train,1220,1220,0
64,39,,8,train,1220,1220,0
709,39,,5,train,1220,1220,0
275,39,,5,train,1220,1220,0
863,39,,7,train,1220,1220,0
913,39,,6,train,1220,1220,0
350,39,,9,train,1220,1220,0
175,39,,11,train,1220,1220,0
681,39,,7,train,1220,1220,0
187,39,,5,train,1220,1220,0
994,39,,6,train,1220,1220,0
319,39,,9,train,1220,1220,0
73,39,,5,train,1220,1220,0
625,39,,6,train,1220,1220,0
456,39,,5,train,1220,1220,0
440,39,,8,train,1220,1220,0
51,39,,5,train,1220,1220,0
704,40,,10,train,1220,1220,0
911,40,,5,train,1220,1220,0
188,40,,5,train,1220,1220,0
363,40,,7,train,1220,1220,0
64,40,,8,train,1220,1220,0
709,40,,5,train,1220,1220,0
275,40,,5,train,1220,1220,0
863,40,,7,train,1220,1220,0
913,40,,6,train,1220,1220,0
350,40,,9,train,1220,1220,0
175,40,,11,train,1220,1220,0
681,40,,7,train,1220,1220,0
187,40,,5,train,1220,1220,0
994,40,,6,train,1220,1220,0
319,40,,9,train,1220,1220,0
73,40,,5,train,1220,1220,0
625,40,,6,train,1220,1220,0
456,40,,5,train,1220,1220,0
440,40,,8,train,1220,1220,0
51,40,,5,train,1220,1220,0
704,41,,10,train,1220,1220,0
911,41,,5,train,1220,1220,0
188,41,,5,train,1220,1220,0
363,41,,7,train,1220,1220,0
64,41,,8,train,1220,1220,0
709,41,,5,train,1220,1220,0
275,41,,5,train,1220,1220,0
863,41,,7,train,1220,1220,0
913,41,,6,train,1220,1220,0
350,41,,9,train,1220,1220,0
175,41,,11,train,1220,1220,0
681,41,,7,train,1220,1220,0
187,41,,5,train,1220,1220,0
994,41,,6,train,1220,1220,0
319,41,,9,train,1220,1220,0
73,41,,5,train,1220,1220,0
625,41,,6,train,1220,1220,0
456,41,,5,train,1220,1220,0
440,41,,8,train,1220,1220,0
51,41,,5,train,1220,1220,0
704,42,,10,train,1220,1220,0
911,42,,5,train,1220,1220,0
188,42,,5,train,1220,1220,0
363,42,,7,train,1220,1220,0
64,42,,8,train,1220,1220,0
709,42,,5,train,1220,1220,0
275,42,,5,train,1220,1220,0
863,42,,7,train,1220,1220,0
913,42,,6,train,1220,1220,0
350,42,,9,train,1220,1220,0
175,42,,11,train,1220,1220,0
681,42,,7,train,1220,1220,0
187,42,,5,train,1220,1220,0
994,42,,6,train,1220,1220,0
319,42,,9,train,1220,1220,0
73,42,,5,train,1220,1220,0
625,42,,6,train,1220,1220,0
456,42,,5,train,1220,1220,0
440,42,,8,train,1220,1220,0
51,42,,5,train,1220,1220,0
704,43,,10,train,1220,1220,0
911,43,,5,train,1220,1220,0
188,43,,5,train,1220,1220,0
363,43,,7,train,1220,1220,0
64,43,,8,train,1220,1220,0
709,43,,5,train,1220,1220,0
275,43,,5,train,1220,1220,0
863,43,,7,train,1220,1220,0
913,43,,6,train,1220,1220,0
350,43,,9,train,1220,1220,0
175,43,,11,train,1220,1220,0
681,43,,7,train,1220,1220,0
187,43,,5,train,1220,1220,0
994,43,,6,train,1220,1220,0
319,43,,9,train,1220,1220,0
73,43,,5,train,1220,1220,0
625,43,,6,train,1220,1220,0
456,43,,5,train,1220,1220,0
440,43,,8,train,1220,1220,0
51,43,,5,train,1220,1220,0
704,44,,10,train,1220,1220,0
911,44,,5,train,1220,1220,0
188,44,,5,train,1220,1220,0
363,44,,7,train,1220,1220,0
64,44,,8,train,1220,1220,0
709,44,,5,train,1220,1220,0
275,44,,5,train,1220,1220,0
863,44,,7,train,1220,1220,0
913,44,,6,train,1220,1220,0
350,44,,9,train,1220,1220,0
175,44,,11,train,1220,1220,0
681,44,,7,train,1220,1220,0
187,44,,5,train,1220,1220,0
994,44,,6,train,1220,1220,0
319,44,,9,train,1220,1220,0
73,44,,5,train,1220,1220,0
625,44,,6,train,1220,1220,0
456,44,,5,train,1220,1220,0
440,44,,8,train,1220,1220,0
51,44,,5,train,1220,1220,0
704,45,,10,train,1220,1220,0
911,45,,5,train,1220,1220,0
188,45,,5,train,1220,1220,0
363,45,,7,train,1220,1220,0
64,45,,8,train,1220,1220,0
709,45,,5,train,1220,1220,0
275,45,,5,train,1220,1220,0
863,45,,7,train,1220,1220,0
913,45,,6,train,1220,1220,0
350,45,,9,train,1220,1220,0
175,45,,11,train,1220,1220,0
681,45,,7,train,1220,1220,0
187,45,,5,train,1220,1220,0
994,45,,6,train,1220,1220,0
319,45,,9,train,1220,1220,0
73,45,,5,train,1220,1220,0
625,45,,6,train,1220,1220,0
456,45,,5,train,1220,1220,0
440,45,,8,train,1220,1220,0
51,45,,5,train,1220,1220,0
704,46,,10,train,1220,1220,0
911,46,,5,train,1220,1220,0
188,46,,5,train,1220,1220,0
363,46,,7,train,1220,1220,0
64,46,,8,train,1220,1220,0
709,46,,5,train,1220,1220,0
275,46,,5,train,1220,1220,0
863,46,,7,train,1220,1220,0
913,46,,6,train,1220,1220,0
350,46,,9,train,1220,1220,0
175,46,,11,train,1220,1220,0
681,46,,7,train,1220,1220,0
187,46,,5,train,1220,1220,0
994,46,,6,train,1220,1220,0
319,46,,9,train,1220,1220,0
73,46,,5,train,1220,1220,0
625,46,,6,train,1220,1220,0
456,46,,5,train,1220,1220,0
440,46,,8,train,1220,1220,0
51,46,,5,train,1220,1220,0
704,47,,10,train,1220,1220,0
911,47,,5,train,1220,1220,0
188,47,,5,train,1220,1220,0
363,47,,7,train,1220,1220,0
64,47,,8,train,1220,1220,0
709,47,,5,train,1220,1220,0
275,47,,5,train,1220,1220,0
863,47,,7,train,1220,1220,0
913,47,,6,train,1220,1220,0
350,47,,9,train,1220,1220,0
175,47,,11,train,1220,1220,0
681,47,,7,train,1220,1220,0
187,47,,5,train,1220,1220,0
994,47,,6,train,1220,1220,0
319,47,,9,train,1220,1220,0
73,47,,5,train,1220,1220,0
625,47,,6,train,1220,1220,0
456,47,,5,train,1220,1220,0
440,47,,8,train,1220,1220,0
51,47,,5,train,1220,1220,0
704,48,,10,train,1220,1220,0
911,48,,5,train,1220,1220,0
188,48,,5,train,1220,1220,0
363,48,,7,train,1220,1220,0
64,48,,8,train,1220,1220,0
709,48,,5,train,1220,1220,0
275,48,,5,train,1220,1220,0
863,48,,7,train,1220,1220,0
913,48,,6,train,1220,1220,0
350,48,,9,train,1220,1220,0
175,48,,11,train,1220,1220,0
681,48,,7,train,1220,1220,0
187,48,,5,train,1220,1220,0
994,48,,6,train,1220,1220,0
319,48,,9,train,1220,1220,0
73,48,,5,train,1220,1220,0
625,48,,6,train,1220,1220,0
456,48,,5,train,1220,1220,0
440,48,,8,train,1220,1220,0
51,48,,5,train,1220,1220,0
704,49,,10,train,1220,1220,0
911,49,,5,train,1220,1220,0
188,49,,5,train,1220,1220,0
363,49,,7,train,1220,1220,0
64,49,,8,train,1220,1220,0
709,49,,5,train,1220,1220,0
275,49,,5,train,1220,1220,0
863,49,,7,train,1220,1220,0
913,49,,6,train,1220,1220,0
350,49,,9,train,1220,1220,0
175,49,,11,train,1220,1220,0
681,49,,7,train,1220,1220,0
187,49,,5,train,1220,1220,0
994,49,,6,train,1220,1220,0
319,49,,9,train,1220,1220,0
73,49,,5,train,1220,1220,0
625,49,,6,train,1220,1220,0
456,49,,5,train,1220,1220,0
440,49,,8,train,1220,1220,0
51,49,,5,train,1220,1220,0
704,50,,10,train,1220,1220,0
911,50,,5,train,1220,1220,0
188,50,,5,train,1220,1220,0
363,50,,7,train,1220,1220,0
64,50,,8,train,1220,1220,0
709,50,,5,train,1220,1220,0
275,50,,5,train,1220,1220,0
863,50,,7,train,1220,1220,0
913,50,,6,train,1220,1220,0
350,50,,9,train,1220,1220,0
175,50,,11,train,1220,1220,0
681,50,,7,train,1220,1220,0
187,50,,5,train,1220,1220,0
994,50,,6,train,1220,1220,0
319,50,,9,train,1220,1220,0
73,50,,5,train,1220,1220,0
625,50,,6,train,1220,1220,0
456,50,,5,train,1220,1220,0
440,50,,8,train,1220,1220,0
51,50,,5,train,1220,1220,0
