40098,1,,12,train,24722496,24722496,418355685
19001,1,,10,train,24722496,24722496,418355685
35726,1,,10,train,24722496,24722496,418355685
8551,1,,10,train,24722496,24722496,418355685
8326,1,,13,train,24722496,24722496,418355685
66606,1,,8,train,24722496,24722496,418355685
34886,1,,10,train,24722496,24722496,418355685
55098,1,,13,train,24722496,24722496,418355685
29255,1,,9,train,24722496,24722496,418355685
73054,1,,13,train,24722496,24722496,418355685
1441,1,,13,train,24722496,24722496,418355685
21723,1,,7,train,24722496,24722496,418355685
49209,1,,13,train,24722496,24722496,418355685
71830,1,,8,train,24722496,24722496,418355685
31396,1,,10,train,24722496,24722496,418355685
9412,1,,7,train,24722496,24722496,418355685
32599,1,,8,train,24722496,24722496,418355685
18930,1,,9,train,24722496,24722496,418355685
21768,1,,10,train,24722496,24722496,418355685
1776,1,,11,train,24722496,24722496,418355685
40098,2,,12,train,24722496,24722496,418355685
19001,2,,10,train,24722496,24722496,418355685
35726,2,,10,train,24722496,24722496,418355685
8551,2,,10,train,24722496,24722496,418355685
8326,2,,13,train,24722496,24722496,418355685
66606,2,,8,train,24722496,24722496,418355685
34886,2,,10,train,24722496,24722496,418355685
55098,2,,13,train,24722496,24722496,418355685
29255,2,,9,train,24722496,24722496,418355685
73054,2,,13,train,24722496,24722496,418355685
1441,2,,13,train,24722496,24722496,418355685
21723,2,,7,train,24722496,24722496,418355685
49209,2,,13,train,24722496,24722496,418355685
71830,2,,8,train,24722496,24722496,418355685
31396,2,,10,train,24722496,24722496,418355685
9412,2,,7,train,24722496,24722496,418355685
32599,2,,8,train,24722496,24722496,418355685
18930,2,,9,train,24722496,24722496,418355685
21768,2,,10,train,24722496,24722496,418355685
1776,2,,11,train,24722496,24722496,418355685
40098,3,,12,train,24722496,24722496,418355685
19001,3,,10,train,24722496,24722496,418355685
35726,3,,10,train,24722496,24722496,418355685
8551,3,,10,train,24722496,24722496,418355685
8326,3,,13,train,24722496,24722496,418355685
66606,3,,8,train,24722496,24722496,418355685
34886,3,,10,train,24722496,24722496,418355685
55098,3,,13,train,24722496,24722496,418355685
29255,3,,9,train,24722496,24722496,418355685
73054,3,,13,train,24722496,24722496,418355685
1441,3,,13,train,24722496,24722496,418355685
21723,3,,7,train,24722496,24722496,418355685
49209,3,,13,train,24722496,24722496,418355685
71830,3,,8,train,24722496,24722496,418355685
31396,3,,10,train,24722496,24722496,418355685
9412,3,,7,train,24722496,24722496,418355685
32599,3,,8,train,24722496,24722496,418355685
18930,3,,9,train,24722496,24722496,418355685
21768,3,,10,train,24722496,24722496,418355685
1776,3,,11,train,24722496,24722496,418355685
40098,4,,12,train,24722496,24722496,418355685
19001,4,,10,train,24722496,24722496,418355685
35726,4,,10,train,24722496,24722496,418355685
8551,4,,10,train,24722496,24722496,418355685
8326,4,,13,train,24722496,24722496,418355685
66606,4,,8,train,24722496,24722496,418355685
34886,4,,10,train,24722496,24722496,418355685
55098,4,,13,train,24722496,24722496,418355685
29255,4,,9,train,24722496,24722496,418355685
73054,4,,13,train,24722496,24722496,418355685
1441,4,,13,train,24722496,24722496,418355685
21723,4,,7,train,24722496,24722496,418355685
49209,4,,13,train,24722496,24722496,418355685
71830,4,,8,train,24722496,24722496,418355685
31396,4,,10,train,24722496,24722496,418355685
9412,4,,7,train,24722496,24722496,418355685
32599,4,,8,train,24722496,24722496,418355685
18930,4,,9,train,24722496,24722496,418355685
21768,4,,10,train,24722496,24722496,418355685
1776,4,,11,train,24722496,24722496,418355685
40098,5,,12,train,24722496,24722496,418355685
19001,5,,10,train,24722496,24722496,418355685
35726,5,,10,train,24722496,24722496,418355685
8551,5,,10,train,24722496,24722496,418355685
8326,5,,13,train,24722496,24722496,418355685
66606,5,,8,train,24722496,24722496,418355685
34886,5,,10,train,24722496,24722496,418355685
55098,5,,13,train,24722496,24722496,418355685
29255,5,,9,train,24722496,24722496,418355685
73054,5,,13,train,24722496,24722496,418355685
1441,5,,13,train,24722496,24722496,418355685
21723,5,,7,train,24722496,24722496,418355685
49209,5,,13,train,24722496,24722496,418355685
71830,5,,8,train,24722496,24722496,418355685
31396,5,,10,train,24722496,24722496,418355685
9412,5,,7,train,24722496,24722496,418355685
32599,5,,8,train,24722496,24722496,418355685
18930,5,,9,train,24722496,24722496,418355685
21768,5,,10,train,24722496,24722496,418355685
1776,5,,11,train,24722496,24722496,418355685
40098,6,,12,train,24722496,24722496,418355685
19001,6,,10,train,24722496,24722496,418355685
35726,6,,10,train,24722496,24722496,418355685
8551,6,,10,train,24722496,24722496,418355685
8326,6,,13,train,24722496,24722496,418355685
66606,6,,8,train,24722496,24722496,418355685
34886,6,,10,train,24722496,24722496,418355685
55098,6,,13,train,24722496,24722496,418355685
29255,6,,9,train,24722496,24722496,418355685
73054,6,,13,train,24722496,24722496,418355685
1441,6,,13,train,24722496,24722496,418355685
21723,6,,7,train,24722496,24722496,418355685
49209,6,,13,train,24722496,24722496,418355685
71830,6,,8,train,24722496,24722496,418355685
31396,6,,10,train,24722496,24722496,418355685
9412,6,,7,train,24722496,24722496,418355685
32599,6,,8,train,24722496,24722496,418355685
18930,6,,9,train,24722496,24722496,418355685
21768,6,,10,train,24722496,24722496,418355685
1776,6,,11,train,24722496,24722496,418355685
40098,7,,12,train,24722496,24722496,418355685
19001,7,,10,train,24722496,24722496,418355685
35726,7,,10,train,24722496,24722496,418355685
8551,7,,10,train,24722496,24722496,418355685
8326,7,,13,train,24722496,24722496,418355685
66606,7,,8,train,24722496,24722496,418355685
34886,7,,10,train,24722496,24722496,418355685
55098,7,,13,train,24722496,24722496,418355685
29255,7,,9,train,24722496,24722496,418355685
73054,7,,13,train,24722496,24722496,418355685
1441,7,,13,train,24722496,24722496,418355685
21723,7,,7,train,24722496,24722496,418355685
49209,7,,13,train,24722496,24722496,418355685
71830,7,,8,train,24722496,24722496,418355685
31396,7,,10,train,24722496,24722496,418355685
9412,7,,7,train,24722496,24722496,418355685
32599,7,,8,train,24722496,24722496,418355685
18930,7,,9,train,24722496,24722496,418355685
21768,7,,10,train,24722496,24722496,418355685
1776,7,,11,train,24722496,24722496,418355685
40098,8,,12,train,24722496,24722496,418355685
19001,8,,10,train,24722496,24722496,418355685
35726,8,,10,train,24722496,24722496,418355685
8551,8,,10,train,24722496,24722496,418355685
8326,8,,13,train,24722496,24722496,418355685
66606,8,,8,train,24722496,24722496,418355685
34886,8,,10,train,24722496,24722496,418355685
55098,8,,13,train,24722496,24722496,418355685
29255,8,,9,train,24722496,24722496,418355685
73054,8,,13,train,24722496,24722496,418355685
1441,8,,13,train,24722496,24722496,418355685
21723,8,,7,train,24722496,24722496,418355685
49209,8,,13,train,24722496,24722496,418355685
71830,8,,8,train,24722496,24722496,418355685
31396,8,,10,train,24722496,24722496,418355685
9412,8,,7,train,24722496,24722496,418355685
32599,8,,8,train,24722496,24722496,418355685
18930,8,,9,train,24722496,24722496,418355685
21768,8,,10,train,24722496,24722496,418355685
1776,8,,11,train,24722496,24722496,418355685
40098,9,,12,train,24722496,24722496,418355685
19001,9,,10,train,24722496,24722496,418355685
35726,9,,10,train,24722496,24722496,418355685
8551,9,,10,train,24722496,24722496,418355685
8326,9,,13,train,24722496,24722496,418355685
66606,9,,8,train,24722496,24722496,418355685
34886,9,,10,train,24722496,24722496,418355685
55098,9,,13,train,24722496,24722496,418355685
29255,9,,9,train,24722496,24722496,418355685
73054,9,,13,train,24722496,24722496,418355685
1441,9,,13,train,24722496,24722496,418355685
21723,9,,7,train,24722496,24722496,418355685
49209,9,,13,train,24722496,24722496,418355685
71830,9,,8,train,24722496,24722496,418355685
31396,9,,10,train,24722496,24722496,418355685
9412,9,,7,train,24722496,24722496,418355685
32599,9,,8,train,24722496,24722496,418355685
18930,9,,9,train,24722496,24722496,418355685
21768,9,,10,train,24722496,24722496,418355685
1776,9,,11,train,24722496,24722496,418355685
40098,10,,12,train,24722496,24722496,418355685
19001,10,,10,train,24722496,24722496,418355685
35726,10,,10,train,24722496,24722496,418355685
8551,10,,10,train,24722496,24722496,418355685
8326,10,,13,train,24722496,24722496,418355685
66606,10,,8,train,24722496,24722496,418355685
34886,10,,10,train,24722496,24722496,418355685
55098,10,,13,train,24722496,24722496,418355685
29255,10,,9,train,24722496,24722496,418355685
73054,10,,13,train,24722496,24722496,418355685
1441,10,,13,train,24722496,24722496,418355685
21723,10,,7,train,24722496,24722496,418355685
49209,10,,13,train,24722496,24722496,418355685
71830,10,,8,train,24722496,24722496,418355685
31396,10,,10,train,24722496,24722496,418355685
9412,10,,7,train,24722496,24722496,418355685
32599,10,,8,train,24722496,24722496,418355685
18930,10,,9,train,24722496,24722496,418355685
21768,10,,10,train,24722496,24722496,418355685
1776,10,,11,train,24722496,24722496,418355685
40098,11,,12,train,24722496,24722496,418355685
19001,11,,10,train,24722496,24722496,418355685
35726,11,,10,train,24722496,24722496,418355685
8551,11,,10,train,24722496,24722496,418355685
8326,11,,13,train,24722496,24722496,418355685
66606,11,,8,train,24722496,24722496,418355685
34886,11,,10,train,24722496,24722496,418355685
55098,11,,13,train,24722496,24722496,418355685
29255,11,,9,train,24722496,24722496,418355685
73054,11,,13,train,24722496,24722496,418355685
1441,11,,13,train,24722496,24722496,418355685
21723,11,,7,train,24722496,24722496,418355685
49209,11,,13,train,24722496,24722496,418355685
71830,11,,8,train,24722496,24722496,418355685
31396,11,,10,train,24722496,24722496,418355685
9412,11,,7,train,24722496,24722496,418355685
32599,11,,8,train,24722496,24722496,418355685
18930,11,,9,train,24722496,24722496,418355685
21768,11,,10,train,24722496,24722496,418355685
1776,11,,11,train,24722496,24722496,418355685
40098,12,,12,train,24722496,24722496,418355685
19001,12,,10,train,24722496,24722496,418355685
35726,12,,10,train,24722496,24722496,418355685
8551,12,,10,train,24722496,24722496,418355685
8326,12,,13,train,24722496,24722496,418355685
66606,12,,8,train,24722496,24722496,418355685
34886,12,,10,train,24722496,24722496,418355685
55098,12,,13,train,24722496,24722496,418355685
29255,12,,9,train,24722496,24722496,418355685
73054,12,,13,train,24722496,24722496,418355685
1441,12,,13,train,24722496,24722496,418355685
21723,12,,7,train,24722496,24722496,418355685
49209,12,,13,train,24722496,24722496,418355685
71830,12,,8,train,24722496,24722496,418355685
31396,12,,10,train,24722496,24722496,418355685
9412,12,,7,train,24722496,24722496,418355685
32599,12,,8,train,24722496,24722496,418355685
18930,12,,9,train,24722496,24722496,418355685
21768,12,,10,train,24722496,24722496,418355685
1776,12,,11,train,24722496,24722496,418355685
40098,13,,12,train,24722496,24722496,418355685
19001,13,,10,train,24722496,24722496,418355685
35726,13,,10,train,24722496,24722496,418355685
8551,13,,10,train,24722496,24722496,418355685
8326,13,,13,train,24722496,24722496,418355685
66606,13,,8,train,24722496,24722496,418355685
34886,13,,10,train,24722496,24722496,418355685
55098,13,,13,train,24722496,24722496,418355685
29255,13,,9,train,24722496,24722496,418355685
73054,13,,13,train,24722496,24722496,418355685
1441,13,,13,train,24722496,24722496,418355685
21723,13,,7,train,24722496,24722496,418355685
49209,13,,13,train,24722496,24722496,418355685
71830,13,,8,train,24722496,24722496,418355685
31396,13,,10,train,24722496,24722496,418355685
9412,13,,7,train,24722496,24722496,418355685
32599,13,,8,train,24722496,24722496,418355685
18930,13,,9,train,24722496,24722496,418355685
21768,13,,10,train,24722496,24722496,418355685
1776,13,,11,train,24722496,24722496,418355685
40098,14,,12,train,24722496,24722496,418355685
19001,14,,10,train,24722496,24722496,418355685
35726,14,,10,train,24722496,24722496,418355685
8551,14,,10,train,24722496,24722496,418355685
8326,14,,13,train,24722496,24722496,418355685
66606,14,,8,train,24722496,24722496,418355685
34886,14,,10,train,24722496,24722496,418355685
55098,14,,13,train,24722496,24722496,418355685
29255,14,,9,train,24722496,24722496,418355685
73054,14,,13,train,24722496,24722496,418355685
1441,14,,13,train,24722496,24722496,418355685
21723,14,,7,train,24722496,24722496,418355685
49209,14,,13,train,24722496,24722496,418355685
71830,14,,8,train,24722496,24722496,418355685
31396,14,,10,train,24722496,24722496,418355685
9412,14,,7,train,24722496,24722496,418355685
32599,14,,8,train,24722496,24722496,418355685
18930,14,,9,train,24722496,24722496,418355685
21768,14,,10,train,24722496,24722496,418355685
1776,14,,11,train,24722496,24722496,418355685
40098,15,,12,train,24722496,24722496,418355685
19001,15,,10,train,24722496,24722496,418355685
35726,15,,10,train,24722496,24722496,418355685
8551,15,,10,train,24722496,24722496,418355685
8326,15,,13,train,24722496,24722496,418355685
66606,15,,8,train,24722496,24722496,418355685
34886,15,,10,train,24722496,24722496,418355685
55098,15,,13,train,24722496,24722496,418355685
29255,15,,9,train,24722496,24722496,418355685
73054,15,,13,train,24722496,24722496,418355685
1441,15,,13,train,24722496,24722496,418355685
21723,15,,7,train,24722496,24722496,418355685
49209,15,,13,train,24722496,24722496,418355685
71830,15,,8,train,24722496,24722496,418355685
31396,15,,10,train,24722496,24722496,418355685
9412,15,,7,train,24722496,24722496,418355685
32599,15,,8,train,24722496,24722496,418355685
18930,15,,9,train,24722496,24722496,418355685
21768,15,,10,train,24722496,24722496,418355685
1776,15,,11,train,24722496,24722496,418355685
40098,16,,12,train,24722496,24722496,418355685
19001,16,,10,train,24722496,24722496,418355685
35726,16,,10,train,24722496,24722496,418355685
8551,16,,10,train,24722496,24722496,418355685
8326,16,,13,train,24722496,24722496,418355685
66606,16,,8,train,24722496,24722496,418355685
34886,16,,10,train,24722496,24722496,418355685
55098,16,,13,train,24722496,24722496,418355685
29255,16,,9,train,24722496,24722496,418355685
73054,16,,13,train,24722496,24722496,418355685
1441,16,,13,train,24722496,24722496,418355685
21723,16,,7,train,24722496,24722496,418355685
49209,16,,13,train,24722496,24722496,418355685
71830,16,,8,train,24722496,24722496,418355685
31396,16,,10,train,24722496,24722496,418355685
9412,16,,7,train,24722496,24722496,418355685
32599,16,,8,train,24722496,24722496,418355685
18930,16,,9,train,24722496,24722496,418355685
21768,16,,10,train,24722496,24722496,418355685
1776,16,,11,train,24722496,24722496,418355685
40098,17,,12,train,24722496,24722496,418355685
19001,17,,10,train,24722496,24722496,418355685
35726,17,,10,train,24722496,24722496,418355685
8551,17,,10,train,24722496,24722496,418355685
8326,17,,13,train,24722496,24722496,418355685
66606,17,,8,train,24722496,24722496,418355685
34886,17,,10,train,24722496,24722496,418355685
55098,17,,13,train,24722496,24722496,418355685
29255,17,,9,train,24722496,24722496,418355685
73054,17,,13,train,24722496,24722496,418355685
1441,17,,13,train,24722496,24722496,418355685
21723,17,,7,train,24722496,24722496,418355685
49209,17,,13,train,24722496,24722496,418355685
71830,17,,8,train,24722496,24722496,418355685
31396,17,,10,train,24722496,24722496,418355685
9412,17,,7,train,24722496,24722496,418355685
32599,17,,8,train,24722496,24722496,418355685
18930,17,,9,train,24722496,24722496,418355685
21768,17,,10,train,24722496,24722496,418355685
1776,17,,11,train,24722496,24722496,418355685
40098,18,,12,train,24722496,24722496,418355685
19001,18,,10,train,24722496,24722496,418355685
35726,18,,10,train,24722496,24722496,418355685
8551,18,,10,train,24722496,24722496,418355685
8326,18,,13,train,24722496,24722496,418355685
66606,18,,8,train,24722496,24722496,418355685
34886,18,,10,train,24722496,24722496,418355685
55098,18,,13,train,24722496,24722496,418355685
29255,18,,9,train,24722496,24722496,418355685
73054,18,,13,train,24722496,24722496,418355685
1441,18,,13,train,24722496,24722496,418355685
21723,18,,7,train,24722496,24722496,418355685
49209,18,,13,train,24722496,24722496,418355685
71830,18,,8,train,24722496,24722496,418355685
31396,18,,10,train,24722496,24722496,418355685
9412,18,,7,train,24722496,24722496,418355685
32599,18,,8,train,24722496,24722496,418355685
18930,18,,9,train,24722496,24722496,418355685
21768,18,,10,train,24722496,24722496,418355685
1776,18,,11,train,24722496,24722496,418355685
40098,19,,12,train,24722496,24722496,418355685
19001,19,,10,train,24722496,24722496,418355685
35726,19,,10,train,24722496,24722496,418355685
8551,19,,10,train,24722496,24722496,418355685
8326,19,,13,train,24722496,24722496,418355685
66606,19,,8,train,24722496,24722496,418355685
34886,19,,10,train,24722496,24722496,418355685
55098,19,,13,train,24722496,24722496,418355685
29255,19,,9,train,24722496,24722496,418355685
73054,19,,13,train,24722496,24722496,418355685
1441,19,,13,train,24722496,24722496,418355685
21723,19,,7,train,24722496,24722496,418355685
49209,19,,13,train,24722496,24722496,418355685
71830,19,,8,train,24722496,24722496,418355685
31396,19,,10,train,24722496,24722496,418355685
9412,19,,7,train,24722496,24722496,418355685
32599,19,,8,train,24722496,24722496,418355685
18930,19,,9,train,24722496,24722496,418355685
21768,19,,10,train,24722496,24722496,418355685
1776,19,,11,train,24722496,24722496,418355685
40098,20,,12,train,24722496,24722496,418355685
19001,20,,10,train,24722496,24722496,418355685
35726,20,,10,train,24722496,24722496,418355685
8551,20,,10,train,24722496,24722496,418355685
8326,20,,13,train,24722496,24722496,418355685
66606,20,,8,train,24722496,24722496,418355685
34886,20,,10,train,24722496,24722496,418355685
55098,20,,13,train,24722496,24722496,418355685
29255,20,,9,train,24722496,24722496,418355685
73054,20,,13,train,24722496,24722496,418355685
1441,20,,13,train,24722496,24722496,418355685
21723,20,,7,train,24722496,24722496,418355685
49209,20,,13,train,24722496,24722496,418355685
71830,20,,8,train,24722496,24722496,418355685
31396,20,,10,train,24722496,24722496,418355685
9412,20,,7,train,24722496,24722496,418355685
32599,20,,8,train,24722496,24722496,418355685
18930,20,,9,train,24722496,24722496,418355685
21768,20,,10,train,24722496,24722496,418355685
1776,20,,11,train,24722496,24722496,418355685
40098,21,,12,train,24722496,24722496,418355685
19001,21,,10,train,24722496,24722496,418355685
35726,21,,10,train,24722496,24722496,418355685
8551,21,,10,train,24722496,24722496,418355685
8326,21,,13,train,24722496,24722496,418355685
66606,21,,8,train,24722496,24722496,418355685
34886,21,,10,train,24722496,24722496,418355685
55098,21,,13,train,24722496,24722496,418355685
29255,21,,9,train,24722496,24722496,418355685
73054,21,,13,train,24722496,24722496,418355685
1441,21,,13,train,24722496,24722496,418355685
21723,21,,7,train,24722496,24722496,418355685
49209,21,,13,train,24722496,24722496,418355685
71830,21,,8,train,24722496,24722496,418355685
31396,21,,10,train,24722496,24722496,418355685
9412,21,,7,train,24722496,24722496,418355685
32599,21,,8,train,24722496,24722496,418355685
18930,21,,9,train,24722496,24722496,418355685
21768,21,,10,train,24722496,24722496,418355685
1776,21,,11,train,24722496,24722496,418355685
40098,22,,12,train,24722496,24722496,418355685
19001,22,,10,train,24722496,24722496,418355685
35726,22,,10,train,24722496,24722496,418355685
8551,22,,10,train,24722496,24722496,418355685
8326,22,,13,train,24722496,24722496,418355685
66606,22,,8,train,24722496,24722496,418355685
34886,22,,10,train,24722496,24722496,418355685
55098,22,,13,train,24722496,24722496,418355685
29255,22,,9,train,24722496,24722496,418355685
73054,22,,13,train,24722496,24722496,418355685
1441,22,,13,train,24722496,24722496,418355685
21723,22,,7,train,24722496,24722496,418355685
49209,22,,13,train,24722496,24722496,418355685
71830,22,,8,train,24722496,24722496,418355685
31396,22,,10,train,24722496,24722496,418355685
9412,22,,7,train,24722496,24722496,418355685
32599,22,,8,train,24722496,24722496,418355685
18930,22,,9,train,24722496,24722496,418355685
21768,22,,10,train,24722496,24722496,418355685
1776,22,,11,train,24722496,24722496,418355685
40098,23,,12,train,24722496,24722496,418355685
19001,23,,10,train,24722496,24722496,418355685
35726,23,,10,train,24722496,24722496,418355685
8551,23,,10,train,24722496,24722496,418355685
8326,23,,13,train,24722496,24722496,418355685
66606,23,,8,train,24722496,24722496,418355685
34886,23,,10,train,24722496,24722496,418355685
55098,23,,13,train,24722496,24722496,418355685
29255,23,,9,train,24722496,24722496,418355685
73054,23,,13,train,24722496,24722496,418355685
1441,23,,13,train,24722496,24722496,418355685
21723,23,,7,train,24722496,24722496,418355685
49209,23,,13,train,24722496,24722496,418355685
71830,23,,8,train,24722496,24722496,418355685
31396,23,,10,train,24722496,24722496,418355685
9412,23,,7,train,24722496,24722496,418355685
32599,23,,8,train,24722496,24722496,418355685
18930,23,,9,train,24722496,24722496,418355685
21768,23,,10,train,24722496,24722496,418355685
1776,23,,11,train,24722496,24722496,418355685
40098,24,,12,train,24722496,24722496,418355685
19001,24,,10,train,24722496,24722496,418355685
35726,24,,10,train,24722496,24722496,418355685
8551,24,,10,train,24722496,24722496,418355685
8326,24,,13,train,24722496,24722496,418355685
66606,24,,8,train,24722496,24722496,418355685
34886,24,,10,train,24722496,24722496,418355685
55098,24,,13,train,24722496,24722496,418355685
29255,24,,9,train,24722496,24722496,418355685
73054,24,,13,train,24722496,24722496,418355685
1441,24,,13,train,24722496,24722496,418355685
21723,24,,7,train,24722496,24722496,418355685
49209,24,,13,train,24722496,24722496,418355685
71830,24,,8,train,24722496,24722496,418355685
31396,24,,10,train,24722496,24722496,418355685
9412,24,,7,train,24722496,24722496,418355685
32599,24,,8,train,24722496,24722496,418355685
18930,24,,9,train,24722496,24722496,418355685
21768,24,,10,train,24722496,24722496,418355685
1776,24,,11,train,24722496,24722496,418355685
40098,25,,12,train,24722496,24722496,418355685
19001,25,,10,train,24722496,24722496,418355685
35726,25,,10,train,24722496,24722496,418355685
8551,25,,10,train,24722496,24722496,418355685
8326,25,,13,train,24722496,24722496,418355685
66606,25,,8,train,24722496,24722496,418355685
34886,25,,10,train,24722496,24722496,418355685
55098,25,,13,train,24722496,24722496,418355685
29255,25,,9,train,24722496,24722496,418355685
73054,25,,13,train,24722496,24722496,418355685
1441,25,,13,train,24722496,24722496,418355685
21723,25,,7,train,24722496,24722496,418355685
49209,25,,13,train,24722496,24722496,418355685
71830,25,,8,train,24722496,24722496,418355685
31396,25,,10,train,24722496,24722496,418355685
9412,25,,7,train,24722496,24722496,418355685
32599,25,,8,train,24722496,24722496,418355685
18930,25,,9,train,24722496,24722496,418355685
21768,25,,10,train,24722496,24722496,418355685
1776,25,,11,train,24722496,24722496,418355685
40098,26,,12,train,24722496,24722496,418355685
19001,26,,10,train,24722496,24722496,418355685
35726,26,,10,train,24722496,24722496,418355685
8551,26,,10,train,24722496,24722496,418355685
8326,26,,13,train,24722496,24722496,418355685
66606,26,,8,train,24722496,24722496,418355685
34886,26,,10,train,24722496,24722496,418355685
55098,26,,13,train,24722496,24722496,418355685
29255,26,,9,train,24722496,24722496,418355685
73054,26,,13,train,24722496,24722496,418355685
1441,26,,13,train,24722496,24722496,418355685
21723,26,,7,train,24722496,24722496,418355685
49209,26,,13,train,24722496,24722496,418355685
71830,26,,8,train,24722496,24722496,418355685
31396,26,,10,train,24722496,24722496,418355685
9412,26,,7,train,24722496,24722496,418355685
32599,26,,8,train,24722496,24722496,418355685
18930,26,,9,train,24722496,24722496,418355685
21768,26,,10,train,24722496,24722496,418355685
1776,26,,11,train,24722496,24722496,418355685
40098,27,,12,train,24722496,24722496,418355685
19001,27,,10,train,24722496,24722496,418355685
35726,27,,10,train,24722496,24722496,418355685
8551,27,,10,train,24722496,24722496,418355685
8326,27,,13,train,24722496,24722496,418355685
66606,27,,8,train,24722496,24722496,418355685
34886,27,,10,train,24722496,24722496,418355685
55098,27,,13,train,24722496,24722496,418355685
29255,27,,9,train,24722496,24722496,418355685
73054,27,,13,train,24722496,24722496,418355685
1441,27,,13,train,24722496,24722496,418355685
21723,27,,7,train,24722496,24722496,418355685
49209,27,,13,train,24722496,24722496,418355685
71830,27,,8,train,24722496,24722496,418355685
31396,27,,10,train,24722496,24722496,418355685
9412,27,,7,train,24722496,24722496,418355685
32599,27,,8,train,24722496,24722496,418355685
18930,27,,9,train,24722496,24722496,418355685
21768,27,,10,train,24722496,24722496,418355685
1776,27,,11,train,24722496,24722496,418355685
40098,28,,12,train,24722496,24722496,418355685
19001,28,,10,train,24722496,24722496,418355685
35726,28,,10,train,24722496,24722496,418355685
8551,28,,10,train,24722496,24722496,418355685
8326,28,,13,train,24722496,24722496,418355685
66606,28,,8,train,24722496,24722496,418355685
34886,28,,10,train,24722496,24722496,418355685
55098,28,,13,train,24722496,24722496,418355685
29255,28,,9,train,24722496,24722496,418355685
73054,28,,13,train,24722496,24722496,418355685
1441,28,,13,train,24722496,24722496,418355685
21723,28,,7,train,24722496,24722496,418355685
49209,28,,13,train,24722496,24722496,418355685
71830,28,,8,train,24722496,24722496,418355685
31396,28,,10,train,24722496,24722496,418355685
9412,28,,7,train,24722496,24722496,418355685
32599,28,,8,train,24722496,24722496,418355685
18930,28,,9,train,24722496,24722496,418355685
21768,28,,10,train,24722496,24722496,418355685
1776,28,,11,train,24722496,24722496,418355685
40098,29,,12,train,24722496,24722496,418355685
19001,29,,10,train,24722496,24722496,418355685
35726,29,,10,train,24722496,24722496,418355685
8551,29,,10,train,24722496,24722496,418355685
8326,29,,13,train,24722496,24722496,418355685
66606,29,,8,train,24722496,24722496,418355685
34886,29,,10,train,24722496,24722496,418355685
55098,29,,13,train,24722496,24722496,418355685
29255,29,,9,train,24722496,24722496,418355685
73054,29,,13,train,24722496,24722496,418355685
1441,29,,13,train,24722496,24722496,418355685
21723,29,,7,train,24722496,24722496,418355685
49209,29,,13,train,24722496,24722496,418355685
71830,29,,8,train,24722496,24722496,418355685
31396,29,,10,train,24722496,24722496,418355685
9412,29,,7,train,24722496,24722496,418355685
32599,29,,8,train,24722496,24722496,418355685
18930,29,,9,train,24722496,24722496,418355685
21768,29,,10,train,24722496,24722496,418355685
1776,29,,11,train,24722496,24722496,418355685
40098,30,,12,train,24722496,24722496,418355685
19001,30,,10,train,24722496,24722496,418355685
35726,30,,10,train,24722496,24722496,418355685
8551,30,,10,train,24722496,24722496,418355685
8326,30,,13,train,24722496,24722496,418355685
66606,30,,8,train,24722496,24722496,418355685
34886,30,,10,train,24722496,24722496,418355685
55098,30,,13,train,24722496,24722496,418355685
29255,30,,9,train,24722496,24722496,418355685
73054,30,,13,train,24722496,24722496,418355685
1441,30,,13,train,24722496,24722496,418355685
21723,30,,7,train,24722496,24722496,418355685
49209,30,,13,train,24722496,24722496,418355685
71830,30,,8,train,24722496,24722496,418355685
31396,30,,10,train,24722496,24722496,418355685
9412,30,,7,train,24722496,24722496,418355685
32599,30,,8,train,24722496,24722496,418355685
18930,30,,9,train,24722496,24722496,418355685
21768,30,,10,train,24722496,24722496,418355685
1776,30,,11,train,24722496,24722496,418355685
40098,31,,12,train,24722496,24722496,418355685
19001,31,,10,train,24722496,24722496,418355685
35726,31,,10,train,24722496,24722496,418355685
8551,31,,10,train,24722496,24722496,418355685
8326,31,,13,train,24722496,24722496,418355685
66606,31,,8,train,24722496,24722496,418355685
34886,31,,10,train,24722496,24722496,418355685
55098,31,,13,train,24722496,24722496,418355685
29255,31,,9,train,24722496,24722496,418355685
73054,31,,13,train,24722496,24722496,418355685
1441,31,,13,train,24722496,24722496,418355685
21723,31,,7,train,24722496,24722496,418355685
49209,31,,13,train,24722496,24722496,418355685
71830,31,,8,train,24722496,24722496,418355685
31396,31,,10,train,24722496,24722496,418355685
9412,31,,7,train,24722496,24722496,418355685
32599,31,,8,train,24722496,24722496,418355685
18930,31,,9,train,24722496,24722496,418355685
21768,31,,10,train,24722496,24722496,418355685
1776,31,,11,train,24722496,24722496,418355685
40098,32,,12,train,24722496,24722496,418355685
19001,32,,10,train,24722496,24722496,418355685
35726,32,,10,train,24722496,24722496,418355685
8551,32,,10,train,24722496,24722496,418355685
8326,32,,13,train,24722496,24722496,418355685
66606,32,,8,train,24722496,24722496,418355685
34886,32,,10,train,24722496,24722496,418355685
55098,32,,13,train,24722496,24722496,418355685
29255,32,,9,train,24722496,24722496,418355685
73054,32,,13,train,24722496,24722496,418355685
1441,32,,13,train,24722496,24722496,418355685
21723,32,,7,train,24722496,24722496,418355685
49209,32,,13,train,24722496,24722496,418355685
71830,32,,8,train,24722496,24722496,418355685
31396,32,,10,train,24722496,24722496,418355685
9412,32,,7,train,24722496,24722496,418355685
32599,32,,8,train,24722496,24722496,418355685
18930,32,,9,train,24722496,24722496,418355685
21768,32,,10,train,24722496,24722496,418355685
1776,32,,11,train,24722496,24722496,418355685
40098,33,,12,train,24722496,24722496,418355685
19001,33,,10,train,24722496,24722496,418355685
35726,33,,10,train,24722496,24722496,418355685
8551,33,,10,train,24722496,24722496,418355685
8326,33,,13,train,24722496,24722496,418355685
66606,33,,8,train,24722496,24722496,418355685
34886,33,,10,train,24722496,24722496,418355685
55098,33,,13,train,24722496,24722496,418355685
29255,33,,9,train,24722496,24722496,418355685
73054,33,,13,train,24722496,24722496,418355685
1441,33,,13,train,24722496,24722496,418355685
21723,33,,7,train,24722496,24722496,418355685
49209,33,,13,train,24722496,24722496,418355685
71830,33,,8,train,24722496,24722496,418355685
31396,33,,10,train,24722496,24722496,418355685
9412,33,,7,train,24722496,24722496,418355685
32599,33,,8,train,24722496,24722496,418355685
18930,33,,9,train,24722496,24722496,418355685
21768,33,,10,train,24722496,24722496,418355685
1776,33,,11,train,24722496,24722496,418355685
40098,34,,12,train,24722496,24722496,418355685
19001,34,,10,train,24722496,24722496,418355685
35726,34,,10,train,24722496,24722496,418355685
8551,34,,10,train,24722496,24722496,418355685
8326,34,,13,train,24722496,24722496,418355685
66606,34,,8,train,24722496,24722496,418355685
34886,34,,10,train,24722496,24722496,418355685
55098,34,,13,train,24722496,24722496,418355685
29255,34,,9,train,24722496,24722496,418355685
73054,34,,13,train,24722496,24722496,418355685
1441,34,,13,train,24722496,24722496,418355685
21723,34,,7,train,24722496,24722496,418355685
49209,34,,13,train,24722496,24722496,418355685
71830,34,,8,train,24722496,24722496,418355685
31396,34,,10,train,24722496,24722496,418355685
9412,34,,7,train,24722496,24722496,418355685
32599,34,,8,train,24722496,24722496,418355685
18930,34,,9,train,24722496,24722496,418355685
21768,34,,10,train,24722496,24722496,418355685
1776,34,,11,train,24722496,24722496,418355685
40098,35,,12,train,24722496,24722496,418355685
19001,35,,10,train,24722496,24722496,418355685
35726,35,,10,train,24722496,24722496,418355685
8551,35,,10,train,24722496,24722496,418355685
8326,35,,13,train,24722496,24722496,418355685
66606,35,,8,train,24722496,24722496,418355685
34886,35,,10,train,24722496,24722496,418355685
55098,35,,13,train,24722496,24722496,418355685
29255,35,,9,train,24722496,24722496,418355685
73054,35,,13,train,24722496,24722496,418355685
1441,35,,13,train,24722496,24722496,418355685
21723,35,,7,train,24722496,24722496,418355685
49209,35,,13,train,24722496,24722496,418355685
71830,35,,8,train,24722496,24722496,418355685
31396,35,,10,train,24722496,24722496,418355685
9412,35,,7,train,24722496,24722496,418355685
32599,35,,8,train,24722496,24722496,418355685
18930,35,,9,train,24722496,24722496,418355685
21768,35,,10,train,24722496,24722496,418355685
1776,35,,11,train,24722496,24722496,418355685
40098,36,,12,train,24722496,24722496,418355685
19001,36,,10,train,24722496,24722496,418355685
35726,36,,10,train,24722496,24722496,418355685
8551,36,,10,train,24722496,24722496,418355685
8326,36,,13,train,24722496,24722496,418355685
66606,36,,8,train,24722496,24722496,418355685
34886,36,,10,train,24722496,24722496,418355685
55098,36,,13,train,24722496,24722496,418355685
29255,36,,9,train,24722496,24722496,418355685
73054,36,,13,train,24722496,24722496,418355685
1441,36,,13,train,24722496,24722496,418355685
21723,36,,7,train,24722496,24722496,418355685
49209,36,,13,train,24722496,24722496,418355685
71830,36,,8,train,24722496,24722496,418355685
31396,36,,10,train,24722496,24722496,418355685
9412,36,,7,train,24722496,24722496,418355685
32599,36,,8,train,24722496,24722496,418355685
18930,36,,9,train,24722496,24722496,418355685
21768,36,,10,train,24722496,24722496,418355685
1776,36,,11,train,24722496,24722496,418355685
40098,37,,12,train,24722496,24722496,418355685
19001,37,,10,train,24722496,24722496,418355685
35726,37,,10,train,24722496,24722496,418355685
8551,37,,10,train,24722496,24722496,418355685
8326,37,,13,train,24722496,24722496,418355685
66606,37,,8,train,24722496,24722496,418355685
34886,37,,10,train,24722496,24722496,418355685
55098,37,,13,train,24722496,24722496,418355685
29255,37,,9,train,24722496,24722496,418355685
73054,37,,13,train,24722496,24722496,418355685
1441,37,,13,train,24722496,24722496,418355685
21723,37,,7,train,24722496,24722496,418355685
49209,37,,13,train,24722496,24722496,418355685
71830,37,,8,train,24722496,24722496,418355685
31396,37,,10,train,24722496,24722496,418355685
9412,37,,7,train,24722496,24722496,418355685
32599,37,,8,train,24722496,24722496,418355685
18930,37,,9,train,24722496,24722496,418355685
21768,37,,10,train,24722496,24722496,418355685
1776,37,,11,train,24722496,24722496,418355685
40098,38,,12,train,24722496,24722496,418355685
19001,38,,10,train,24722496,24722496,418355685
35726,38,,10,train,24722496,24722496,418355685
8551,38,,10,train,24722496,24722496,418355685
8326,38,,13,train,24722496,24722496,418355685
66606,38,,8,train,24722496,24722496,418355685
34886,38,,10,train,24722496,24722496,418355685
55098,38,,13,train,24722496,24722496,418355685
29255,38,,9,train,24722496,24722496,418355685
73054,38,,13,train,24722496,24722496,418355685
1441,38,,13,train,24722496,24722496,418355685
21723,38,,7,train,24722496,24722496,418355685
49209,38,,13,train,24722496,24722496,418355685
71830,38,,8,train,24722496,24722496,418355685
31396,38,,10,train,24722496,24722496,418355685
9412,38,,7,train,24722496,24722496,418355685
32599,38,,8,train,24722496,24722496,418355685
18930,38,,9,train,24722496,24722496,418355685
21768,38,,10,train,24722496,24722496,418355685
1776,38,,11,train,24722496,24722496,418355685
40098,39,,12,train,24722496,24722496,418355685
19001,39,,10,train,24722496,24722496,418355685
35726,39,,10,train,24722496,24722496,418355685
8551,39,,10,train,24722496,24722496,418355685
8326,39,,13,train,24722496,24722496,418355685
66606,39,,8,train,24722496,24722496,418355685
34886,39,,10,train,24722496,24722496,418355685
55098,39,,13,train,24722496,24722496,418355685
29255,39,,9,train,24722496,24722496,418355685
73054,39,,13,train,24722496,24722496,418355685
1441,39,,13,train,24722496,24722496,418355685
21723,39,,7,train,24722496,24722496,418355685
49209,39,,13,train,24722496,24722496,418355685
71830,39,,8,train,24722496,24722496,418355685
31396,39,,10,train,24722496,24722496,418355685
9412,39,,7,train,24722496,24722496,418355685
32599,39,,8,train,24722496,24722496,418355685
18930,39,,9,train,24722496,24722496,418355685
21768,39,,10,train,24722496,24722496,418355685
1776,39,,11,train,24722496,24722496,418355685
40098,40,,12,train,24722496,24722496,418355685
19001,40,,10,train,24722496,24722496,418355685
35726,40,,10,train,24722496,24722496,418355685
8551,40,,10,train,24722496,24722496,418355685
8326,40,,13,train,24722496,24722496,418355685
66606,40,,8,train,24722496,24722496,418355685
34886,40,,10,train,24722496,24722496,418355685
55098,40,,13,train,24722496,24722496,418355685
29255,40,,9,train,24722496,24722496,418355685
73054,40,,13,train,24722496,24722496,418355685
1441,40,,13,train,24722496,24722496,418355685
21723,40,,7,train,24722496,24722496,418355685
49209,40,,13,train,24722496,24722496,418355685
71830,40,,8,train,24722496,24722496,418355685
31396,40,,10,train,24722496,24722496,418355685
9412,40,,7,train,24722496,24722496,418355685
32599,40,,8,train,24722496,24722496,418355685
18930,40,,9,train,24722496,24722496,418355685
21768,40,,10,train,24722496,24722496,418355685
1776,40,,11,train,24722496,24722496,418355685
40098,41,,12,train,24722496,24722496,418355685
19001,41,,10,train,24722496,24722496,418355685
35726,41,,10,train,24722496,24722496,418355685
8551,41,,10,train,24722496,24722496,418355685
8326,41,,13,train,24722496,24722496,418355685
66606,41,,8,train,24722496,24722496,418355685
34886,41,,10,train,24722496,24722496,418355685
55098,41,,13,train,24722496,24722496,418355685
29255,41,,9,train,24722496,24722496,418355685
73054,41,,13,train,24722496,24722496,418355685
1441,41,,13,train,24722496,24722496,418355685
21723,41,,7,train,24722496,24722496,418355685
49209,41,,13,train,24722496,24722496,418355685
71830,41,,8,train,24722496,24722496,418355685
31396,41,,10,train,24722496,24722496,418355685
9412,41,,7,train,24722496,24722496,418355685
32599,41,,8,train,24722496,24722496,418355685
18930,41,,9,train,24722496,24722496,418355685
21768,41,,10,train,24722496,24722496,418355685
1776,41,,11,train,24722496,24722496,418355685
40098,42,,12,train,24722496,24722496,418355685
19001,42,,10,train,24722496,24722496,418355685
35726,42,,10,train,24722496,24722496,418355685
8551,42,,10,train,24722496,24722496,418355685
8326,42,,13,train,24722496,24722496,418355685
66606,42,,8,train,24722496,24722496,418355685
34886,42,,10,train,24722496,24722496,418355685
55098,42,,13,train,24722496,24722496,418355685
29255,42,,9,train,24722496,24722496,418355685
73054,42,,13,train,24722496,24722496,418355685
1441,42,,13,train,24722496,24722496,418355685
21723,42,,7,train,24722496,24722496,418355685
49209,42,,13,train,24722496,24722496,418355685
71830,42,,8,train,24722496,24722496,418355685
31396,42,,10,train,24722496,24722496,418355685
9412,42,,7,train,24722496,24722496,418355685
32599,42,,8,train,24722496,24722496,418355685
18930,42,,9,train,24722496,24722496,418355685
21768,42,,10,train,24722496,24722496,418355685
1776,42,,11,train,24722496,24722496,418355685
40098,43,,12,train,24722496,24722496,418355685
19001,43,,10,train,24722496,24722496,418355685
35726,43,,10,train,24722496,24722496,418355685
8551,43,,10,train,24722496,24722496,418355685
8326,43,,13,train,24722496,24722496,418355685
66606,43,,8,train,24722496,24722496,418355685
34886,43,,10,train,24722496,24722496,418355685
55098,43,,13,train,24722496,24722496,418355685
29255,43,,9,train,24722496,24722496,418355685
73054,43,,13,train,24722496,24722496,418355685
1441,43,,13,train,24722496,24722496,418355685
21723,43,,7,train,24722496,24722496,418355685
49209,43,,13,train,24722496,24722496,418355685
71830,43,,8,train,24722496,24722496,418355685
31396,43,,10,train,24722496,24722496,418355685
9412,43,,7,train,24722496,24722496,418355685
32599,43,,8,train,24722496,24722496,418355685
18930,43,,9,train,24722496,24722496,418355685
21768,43,,10,train,24722496,24722496,418355685
1776,43,,11,train,24722496,24722496,418355685
40098,44,,12,train,24722496,24722496,418355685
19001,44,,10,train,24722496,24722496,418355685
35726,44,,10,train,24722496,24722496,418355685
8551,44,,10,train,24722496,24722496,418355685
8326,44,,13,train,24722496,24722496,418355685
66606,44,,8,train,24722496,24722496,418355685
34886,44,,10,train,24722496,24722496,418355685
55098,44,,13,train,24722496,24722496,418355685
29255,44,,9,train,24722496,24722496,418355685
73054,44,,13,train,24722496,24722496,418355685
1441,44,,13,train,24722496,24722496,418355685
21723,44,,7,train,24722496,24722496,418355685
49209,44,,13,train,24722496,24722496,418355685
71830,44,,8,train,24722496,24722496,418355685
31396,44,,10,train,24722496,24722496,418355685
9412,44,,7,train,24722496,24722496,418355685
32599,44,,8,train,24722496,24722496,418355685
18930,44,,9,train,24722496,24722496,418355685
21768,44,,10,train,24722496,24722496,418355685
1776,44,,11,train,24722496,24722496,418355685
40098,45,,12,train,24722496,24722496,418355685
19001,45,,10,train,24722496,24722496,418355685
35726,45,,10,train,24722496,24722496,418355685
8551,45,,10,train,24722496,24722496,418355685
8326,45,,13,train,24722496,24722496,418355685
66606,45,,8,train,24722496,24722496,418355685
34886,45,,10,train,24722496,24722496,418355685
55098,45,,13,train,24722496,24722496,418355685
29255,45,,9,train,24722496,24722496,418355685
73054,45,,13,train,24722496,24722496,418355685
1441,45,,13,train,24722496,24722496,418355685
21723,45,,7,train,24722496,24722496,418355685
49209,45,,13,train,24722496,24722496,418355685
71830,45,,8,train,24722496,24722496,418355685
31396,45,,10,train,24722496,24722496,418355685
9412,45,,7,train,24722496,24722496,418355685
32599,45,,8,train,24722496,24722496,418355685
18930,45,,9,train,24722496,24722496,418355685
21768,45,,10,train,24722496,24722496,418355685
1776,45,,11,train,24722496,24722496,418355685
40098,46,,12,train,24722496,24722496,418355685
19001,46,,10,train,24722496,24722496,418355685
35726,46,,10,train,24722496,24722496,418355685
8551,46,,10,train,24722496,24722496,418355685
8326,46,,13,train,24722496,24722496,418355685
66606,46,,8,train,24722496,24722496,418355685
34886,46,,10,train,24722496,24722496,418355685
55098,46,,13,train,24722496,24722496,418355685
29255,46,,9,train,24722496,24722496,418355685
73054,46,,13,train,24722496,24722496,418355685
1441,46,,13,train,24722496,24722496,418355685
21723,46,,7,train,24722496,24722496,418355685
49209,46,,13,train,24722496,24722496,418355685
71830,46,,8,train,24722496,24722496,418355685
31396,46,,10,train,24722496,24722496,418355685
9412,46,,7,train,24722496,24722496,418355685
32599,46,,8,train,24722496,24722496,418355685
18930,46,,9,train,24722496,24722496,418355685
21768,46,,10,train,24722496,24722496,418355685
1776,46,,11,train,24722496,24722496,418355685
40098,47,,12,train,24722496,24722496,418355685
19001,47,,10,train,24722496,24722496,418355685
35726,47,,10,train,24722496,24722496,418355685
8551,47,,10,train,24722496,24722496,418355685
8326,47,,13,train,24722496,24722496,418355685
66606,47,,8,train,24722496,24722496,418355685
34886,47,,10,train,24722496,24722496,418355685
55098,47,,13,train,24722496,24722496,418355685
29255,47,,9,train,24722496,24722496,418355685
73054,47,,13,train,24722496,24722496,418355685
1441,47,,13,train,24722496,24722496,418355685
21723,47,,7,train,24722496,24722496,418355685
49209,47,,13,train,24722496,24722496,418355685
71830,47,,8,train,24722496,24722496,418355685
31396,47,,10,train,24722496,24722496,418355685
9412,47,,7,train,24722496,24722496,418355685
32599,47,,8,train,24722496,24722496,418355685
18930,47,,9,train,24722496,24722496,418355685
21768,47,,10,train,24722496,24722496,418355685
1776,47,,11,train,24722496,24722496,418355685
40098,48,,12,train,24722496,24722496,418355685
19001,48,,10,train,24722496,24722496,418355685
35726,48,,10,train,24722496,24722496,418355685
8551,48,,10,train,24722496,24722496,418355685
8326,48,,13,train,24722496,24722496,418355685
66606,48,,8,train,24722496,24722496,418355685
34886,48,,10,train,24722496,24722496,418355685
55098,48,,13,train,24722496,24722496,418355685
29255,48,,9,train,24722496,24722496,418355685
73054,48,,13,train,24722496,24722496,418355685
1441,48,,13,train,24722496,24722496,418355685
21723,48,,7,train,24722496,24722496,418355685
49209,48,,13,train,24722496,24722496,418355685
71830,48,,8,train,24722496,24722496,418355685
31396,48,,10,train,24722496,24722496,418355685
9412,48,,7,train,24722496,24722496,418355685
32599,48,,8,train,24722496,24722496,418355685
18930,48,,9,train,24722496,24722496,418355685
21768,48,,10,train,24722496,24722496,418355685
1776,48,,11,train,24722496,24722496,418355685
40098,49,,12,train,24722496,24722496,418355685
19001,49,,10,train,24722496,24722496,418355685
35726,49,,10,train,24722496,24722496,418355685
8551,49,,10,train,24722496,24722496,418355685
8326,49,,13,train,24722496,24722496,418355685
66606,49,,8,train,24722496,24722496,418355685
34886,49,,10,train,24722496,24722496,418355685
55098,49,,13,train,24722496,24722496,418355685
29255,49,,9,train,24722496,24722496,418355685
73054,49,,13,train,24722496,24722496,418355685
1441,49,,13,train,24722496,24722496,418355685
21723,49,,7,train,24722496,24722496,418355685
49209,49,,13,train,24722496,24722496,418355685
71830,49,,8,train,24722496,24722496,418355685
31396,49,,10,train,24722496,24722496,418355685
9412,49,,7,train,24722496,24722496,418355685
32599,49,,8,train,24722496,24722496,418355685
18930,49,,9,train,24722496,24722496,418355685
21768,49,,10,train,24722496,24722496,418355685
1776,49,,11,train,24722496,24722496,418355685
40098,50,,12,train,24722496,24722496,418355685
19001,50,,10,train,24722496,24722496,418355685
35726,50,,10,train,24722496,24722496,418355685
8551,50,,10,train,24722496,24722496,418355685
8326,50,,13,train,24722496,24722496,418355685
66606,50,,8,train,24722496,24722496,418355685
34886,50,,10,train,24722496,24722496,418355685
55098,50,,13,train,24722496,24722496,418355685
29255,50,,9,train,24722496,24722496,418355685
73054,50,,13,train,24722496,24722496,418355685
1441,50,,13,train,24722496,24722496,418355685
21723,50,,7,train,24722496,24722496,418355685
49209,50,,13,train,24722496,24722496,418355685
71830,50,,8,train,24722496,24722496,418355685
31396,50,,10,train,24722496,24722496,418355685
9412,50,,7,train,24722496,24722496,418355685
32599,50,,8,train,24722496,24722496,418355685
18930,50,,9,train,24722496,24722496,418355685
21768,50,,10,train,24722496,24722496,418355685
1776,50,,11,train,24722496,24722496,418355685
