7275,1,,6,train,24722496,24722496,0
73351,1,,10,train,24722496,24722496,418355685
48240,1,,59,train,24722496,24722496,3346845480
6092,1,,21,train,24722496,24722496,1255067055
52215,1,,7,train,24722496,24722496,418355685
50,1,,4,train,24722496,24722496,0
3588,1,,15,train,24722496,24722496,836711370
2254,1,,9,train,24722496,24722496,418355685
57776,1,,6,train,24722496,24722496,0
81362,1,,4,train,24722496,24722496,0
2836,1,,6,train,24722496,24722496,0
43460,1,,4,train,24722496,24722496,0
35890,1,,5,train,24722496,24722496,0
59497,1,,8,train,24722496,24722496,418355685
61424,1,,22,train,24722496,24722496,1255067055
4945,1,,13,train,24722496,24722496,418355685
69127,1,,14,train,24722496,24722496,836711370
27819,1,,4,train,24722496,24722496,0
72679,1,,88,train,24722496,24722496,5438623905
39295,1,,40,train,24722496,24722496,2510134110
7275,2,,6,train,24722496,24722496,0
73351,2,,10,train,24722496,24722496,418355685
48240,2,,59,train,24722496,24722496,3346845480
6092,2,,21,train,24722496,24722496,1255067055
52215,2,,7,train,24722496,24722496,418355685
50,2,,4,train,24722496,24722496,0
3588,2,,15,train,24722496,24722496,836711370
2254,2,,9,train,24722496,24722496,418355685
57776,2,,6,train,24722496,24722496,0
81362,2,,4,train,24722496,24722496,0
2836,2,,6,train,24722496,24722496,0
43460,2,,4,train,24722496,24722496,0
35890,2,,5,train,24722496,24722496,0
59497,2,,8,train,24722496,24722496,418355685
61424,2,,22,train,24722496,24722496,1255067055
4945,2,,13,train,24722496,24722496,418355685
69127,2,,14,train,24722496,24722496,836711370
27819,2,,4,train,24722496,24722496,0
72679,2,,88,train,24722496,24722496,5438623905
39295,2,,40,train,24722496,24722496,2510134110
7275,3,,6,train,24722496,24722496,0
73351,3,,10,train,24722496,24722496,418355685
48240,3,,59,train,24722496,24722496,3346845480
6092,3,,21,train,24722496,24722496,1255067055
52215,3,,7,train,24722496,24722496,418355685
50,3,,4,train,24722496,24722496,0
3588,3,,15,train,24722496,24722496,836711370
2254,3,,9,train,24722496,24722496,418355685
57776,3,,6,train,24722496,24722496,0
81362,3,,4,train,24722496,24722496,0
2836,3,,6,train,24722496,24722496,0
43460,3,,4,train,24722496,24722496,0
35890,3,,5,train,24722496,24722496,0
59497,3,,8,train,24722496,24722496,418355685
61424,3,,22,train,24722496,24722496,1255067055
4945,3,,13,train,24722496,24722496,418355685
69127,3,,14,train,24722496,24722496,836711370
27819,3,,4,train,24722496,24722496,0
72679,3,,88,train,24722496,24722496,5438623905
39295,3,,40,train,24722496,24722496,2510134110
7275,4,,6,train,24722496,24722496,0
73351,4,,10,train,24722496,24722496,418355685
48240,4,,59,train,24722496,24722496,3346845480
6092,4,,21,train,24722496,24722496,1255067055
52215,4,,7,train,24722496,24722496,418355685
50,4,,4,train,24722496,24722496,0
3588,4,,15,train,24722496,24722496,836711370
2254,4,,9,train,24722496,24722496,418355685
57776,4,,6,train,24722496,24722496,0
81362,4,,4,train,24722496,24722496,0
2836,4,,6,train,24722496,24722496,0
43460,4,,4,train,24722496,24722496,0
35890,4,,5,train,24722496,24722496,0
59497,4,,8,train,24722496,24722496,418355685
61424,4,,22,train,24722496,24722496,1255067055
4945,4,,13,train,24722496,24722496,418355685
69127,4,,14,train,24722496,24722496,836711370
27819,4,,4,train,24722496,24722496,0
72679,4,,88,train,24722496,24722496,5438623905
39295,4,,40,train,24722496,24722496,2510134110
7275,5,,6,train,24722496,24722496,0
73351,5,,10,train,24722496,24722496,418355685
48240,5,,59,train,24722496,24722496,3346845480
6092,5,,21,train,24722496,24722496,1255067055
52215,5,,7,train,24722496,24722496,418355685
50,5,,4,train,24722496,24722496,0
3588,5,,15,train,24722496,24722496,836711370
2254,5,,9,train,24722496,24722496,418355685
57776,5,,6,train,24722496,24722496,0
81362,5,,4,train,24722496,24722496,0
2836,5,,6,train,24722496,24722496,0
43460,5,,4,train,24722496,24722496,0
35890,5,,5,train,24722496,24722496,0
59497,5,,8,train,24722496,24722496,418355685
61424,5,,22,train,24722496,24722496,1255067055
4945,5,,13,train,24722496,24722496,418355685
69127,5,,14,train,24722496,24722496,836711370
27819,5,,4,train,24722496,24722496,0
72679,5,,88,train,24722496,24722496,5438623905
39295,5,,40,train,24722496,24722496,2510134110
7275,6,,6,train,24722496,24722496,0
73351,6,,10,train,24722496,24722496,418355685
48240,6,,59,train,24722496,24722496,3346845480
6092,6,,21,train,24722496,24722496,1255067055
52215,6,,7,train,24722496,24722496,418355685
50,6,,4,train,24722496,24722496,0
3588,6,,15,train,24722496,24722496,836711370
2254,6,,9,train,24722496,24722496,418355685
57776,6,,6,train,24722496,24722496,0
81362,6,,4,train,24722496,24722496,0
2836,6,,6,train,24722496,24722496,0
43460,6,,4,train,24722496,24722496,0
35890,6,,5,train,24722496,24722496,0
59497,6,,8,train,24722496,24722496,418355685
61424,6,,22,train,24722496,24722496,1255067055
4945,6,,13,train,24722496,24722496,418355685
69127,6,,14,train,24722496,24722496,836711370
27819,6,,4,train,24722496,24722496,0
72679,6,,88,train,24722496,24722496,5438623905
39295,6,,40,train,24722496,24722496,2510134110
7275,7,,6,train,24722496,24722496,0
73351,7,,10,train,24722496,24722496,418355685
48240,7,,59,train,24722496,24722496,3346845480
6092,7,,21,train,24722496,24722496,1255067055
52215,7,,7,train,24722496,24722496,418355685
50,7,,4,train,24722496,24722496,0
3588,7,,15,train,24722496,24722496,836711370
2254,7,,9,train,24722496,24722496,418355685
57776,7,,6,train,24722496,24722496,0
81362,7,,4,train,24722496,24722496,0
2836,7,,6,train,24722496,24722496,0
43460,7,,4,train,24722496,24722496,0
35890,7,,5,train,24722496,24722496,0
59497,7,,8,train,24722496,24722496,418355685
61424,7,,22,train,24722496,24722496,1255067055
4945,7,,13,train,24722496,24722496,418355685
69127,7,,14,train,24722496,24722496,836711370
27819,7,,4,train,24722496,24722496,0
72679,7,,88,train,24722496,24722496,5438623905
39295,7,,40,train,24722496,24722496,2510134110
7275,8,,6,train,24722496,24722496,0
73351,8,,10,train,24722496,24722496,418355685
48240,8,,59,train,24722496,24722496,3346845480
6092,8,,21,train,24722496,24722496,1255067055
52215,8,,7,train,24722496,24722496,418355685
50,8,,4,train,24722496,24722496,0
3588,8,,15,train,24722496,24722496,836711370
2254,8,,9,train,24722496,24722496,418355685
57776,8,,6,train,24722496,24722496,0
81362,8,,4,train,24722496,24722496,0
2836,8,,6,train,24722496,24722496,0
43460,8,,4,train,24722496,24722496,0
35890,8,,5,train,24722496,24722496,0
59497,8,,8,train,24722496,24722496,418355685
61424,8,,22,train,24722496,24722496,1255067055
4945,8,,13,train,24722496,24722496,418355685
69127,8,,14,train,24722496,24722496,836711370
27819,8,,4,train,24722496,24722496,0
72679,8,,88,train,24722496,24722496,5438623905
39295,8,,40,train,24722496,24722496,2510134110
7275,9,,6,train,24722496,24722496,0
73351,9,,10,train,24722496,24722496,418355685
48240,9,,59,train,24722496,24722496,3346845480
6092,9,,21,train,24722496,24722496,1255067055
52215,9,,7,train,24722496,24722496,418355685
50,9,,4,train,24722496,24722496,0
3588,9,,15,train,24722496,24722496,836711370
2254,9,,9,train,24722496,24722496,418355685
57776,9,,6,train,24722496,24722496,0
81362,9,,4,train,24722496,24722496,0
2836,9,,6,train,24722496,24722496,0
43460,9,,4,train,24722496,24722496,0
35890,9,,5,train,24722496,24722496,0
59497,9,,8,train,24722496,24722496,418355685
61424,9,,22,train,24722496,24722496,1255067055
4945,9,,13,train,24722496,24722496,418355685
69127,9,,14,train,24722496,24722496,836711370
27819,9,,4,train,24722496,24722496,0
72679,9,,88,train,24722496,24722496,5438623905
39295,9,,40,train,24722496,24722496,2510134110
7275,10,,6,train,24722496,24722496,0
73351,10,,10,train,24722496,24722496,418355685
48240,10,,59,train,24722496,24722496,3346845480
6092,10,,21,train,24722496,24722496,1255067055
52215,10,,7,train,24722496,24722496,418355685
50,10,,4,train,24722496,24722496,0
3588,10,,15,train,24722496,24722496,836711370
2254,10,,9,train,24722496,24722496,418355685
57776,10,,6,train,24722496,24722496,0
81362,10,,4,train,24722496,24722496,0
2836,10,,6,train,24722496,24722496,0
43460,10,,4,train,24722496,24722496,0
35890,10,,5,train,24722496,24722496,0
59497,10,,8,train,24722496,24722496,418355685
61424,10,,22,train,24722496,24722496,1255067055
4945,10,,13,train,24722496,24722496,418355685
69127,10,,14,train,24722496,24722496,836711370
27819,10,,4,train,24722496,24722496,0
72679,10,,88,train,24722496,24722496,5438623905
39295,10,,40,train,24722496,24722496,2510134110
7275,11,,6,train,24722496,24722496,0
73351,11,,10,train,24722496,24722496,418355685
48240,11,,59,train,24722496,24722496,3346845480
6092,11,,21,train,24722496,24722496,1255067055
52215,11,,7,train,24722496,24722496,418355685
50,11,,4,train,24722496,24722496,0
3588,11,,15,train,24722496,24722496,836711370
2254,11,,9,train,24722496,24722496,418355685
57776,11,,6,train,24722496,24722496,0
81362,11,,4,train,24722496,24722496,0
2836,11,,6,train,24722496,24722496,0
43460,11,,4,train,24722496,24722496,0
35890,11,,5,train,24722496,24722496,0
59497,11,,8,train,24722496,24722496,418355685
61424,11,,22,train,24722496,24722496,1255067055
4945,11,,13,train,24722496,24722496,418355685
69127,11,,14,train,24722496,24722496,836711370
27819,11,,4,train,24722496,24722496,0
72679,11,,88,train,24722496,24722496,5438623905
39295,11,,40,train,24722496,24722496,2510134110
7275,12,,6,train,24722496,24722496,0
73351,12,,10,train,24722496,24722496,418355685
48240,12,,59,train,24722496,24722496,3346845480
6092,12,,21,train,24722496,24722496,1255067055
52215,12,,7,train,24722496,24722496,418355685
50,12,,4,train,24722496,24722496,0
3588,12,,15,train,24722496,24722496,836711370
2254,12,,9,train,24722496,24722496,418355685
57776,12,,6,train,24722496,24722496,0
81362,12,,4,train,24722496,24722496,0
2836,12,,6,train,24722496,24722496,0
43460,12,,4,train,24722496,24722496,0
35890,12,,5,train,24722496,24722496,0
59497,12,,8,train,24722496,24722496,418355685
61424,12,,22,train,24722496,24722496,1255067055
4945,12,,13,train,24722496,24722496,418355685
69127,12,,14,train,24722496,24722496,836711370
27819,12,,4,train,24722496,24722496,0
72679,12,,88,train,24722496,24722496,5438623905
39295,12,,40,train,24722496,24722496,2510134110
7275,13,,6,train,24722496,24722496,0
73351,13,,10,train,24722496,24722496,418355685
48240,13,,59,train,24722496,24722496,3346845480
6092,13,,21,train,24722496,24722496,1255067055
52215,13,,7,train,24722496,24722496,418355685
50,13,,4,train,24722496,24722496,0
3588,13,,15,train,24722496,24722496,836711370
2254,13,,9,train,24722496,24722496,418355685
57776,13,,6,train,24722496,24722496,0
81362,13,,4,train,24722496,24722496,0
2836,13,,6,train,24722496,24722496,0
43460,13,,4,train,24722496,24722496,0
35890,13,,5,train,24722496,24722496,0
59497,13,,8,train,24722496,24722496,418355685
61424,13,,22,train,24722496,24722496,1255067055
4945,13,,13,train,24722496,24722496,418355685
69127,13,,14,train,24722496,24722496,836711370
27819,13,,4,train,24722496,24722496,0
72679,13,,88,train,24722496,24722496,5438623905
39295,13,,40,train,24722496,24722496,2510134110
7275,14,,6,train,24722496,24722496,0
73351,14,,10,train,24722496,24722496,418355685
48240,14,,59,train,24722496,24722496,3346845480
6092,14,,21,train,24722496,24722496,1255067055
52215,14,,7,train,24722496,24722496,418355685
50,14,,4,train,24722496,24722496,0
3588,14,,15,train,24722496,24722496,836711370
2254,14,,9,train,24722496,24722496,418355685
57776,14,,6,train,24722496,24722496,0
81362,14,,4,train,24722496,24722496,0
2836,14,,6,train,24722496,24722496,0
43460,14,,4,train,24722496,24722496,0
35890,14,,5,train,24722496,24722496,0
59497,14,,8,train,24722496,24722496,418355685
61424,14,,22,train,24722496,24722496,1255067055
4945,14,,13,train,24722496,24722496,418355685
69127,14,,14,train,24722496,24722496,836711370
27819,14,,4,train,24722496,24722496,0
72679,14,,88,train,24722496,24722496,5438623905
39295,14,,40,train,24722496,24722496,2510134110
7275,15,,6,train,24722496,24722496,0
73351,15,,10,train,24722496,24722496,418355685
48240,15,,59,train,24722496,24722496,3346845480
6092,15,,21,train,24722496,24722496,1255067055
52215,15,,7,train,24722496,24722496,418355685
50,15,,4,train,24722496,24722496,0
3588,15,,15,train,24722496,24722496,836711370
2254,15,,9,train,24722496,24722496,418355685
57776,15,,6,train,24722496,24722496,0
81362,15,,4,train,24722496,24722496,0
2836,15,,6,train,24722496,24722496,0
43460,15,,4,train,24722496,24722496,0
35890,15,,5,train,24722496,24722496,0
59497,15,,8,train,24722496,24722496,418355685
61424,15,,22,train,24722496,24722496,1255067055
4945,15,,13,train,24722496,24722496,418355685
69127,15,,14,train,24722496,24722496,836711370
27819,15,,4,train,24722496,24722496,0
72679,15,,88,train,24722496,24722496,5438623905
39295,15,,40,train,24722496,24722496,2510134110
7275,16,,6,train,24722496,24722496,0
73351,16,,10,train,24722496,24722496,418355685
48240,16,,59,train,24722496,24722496,3346845480
6092,16,,21,train,24722496,24722496,1255067055
52215,16,,7,train,24722496,24722496,418355685
50,16,,4,train,24722496,24722496,0
3588,16,,15,train,24722496,24722496,836711370
2254,16,,9,train,24722496,24722496,418355685
57776,16,,6,train,24722496,24722496,0
81362,16,,4,train,24722496,24722496,0
2836,16,,6,train,24722496,24722496,0
43460,16,,4,train,24722496,24722496,0
35890,16,,5,train,24722496,24722496,0
59497,16,,8,train,24722496,24722496,418355685
61424,16,,22,train,24722496,24722496,1255067055
4945,16,,13,train,24722496,24722496,418355685
69127,16,,14,train,24722496,24722496,836711370
27819,16,,4,train,24722496,24722496,0
72679,16,,88,train,24722496,24722496,5438623905
39295,16,,40,train,24722496,24722496,2510134110
7275,17,,6,train,24722496,24722496,0
73351,17,,10,train,24722496,24722496,418355685
48240,17,,59,train,24722496,24722496,3346845480
6092,17,,21,train,24722496,24722496,1255067055
52215,17,,7,train,24722496,24722496,418355685
50,17,,4,train,24722496,24722496,0
3588,17,,15,train,24722496,24722496,836711370
2254,17,,9,train,24722496,24722496,418355685
57776,17,,6,train,24722496,24722496,0
81362,17,,4,train,24722496,24722496,0
2836,17,,6,train,24722496,24722496,0
43460,17,,4,train,24722496,24722496,0
35890,17,,5,train,24722496,24722496,0
59497,17,,8,train,24722496,24722496,418355685
61424,17,,22,train,24722496,24722496,1255067055
4945,17,,13,train,24722496,24722496,418355685
69127,17,,14,train,24722496,24722496,836711370
27819,17,,4,train,24722496,24722496,0
72679,17,,88,train,24722496,24722496,5438623905
39295,17,,40,train,24722496,24722496,2510134110
7275,18,,6,train,24722496,24722496,0
73351,18,,10,train,24722496,24722496,418355685
48240,18,,59,train,24722496,24722496,3346845480
6092,18,,21,train,24722496,24722496,1255067055
52215,18,,7,train,24722496,24722496,418355685
50,18,,4,train,24722496,24722496,0
3588,18,,15,train,24722496,24722496,836711370
2254,18,,9,train,24722496,24722496,418355685
57776,18,,6,train,24722496,24722496,0
81362,18,,4,train,24722496,24722496,0
2836,18,,6,train,24722496,24722496,0
43460,18,,4,train,24722496,24722496,0
35890,18,,5,train,24722496,24722496,0
59497,18,,8,train,24722496,24722496,418355685
61424,18,,22,train,24722496,24722496,1255067055
4945,18,,13,train,24722496,24722496,418355685
69127,18,,14,train,24722496,24722496,836711370
27819,18,,4,train,24722496,24722496,0
72679,18,,88,train,24722496,24722496,5438623905
39295,18,,40,train,24722496,24722496,2510134110
7275,19,,6,train,24722496,24722496,0
73351,19,,10,train,24722496,24722496,418355685
48240,19,,59,train,24722496,24722496,3346845480
6092,19,,21,train,24722496,24722496,1255067055
52215,19,,7,train,24722496,24722496,418355685
50,19,,4,train,24722496,24722496,0
3588,19,,15,train,24722496,24722496,836711370
2254,19,,9,train,24722496,24722496,418355685
57776,19,,6,train,24722496,24722496,0
81362,19,,4,train,24722496,24722496,0
2836,19,,6,train,24722496,24722496,0
43460,19,,4,train,24722496,24722496,0
35890,19,,5,train,24722496,24722496,0
59497,19,,8,train,24722496,24722496,418355685
61424,19,,22,train,24722496,24722496,1255067055
4945,19,,13,train,24722496,24722496,418355685
69127,19,,14,train,24722496,24722496,836711370
27819,19,,4,train,24722496,24722496,0
72679,19,,88,train,24722496,24722496,5438623905
39295,19,,40,train,24722496,24722496,2510134110
7275,20,,6,train,24722496,24722496,0
73351,20,,10,train,24722496,24722496,418355685
48240,20,,59,train,24722496,24722496,3346845480
6092,20,,21,train,24722496,24722496,1255067055
52215,20,,7,train,24722496,24722496,418355685
50,20,,4,train,24722496,24722496,0
3588,20,,15,train,24722496,24722496,836711370
2254,20,,9,train,24722496,24722496,418355685
57776,20,,6,train,24722496,24722496,0
81362,20,,4,train,24722496,24722496,0
2836,20,,6,train,24722496,24722496,0
43460,20,,4,train,24722496,24722496,0
35890,20,,5,train,24722496,24722496,0
59497,20,,8,train,24722496,24722496,418355685
61424,20,,22,train,24722496,24722496,1255067055
4945,20,,13,train,24722496,24722496,418355685
69127,20,,14,train,24722496,24722496,836711370
27819,20,,4,train,24722496,24722496,0
72679,20,,88,train,24722496,24722496,5438623905
39295,20,,40,train,24722496,24722496,2510134110
7275,21,,6,train,24722496,24722496,0
73351,21,,10,train,24722496,24722496,418355685
48240,21,,59,train,24722496,24722496,3346845480
6092,21,,21,train,24722496,24722496,1255067055
52215,21,,7,train,24722496,24722496,418355685
50,21,,4,train,24722496,24722496,0
3588,21,,15,train,24722496,24722496,836711370
2254,21,,9,train,24722496,24722496,418355685
57776,21,,6,train,24722496,24722496,0
81362,21,,4,train,24722496,24722496,0
2836,21,,6,train,24722496,24722496,0
43460,21,,4,train,24722496,24722496,0
35890,21,,5,train,24722496,24722496,0
59497,21,,8,train,24722496,24722496,418355685
61424,21,,22,train,24722496,24722496,1255067055
4945,21,,13,train,24722496,24722496,418355685
69127,21,,14,train,24722496,24722496,836711370
27819,21,,4,train,24722496,24722496,0
72679,21,,88,train,24722496,24722496,5438623905
39295,21,,40,train,24722496,24722496,2510134110
7275,22,,6,train,24722496,24722496,0
73351,22,,10,train,24722496,24722496,418355685
48240,22,,59,train,24722496,24722496,3346845480
6092,22,,21,train,24722496,24722496,1255067055
52215,22,,7,train,24722496,24722496,418355685
50,22,,4,train,24722496,24722496,0
3588,22,,15,train,24722496,24722496,836711370
2254,22,,9,train,24722496,24722496,418355685
57776,22,,6,train,24722496,24722496,0
81362,22,,4,train,24722496,24722496,0
2836,22,,6,train,24722496,24722496,0
43460,22,,4,train,24722496,24722496,0
35890,22,,5,train,24722496,24722496,0
59497,22,,8,train,24722496,24722496,418355685
61424,22,,22,train,24722496,24722496,1255067055
4945,22,,13,train,24722496,24722496,418355685
69127,22,,14,train,24722496,24722496,836711370
27819,22,,4,train,24722496,24722496,0
72679,22,,88,train,24722496,24722496,5438623905
39295,22,,40,train,24722496,24722496,2510134110
7275,23,,6,train,24722496,24722496,0
73351,23,,10,train,24722496,24722496,418355685
48240,23,,59,train,24722496,24722496,3346845480
6092,23,,21,train,24722496,24722496,1255067055
52215,23,,7,train,24722496,24722496,418355685
50,23,,4,train,24722496,24722496,0
3588,23,,15,train,24722496,24722496,836711370
2254,23,,9,train,24722496,24722496,418355685
57776,23,,6,train,24722496,24722496,0
81362,23,,4,train,24722496,24722496,0
2836,23,,6,train,24722496,24722496,0
43460,23,,4,train,24722496,24722496,0
35890,23,,5,train,24722496,24722496,0
59497,23,,8,train,24722496,24722496,418355685
61424,23,,22,train,24722496,24722496,1255067055
4945,23,,13,train,24722496,24722496,418355685
69127,23,,14,train,24722496,24722496,836711370
27819,23,,4,train,24722496,24722496,0
72679,23,,88,train,24722496,24722496,5438623905
39295,23,,40,train,24722496,24722496,2510134110
7275,24,,6,train,24722496,24722496,0
73351,24,,10,train,24722496,24722496,418355685
48240,24,,59,train,24722496,24722496,3346845480
6092,24,,21,train,24722496,24722496,1255067055
52215,24,,7,train,24722496,24722496,418355685
50,24,,4,train,24722496,24722496,0
3588,24,,15,train,24722496,24722496,836711370
2254,24,,9,train,24722496,24722496,418355685
57776,24,,6,train,24722496,24722496,0
81362,24,,4,train,24722496,24722496,0
2836,24,,6,train,24722496,24722496,0
43460,24,,4,train,24722496,24722496,0
35890,24,,5,train,24722496,24722496,0
59497,24,,8,train,24722496,24722496,418355685
61424,24,,22,train,24722496,24722496,1255067055
4945,24,,13,train,24722496,24722496,418355685
69127,24,,14,train,24722496,24722496,836711370
27819,24,,4,train,24722496,24722496,0
72679,24,,88,train,24722496,24722496,5438623905
39295,24,,40,train,24722496,24722496,2510134110
7275,25,,6,train,24722496,24722496,0
73351,25,,10,train,24722496,24722496,418355685
48240,25,,59,train,24722496,24722496,3346845480
6092,25,,21,train,24722496,24722496,1255067055
52215,25,,7,train,24722496,24722496,418355685
50,25,,4,train,24722496,24722496,0
3588,25,,15,train,24722496,24722496,836711370
2254,25,,9,train,24722496,24722496,418355685
57776,25,,6,train,24722496,24722496,0
81362,25,,4,train,24722496,24722496,0
2836,25,,6,train,24722496,24722496,0
43460,25,,4,train,24722496,24722496,0
35890,25,,5,train,24722496,24722496,0
59497,25,,8,train,24722496,24722496,418355685
61424,25,,22,train,24722496,24722496,1255067055
4945,25,,13,train,24722496,24722496,418355685
69127,25,,14,train,24722496,24722496,836711370
27819,25,,4,train,24722496,24722496,0
72679,25,,88,train,24722496,24722496,5438623905
39295,25,,40,train,24722496,24722496,2510134110
7275,26,,6,train,24722496,24722496,0
73351,26,,10,train,24722496,24722496,418355685
48240,26,,59,train,24722496,24722496,3346845480
6092,26,,21,train,24722496,24722496,1255067055
52215,26,,7,train,24722496,24722496,418355685
50,26,,4,train,24722496,24722496,0
3588,26,,15,train,24722496,24722496,836711370
2254,26,,9,train,24722496,24722496,418355685
57776,26,,6,train,24722496,24722496,0
81362,26,,4,train,24722496,24722496,0
2836,26,,6,train,24722496,24722496,0
43460,26,,4,train,24722496,24722496,0
35890,26,,5,train,24722496,24722496,0
59497,26,,8,train,24722496,24722496,418355685
61424,26,,22,train,24722496,24722496,1255067055
4945,26,,13,train,24722496,24722496,418355685
69127,26,,14,train,24722496,24722496,836711370
27819,26,,4,train,24722496,24722496,0
72679,26,,88,train,24722496,24722496,5438623905
39295,26,,40,train,24722496,24722496,2510134110
7275,27,,6,train,24722496,24722496,0
73351,27,,10,train,24722496,24722496,418355685
48240,27,,59,train,24722496,24722496,3346845480
6092,27,,21,train,24722496,24722496,1255067055
52215,27,,7,train,24722496,24722496,418355685
50,27,,4,train,24722496,24722496,0
3588,27,,15,train,24722496,24722496,836711370
2254,27,,9,train,24722496,24722496,418355685
57776,27,,6,train,24722496,24722496,0
81362,27,,4,train,24722496,24722496,0
2836,27,,6,train,24722496,24722496,0
43460,27,,4,train,24722496,24722496,0
35890,27,,5,train,24722496,24722496,0
59497,27,,8,train,24722496,24722496,418355685
61424,27,,22,train,24722496,24722496,1255067055
4945,27,,13,train,24722496,24722496,418355685
69127,27,,14,train,24722496,24722496,836711370
27819,27,,4,train,24722496,24722496,0
72679,27,,88,train,24722496,24722496,5438623905
39295,27,,40,train,24722496,24722496,2510134110
7275,28,,6,train,24722496,24722496,0
73351,28,,10,train,24722496,24722496,418355685
48240,28,,59,train,24722496,24722496,3346845480
6092,28,,21,train,24722496,24722496,1255067055
52215,28,,7,train,24722496,24722496,418355685
50,28,,4,train,24722496,24722496,0
3588,28,,15,train,24722496,24722496,836711370
2254,28,,9,train,24722496,24722496,418355685
57776,28,,6,train,24722496,24722496,0
81362,28,,4,train,24722496,24722496,0
2836,28,,6,train,24722496,24722496,0
43460,28,,4,train,24722496,24722496,0
35890,28,,5,train,24722496,24722496,0
59497,28,,8,train,24722496,24722496,418355685
61424,28,,22,train,24722496,24722496,1255067055
4945,28,,13,train,24722496,24722496,418355685
69127,28,,14,train,24722496,24722496,836711370
27819,28,,4,train,24722496,24722496,0
72679,28,,88,train,24722496,24722496,5438623905
39295,28,,40,train,24722496,24722496,2510134110
7275,29,,6,train,24722496,24722496,0
73351,29,,10,train,24722496,24722496,418355685
48240,29,,59,train,24722496,24722496,3346845480
6092,29,,21,train,24722496,24722496,1255067055
52215,29,,7,train,24722496,24722496,418355685
50,29,,4,train,24722496,24722496,0
3588,29,,15,train,24722496,24722496,836711370
2254,29,,9,train,24722496,24722496,418355685
57776,29,,6,train,24722496,24722496,0
81362,29,,4,train,24722496,24722496,0
2836,29,,6,train,24722496,24722496,0
43460,29,,4,train,24722496,24722496,0
35890,29,,5,train,24722496,24722496,0
59497,29,,8,train,24722496,24722496,418355685
61424,29,,22,train,24722496,24722496,1255067055
4945,29,,13,train,24722496,24722496,418355685
69127,29,,14,train,24722496,24722496,836711370
27819,29,,4,train,24722496,24722496,0
72679,29,,88,train,24722496,24722496,5438623905
39295,29,,40,train,24722496,24722496,2510134110
7275,30,,6,train,24722496,24722496,0
73351,30,,10,train,24722496,24722496,418355685
48240,30,,59,train,24722496,24722496,3346845480
6092,30,,21,train,24722496,24722496,1255067055
52215,30,,7,train,24722496,24722496,418355685
50,30,,4,train,24722496,24722496,0
3588,30,,15,train,24722496,24722496,836711370
2254,30,,9,train,24722496,24722496,418355685
57776,30,,6,train,24722496,24722496,0
81362,30,,4,train,24722496,24722496,0
2836,30,,6,train,24722496,24722496,0
43460,30,,4,train,24722496,24722496,0
35890,30,,5,train,24722496,24722496,0
59497,30,,8,train,24722496,24722496,418355685
61424,30,,22,train,24722496,24722496,1255067055
4945,30,,13,train,24722496,24722496,418355685
69127,30,,14,train,24722496,24722496,836711370
27819,30,,4,train,24722496,24722496,0
72679,30,,88,train,24722496,24722496,5438623905
39295,30,,40,train,24722496,24722496,2510134110
7275,31,,6,train,24722496,24722496,0
73351,31,,10,train,24722496,24722496,418355685
48240,31,,59,train,24722496,24722496,3346845480
6092,31,,21,train,24722496,24722496,1255067055
52215,31,,7,train,24722496,24722496,418355685
50,31,,4,train,24722496,24722496,0
3588,31,,15,train,24722496,24722496,836711370
2254,31,,9,train,24722496,24722496,418355685
57776,31,,6,train,24722496,24722496,0
81362,31,,4,train,24722496,24722496,0
2836,31,,6,train,24722496,24722496,0
43460,31,,4,train,24722496,24722496,0
35890,31,,5,train,24722496,24722496,0
59497,31,,8,train,24722496,24722496,418355685
61424,31,,22,train,24722496,24722496,1255067055
4945,31,,13,train,24722496,24722496,418355685
69127,31,,14,train,24722496,24722496,836711370
27819,31,,4,train,24722496,24722496,0
72679,31,,88,train,24722496,24722496,5438623905
39295,31,,40,train,24722496,24722496,2510134110
7275,32,,6,train,24722496,24722496,0
73351,32,,10,train,24722496,24722496,418355685
48240,32,,59,train,24722496,24722496,3346845480
6092,32,,21,train,24722496,24722496,1255067055
52215,32,,7,train,24722496,24722496,418355685
50,32,,4,train,24722496,24722496,0
3588,32,,15,train,24722496,24722496,836711370
2254,32,,9,train,24722496,24722496,418355685
57776,32,,6,train,24722496,24722496,0
81362,32,,4,train,24722496,24722496,0
2836,32,,6,train,24722496,24722496,0
43460,32,,4,train,24722496,24722496,0
35890,32,,5,train,24722496,24722496,0
59497,32,,8,train,24722496,24722496,418355685
61424,32,,22,train,24722496,24722496,1255067055
4945,32,,13,train,24722496,24722496,418355685
69127,32,,14,train,24722496,24722496,836711370
27819,32,,4,train,24722496,24722496,0
72679,32,,88,train,24722496,24722496,5438623905
39295,32,,40,train,24722496,24722496,2510134110
7275,33,,6,train,24722496,24722496,0
73351,33,,10,train,24722496,24722496,418355685
48240,33,,59,train,24722496,24722496,3346845480
6092,33,,21,train,24722496,24722496,1255067055
52215,33,,7,train,24722496,24722496,418355685
50,33,,4,train,24722496,24722496,0
3588,33,,15,train,24722496,24722496,836711370
2254,33,,9,train,24722496,24722496,418355685
57776,33,,6,train,24722496,24722496,0
81362,33,,4,train,24722496,24722496,0
2836,33,,6,train,24722496,24722496,0
43460,33,,4,train,24722496,24722496,0
35890,33,,5,train,24722496,24722496,0
59497,33,,8,train,24722496,24722496,418355685
61424,33,,22,train,24722496,24722496,1255067055
4945,33,,13,train,24722496,24722496,418355685
69127,33,,14,train,24722496,24722496,836711370
27819,33,,4,train,24722496,24722496,0
72679,33,,88,train,24722496,24722496,5438623905
39295,33,,40,train,24722496,24722496,2510134110
7275,34,,6,train,24722496,24722496,0
73351,34,,10,train,24722496,24722496,418355685
48240,34,,59,train,24722496,24722496,3346845480
6092,34,,21,train,24722496,24722496,1255067055
52215,34,,7,train,24722496,24722496,418355685
50,34,,4,train,24722496,24722496,0
3588,34,,15,train,24722496,24722496,836711370
2254,34,,9,train,24722496,24722496,418355685
57776,34,,6,train,24722496,24722496,0
81362,34,,4,train,24722496,24722496,0
2836,34,,6,train,24722496,24722496,0
43460,34,,4,train,24722496,24722496,0
35890,34,,5,train,24722496,24722496,0
59497,34,,8,train,24722496,24722496,418355685
61424,34,,22,train,24722496,24722496,1255067055
4945,34,,13,train,24722496,24722496,418355685
69127,34,,14,train,24722496,24722496,836711370
27819,34,,4,train,24722496,24722496,0
72679,34,,88,train,24722496,24722496,5438623905
39295,34,,40,train,24722496,24722496,2510134110
7275,35,,6,train,24722496,24722496,0
73351,35,,10,train,24722496,24722496,418355685
48240,35,,59,train,24722496,24722496,3346845480
6092,35,,21,train,24722496,24722496,1255067055
52215,35,,7,train,24722496,24722496,418355685
50,35,,4,train,24722496,24722496,0
3588,35,,15,train,24722496,24722496,836711370
2254,35,,9,train,24722496,24722496,418355685
57776,35,,6,train,24722496,24722496,0
81362,35,,4,train,24722496,24722496,0
2836,35,,6,train,24722496,24722496,0
43460,35,,4,train,24722496,24722496,0
35890,35,,5,train,24722496,24722496,0
59497,35,,8,train,24722496,24722496,418355685
61424,35,,22,train,24722496,24722496,1255067055
4945,35,,13,train,24722496,24722496,418355685
69127,35,,14,train,24722496,24722496,836711370
27819,35,,4,train,24722496,24722496,0
72679,35,,88,train,24722496,24722496,5438623905
39295,35,,40,train,24722496,24722496,2510134110
7275,36,,6,train,24722496,24722496,0
73351,36,,10,train,24722496,24722496,418355685
48240,36,,59,train,24722496,24722496,3346845480
6092,36,,21,train,24722496,24722496,1255067055
52215,36,,7,train,24722496,24722496,418355685
50,36,,4,train,24722496,24722496,0
3588,36,,15,train,24722496,24722496,836711370
2254,36,,9,train,24722496,24722496,418355685
57776,36,,6,train,24722496,24722496,0
81362,36,,4,train,24722496,24722496,0
2836,36,,6,train,24722496,24722496,0
43460,36,,4,train,24722496,24722496,0
35890,36,,5,train,24722496,24722496,0
59497,36,,8,train,24722496,24722496,418355685
61424,36,,22,train,24722496,24722496,1255067055
4945,36,,13,train,24722496,24722496,418355685
69127,36,,14,train,24722496,24722496,836711370
27819,36,,4,train,24722496,24722496,0
72679,36,,88,train,24722496,24722496,5438623905
39295,36,,40,train,24722496,24722496,2510134110
7275,37,,6,train,24722496,24722496,0
73351,37,,10,train,24722496,24722496,418355685
48240,37,,59,train,24722496,24722496,3346845480
6092,37,,21,train,24722496,24722496,1255067055
52215,37,,7,train,24722496,24722496,418355685
50,37,,4,train,24722496,24722496,0
3588,37,,15,train,24722496,24722496,836711370
2254,37,,9,train,24722496,24722496,418355685
57776,37,,6,train,24722496,24722496,0
81362,37,,4,train,24722496,24722496,0
2836,37,,6,train,24722496,24722496,0
43460,37,,4,train,24722496,24722496,0
35890,37,,5,train,24722496,24722496,0
59497,37,,8,train,24722496,24722496,418355685
61424,37,,22,train,24722496,24722496,1255067055
4945,37,,13,train,24722496,24722496,418355685
69127,37,,14,train,24722496,24722496,836711370
27819,37,,4,train,24722496,24722496,0
72679,37,,88,train,24722496,24722496,5438623905
39295,37,,40,train,24722496,24722496,2510134110
7275,38,,6,train,24722496,24722496,0
73351,38,,10,train,24722496,24722496,418355685
48240,38,,59,train,24722496,24722496,3346845480
6092,38,,21,train,24722496,24722496,1255067055
52215,38,,7,train,24722496,24722496,418355685
50,38,,4,train,24722496,24722496,0
3588,38,,15,train,24722496,24722496,836711370
2254,38,,9,train,24722496,24722496,418355685
57776,38,,6,train,24722496,24722496,0
81362,38,,4,train,24722496,24722496,0
2836,38,,6,train,24722496,24722496,0
43460,38,,4,train,24722496,24722496,0
35890,38,,5,train,24722496,24722496,0
59497,38,,8,train,24722496,24722496,418355685
61424,38,,22,train,24722496,24722496,1255067055
4945,38,,13,train,24722496,24722496,418355685
69127,38,,14,train,24722496,24722496,836711370
27819,38,,4,train,24722496,24722496,0
72679,38,,88,train,24722496,24722496,5438623905
39295,38,,40,train,24722496,24722496,2510134110
7275,39,,6,train,24722496,24722496,0
73351,39,,10,train,24722496,24722496,418355685
48240,39,,59,train,24722496,24722496,3346845480
6092,39,,21,train,24722496,24722496,1255067055
52215,39,,7,train,24722496,24722496,418355685
50,39,,4,train,24722496,24722496,0
3588,39,,15,train,24722496,24722496,836711370
2254,39,,9,train,24722496,24722496,418355685
57776,39,,6,train,24722496,24722496,0
81362,39,,4,train,24722496,24722496,0
2836,39,,6,train,24722496,24722496,0
43460,39,,4,train,24722496,24722496,0
35890,39,,5,train,24722496,24722496,0
59497,39,,8,train,24722496,24722496,418355685
61424,39,,22,train,24722496,24722496,1255067055
4945,39,,13,train,24722496,24722496,418355685
69127,39,,14,train,24722496,24722496,836711370
27819,39,,4,train,24722496,24722496,0
72679,39,,88,train,24722496,24722496,5438623905
39295,39,,40,train,24722496,24722496,2510134110
7275,40,,6,train,24722496,24722496,0
73351,40,,10,train,24722496,24722496,418355685
48240,40,,59,train,24722496,24722496,3346845480
6092,40,,21,train,24722496,24722496,1255067055
52215,40,,7,train,24722496,24722496,418355685
50,40,,4,train,24722496,24722496,0
3588,40,,15,train,24722496,24722496,836711370
2254,40,,9,train,24722496,24722496,418355685
57776,40,,6,train,24722496,24722496,0
81362,40,,4,train,24722496,24722496,0
2836,40,,6,train,24722496,24722496,0
43460,40,,4,train,24722496,24722496,0
35890,40,,5,train,24722496,24722496,0
59497,40,,8,train,24722496,24722496,418355685
61424,40,,22,train,24722496,24722496,1255067055
4945,40,,13,train,24722496,24722496,418355685
69127,40,,14,train,24722496,24722496,836711370
27819,40,,4,train,24722496,24722496,0
72679,40,,88,train,24722496,24722496,5438623905
39295,40,,40,train,24722496,24722496,2510134110
7275,41,,6,train,24722496,24722496,0
73351,41,,10,train,24722496,24722496,418355685
48240,41,,59,train,24722496,24722496,3346845480
6092,41,,21,train,24722496,24722496,1255067055
52215,41,,7,train,24722496,24722496,418355685
50,41,,4,train,24722496,24722496,0
3588,41,,15,train,24722496,24722496,836711370
2254,41,,9,train,24722496,24722496,418355685
57776,41,,6,train,24722496,24722496,0
81362,41,,4,train,24722496,24722496,0
2836,41,,6,train,24722496,24722496,0
43460,41,,4,train,24722496,24722496,0
35890,41,,5,train,24722496,24722496,0
59497,41,,8,train,24722496,24722496,418355685
61424,41,,22,train,24722496,24722496,1255067055
4945,41,,13,train,24722496,24722496,418355685
69127,41,,14,train,24722496,24722496,836711370
27819,41,,4,train,24722496,24722496,0
72679,41,,88,train,24722496,24722496,5438623905
39295,41,,40,train,24722496,24722496,2510134110
7275,42,,6,train,24722496,24722496,0
73351,42,,10,train,24722496,24722496,418355685
48240,42,,59,train,24722496,24722496,3346845480
6092,42,,21,train,24722496,24722496,1255067055
52215,42,,7,train,24722496,24722496,418355685
50,42,,4,train,24722496,24722496,0
3588,42,,15,train,24722496,24722496,836711370
2254,42,,9,train,24722496,24722496,418355685
57776,42,,6,train,24722496,24722496,0
81362,42,,4,train,24722496,24722496,0
2836,42,,6,train,24722496,24722496,0
43460,42,,4,train,24722496,24722496,0
35890,42,,5,train,24722496,24722496,0
59497,42,,8,train,24722496,24722496,418355685
61424,42,,22,train,24722496,24722496,1255067055
4945,42,,13,train,24722496,24722496,418355685
69127,42,,14,train,24722496,24722496,836711370
27819,42,,4,train,24722496,24722496,0
72679,42,,88,train,24722496,24722496,5438623905
39295,42,,40,train,24722496,24722496,2510134110
7275,43,,6,train,24722496,24722496,0
73351,43,,10,train,24722496,24722496,418355685
48240,43,,59,train,24722496,24722496,3346845480
6092,43,,21,train,24722496,24722496,1255067055
52215,43,,7,train,24722496,24722496,418355685
50,43,,4,train,24722496,24722496,0
3588,43,,15,train,24722496,24722496,836711370
2254,43,,9,train,24722496,24722496,418355685
57776,43,,6,train,24722496,24722496,0
81362,43,,4,train,24722496,24722496,0
2836,43,,6,train,24722496,24722496,0
43460,43,,4,train,24722496,24722496,0
35890,43,,5,train,24722496,24722496,0
59497,43,,8,train,24722496,24722496,418355685
61424,43,,22,train,24722496,24722496,1255067055
4945,43,,13,train,24722496,24722496,418355685
69127,43,,14,train,24722496,24722496,836711370
27819,43,,4,train,24722496,24722496,0
72679,43,,88,train,24722496,24722496,5438623905
39295,43,,40,train,24722496,24722496,2510134110
7275,44,,6,train,24722496,24722496,0
73351,44,,10,train,24722496,24722496,418355685
48240,44,,59,train,24722496,24722496,3346845480
6092,44,,21,train,24722496,24722496,1255067055
52215,44,,7,train,24722496,24722496,418355685
50,44,,4,train,24722496,24722496,0
3588,44,,15,train,24722496,24722496,836711370
2254,44,,9,train,24722496,24722496,418355685
57776,44,,6,train,24722496,24722496,0
81362,44,,4,train,24722496,24722496,0
2836,44,,6,train,24722496,24722496,0
43460,44,,4,train,24722496,24722496,0
35890,44,,5,train,24722496,24722496,0
59497,44,,8,train,24722496,24722496,418355685
61424,44,,22,train,24722496,24722496,1255067055
4945,44,,13,train,24722496,24722496,418355685
69127,44,,14,train,24722496,24722496,836711370
27819,44,,4,train,24722496,24722496,0
72679,44,,88,train,24722496,24722496,5438623905
39295,44,,40,train,24722496,24722496,2510134110
7275,45,,6,train,24722496,24722496,0
73351,45,,10,train,24722496,24722496,418355685
48240,45,,59,train,24722496,24722496,3346845480
6092,45,,21,train,24722496,24722496,1255067055
52215,45,,7,train,24722496,24722496,418355685
50,45,,4,train,24722496,24722496,0
3588,45,,15,train,24722496,24722496,836711370
2254,45,,9,train,24722496,24722496,418355685
57776,45,,6,train,24722496,24722496,0
81362,45,,4,train,24722496,24722496,0
2836,45,,6,train,24722496,24722496,0
43460,45,,4,train,24722496,24722496,0
35890,45,,5,train,24722496,24722496,0
59497,45,,8,train,24722496,24722496,418355685
61424,45,,22,train,24722496,24722496,1255067055
4945,45,,13,train,24722496,24722496,418355685
69127,45,,14,train,24722496,24722496,836711370
27819,45,,4,train,24722496,24722496,0
72679,45,,88,train,24722496,24722496,5438623905
39295,45,,40,train,24722496,24722496,2510134110
7275,46,,6,train,24722496,24722496,0
73351,46,,10,train,24722496,24722496,418355685
48240,46,,59,train,24722496,24722496,3346845480
6092,46,,21,train,24722496,24722496,1255067055
52215,46,,7,train,24722496,24722496,418355685
50,46,,4,train,24722496,24722496,0
3588,46,,15,train,24722496,24722496,836711370
2254,46,,9,train,24722496,24722496,418355685
57776,46,,6,train,24722496,24722496,0
81362,46,,4,train,24722496,24722496,0
2836,46,,6,train,24722496,24722496,0
43460,46,,4,train,24722496,24722496,0
35890,46,,5,train,24722496,24722496,0
59497,46,,8,train,24722496,24722496,418355685
61424,46,,22,train,24722496,24722496,1255067055
4945,46,,13,train,24722496,24722496,418355685
69127,46,,14,train,24722496,24722496,836711370
27819,46,,4,train,24722496,24722496,0
72679,46,,88,train,24722496,24722496,5438623905
39295,46,,40,train,24722496,24722496,2510134110
7275,47,,6,train,24722496,24722496,0
73351,47,,10,train,24722496,24722496,418355685
48240,47,,59,train,24722496,24722496,3346845480
6092,47,,21,train,24722496,24722496,1255067055
52215,47,,7,train,24722496,24722496,418355685
50,47,,4,train,24722496,24722496,0
3588,47,,15,train,24722496,24722496,836711370
2254,47,,9,train,24722496,24722496,418355685
57776,47,,6,train,24722496,24722496,0
81362,47,,4,train,24722496,24722496,0
2836,47,,6,train,24722496,24722496,0
43460,47,,4,train,24722496,24722496,0
35890,47,,5,train,24722496,24722496,0
59497,47,,8,train,24722496,24722496,418355685
61424,47,,22,train,24722496,24722496,1255067055
4945,47,,13,train,24722496,24722496,418355685
69127,47,,14,train,24722496,24722496,836711370
27819,47,,4,train,24722496,24722496,0
72679,47,,88,train,24722496,24722496,5438623905
39295,47,,40,train,24722496,24722496,2510134110
7275,48,,6,train,24722496,24722496,0
73351,48,,10,train,24722496,24722496,418355685
48240,48,,59,train,24722496,24722496,3346845480
6092,48,,21,train,24722496,24722496,1255067055
52215,48,,7,train,24722496,24722496,418355685
50,48,,4,train,24722496,24722496,0
3588,48,,15,train,24722496,24722496,836711370
2254,48,,9,train,24722496,24722496,418355685
57776,48,,6,train,24722496,24722496,0
81362,48,,4,train,24722496,24722496,0
2836,48,,6,train,24722496,24722496,0
43460,48,,4,train,24722496,24722496,0
35890,48,,5,train,24722496,24722496,0
59497,48,,8,train,24722496,24722496,418355685
61424,48,,22,train,24722496,24722496,1255067055
4945,48,,13,train,24722496,24722496,418355685
69127,48,,14,train,24722496,24722496,836711370
27819,48,,4,train,24722496,24722496,0
72679,48,,88,train,24722496,24722496,5438623905
39295,48,,40,train,24722496,24722496,2510134110
7275,49,,6,train,24722496,24722496,0
73351,49,,10,train,24722496,24722496,418355685
48240,49,,59,train,24722496,24722496,3346845480
6092,49,,21,train,24722496,24722496,1255067055
52215,49,,7,train,24722496,24722496,418355685
50,49,,4,train,24722496,24722496,0
3588,49,,15,train,24722496,24722496,836711370
2254,49,,9,train,24722496,24722496,418355685
57776,49,,6,train,24722496,24722496,0
81362,49,,4,train,24722496,24722496,0
2836,49,,6,train,24722496,24722496,0
43460,49,,4,train,24722496,24722496,0
35890,49,,5,train,24722496,24722496,0
59497,49,,8,train,24722496,24722496,418355685
61424,49,,22,train,24722496,24722496,1255067055
4945,49,,13,train,24722496,24722496,418355685
69127,49,,14,train,24722496,24722496,836711370
27819,49,,4,train,24722496,24722496,0
72679,49,,88,train,24722496,24722496,5438623905
39295,49,,40,train,24722496,24722496,2510134110
7275,50,,6,train,24722496,24722496,0
73351,50,,10,train,24722496,24722496,418355685
48240,50,,59,train,24722496,24722496,3346845480
6092,50,,21,train,24722496,24722496,1255067055
52215,50,,7,train,24722496,24722496,418355685
50,50,,4,train,24722496,24722496,0
3588,50,,15,train,24722496,24722496,836711370
2254,50,,9,train,24722496,24722496,418355685
57776,50,,6,train,24722496,24722496,0
81362,50,,4,train,24722496,24722496,0
2836,50,,6,train,24722496,24722496,0
43460,50,,4,train,24722496,24722496,0
35890,50,,5,train,24722496,24722496,0
59497,50,,8,train,24722496,24722496,418355685
61424,50,,22,train,24722496,24722496,1255067055
4945,50,,13,train,24722496,24722496,418355685
69127,50,,14,train,24722496,24722496,836711370
27819,50,,4,train,24722496,24722496,0
72679,50,,88,train,24722496,24722496,5438623905
39295,50,,40,train,24722496,24722496,2510134110
