30329,1,,6,train,24722496,24722496,0
48435,1,,81,train,24722496,24722496,5020268220
75227,1,,17,train,24722496,24722496,836711370
2238,1,,149,train,24722496,24722496,9203825070
79945,1,,10,train,24722496,24722496,418355685
66041,1,,22,train,24722496,24722496,1255067055
55267,1,,98,train,24722496,24722496,5856979590
39561,1,,242,train,24722496,24722496,15060804660
20371,1,,26,train,24722496,24722496,1255067055
4530,1,,8,train,24722496,24722496,418355685
41138,1,,86,train,24722496,24722496,5020268220
14120,1,,113,train,24722496,24722496,6693690960
77690,1,,29,train,24722496,24722496,1673422740
43611,1,,74,train,24722496,24722496,4601912535
75640,1,,90,train,24722496,24722496,5438623905
32376,1,,439,train,24722496,24722496,27193119525
78134,1,,118,train,24722496,24722496,7112046645
62733,1,,163,train,24722496,24722496,10040536440
70765,1,,25,train,24722496,24722496,1255067055
38709,1,,357,train,24722496,24722496,22172851305
15592,2,,6,train,24722496,24722496,0
38628,2,,49,train,24722496,24722496,2928489795
42040,2,,13,train,24722496,24722496,418355685
48435,2,,81,train,24722496,24722496,5020268220
58211,2,,11,train,24722496,24722496,418355685
19799,2,,13,train,24722496,24722496,418355685
5702,2,,6,train,24722496,24722496,0
57000,2,,108,train,24722496,24722496,6693690960
77259,2,,133,train,24722496,24722496,7948758015
46303,2,,74,train,24722496,24722496,4601912535
5132,2,,194,train,24722496,24722496,12132314865
11760,2,,263,train,24722496,24722496,16315871715
14120,2,,113,train,24722496,24722496,6693690960
3654,2,,53,train,24722496,24722496,2928489795
32376,2,,439,train,24722496,24722496,27193119525
78134,2,,118,train,24722496,24722496,7112046645
62733,2,,163,train,24722496,24722496,10040536440
38046,2,,174,train,24722496,24722496,10877247810
78946,2,,50,train,24722496,24722496,2928489795
39486,2,,16,train,24722496,24722496,836711370
48254,3,,128,train,24722496,24722496,7948758015
73153,3,,5,train,24722496,24722496,0
61424,3,,22,train,24722496,24722496,1255067055
57000,3,,108,train,24722496,24722496,6693690960
55267,3,,98,train,24722496,24722496,5856979590
2043,3,,303,train,24722496,24722496,18826005825
74619,3,,58,train,24722496,24722496,3346845480
51585,3,,62,train,24722496,24722496,3765201165
41164,3,,8,train,24722496,24722496,418355685
62188,3,,63,train,24722496,24722496,3765201165
17164,3,,18,train,24722496,24722496,836711370
25745,3,,125,train,24722496,24722496,7530402330
35297,3,,359,train,24722496,24722496,22172851305
49882,3,,10,train,24722496,24722496,418355685
32376,3,,439,train,24722496,24722496,27193119525
74685,3,,102,train,24722496,24722496,6275335275
38046,3,,174,train,24722496,24722496,10877247810
70765,3,,25,train,24722496,24722496,1255067055
38709,3,,357,train,24722496,24722496,22172851305
48903,3,,126,train,24722496,24722496,7530402330
2238,4,,149,train,24722496,24722496,9203825070
76589,4,,10,train,24722496,24722496,418355685
80329,4,,65,train,24722496,24722496,3765201165
21958,4,,68,train,24722496,24722496,4183556850
40262,4,,4,train,24722496,24722496,0
39136,4,,34,train,24722496,24722496,2091778425
57000,4,,108,train,24722496,24722496,6693690960
17467,4,,30,train,24722496,24722496,1673422740
2957,4,,92,train,24722496,24722496,5438623905
43345,4,,20,train,24722496,24722496,1255067055
45063,4,,10,train,24722496,24722496,418355685
32376,4,,439,train,24722496,24722496,27193119525
78134,4,,118,train,24722496,24722496,7112046645
62733,4,,163,train,24722496,24722496,10040536440
5325,4,,93,train,24722496,24722496,5438623905
38709,4,,357,train,24722496,24722496,22172851305
42811,4,,21,train,24722496,24722496,1255067055
58698,4,,54,train,24722496,24722496,3346845480
31834,4,,109,train,24722496,24722496,6693690960
40677,4,,158,train,24722496,24722496,9622180755
43656,5,,8,train,24722496,24722496,418355685
48435,5,,81,train,24722496,24722496,5020268220
58737,5,,8,train,24722496,24722496,418355685
80329,5,,65,train,24722496,24722496,3765201165
21958,5,,68,train,24722496,24722496,4183556850
57000,5,,108,train,24722496,24722496,6693690960
29214,5,,58,train,24722496,24722496,3346845480
21768,5,,10,train,24722496,24722496,418355685
77259,5,,133,train,24722496,24722496,7948758015
44829,5,,38,train,24722496,24722496,2091778425
60421,5,,132,train,24722496,24722496,7948758015
12899,5,,70,train,24722496,24722496,4183556850
12883,5,,42,train,24722496,24722496,2510134110
16214,5,,28,train,24722496,24722496,1673422740
45063,5,,10,train,24722496,24722496,418355685
40886,5,,26,train,24722496,24722496,1255067055
67160,5,,199,train,24722496,24722496,12132314865
35297,5,,359,train,24722496,24722496,22172851305
62733,5,,163,train,24722496,24722496,10040536440
3588,5,,15,train,24722496,24722496,836711370
3107,6,,46,train,24722496,24722496,2510134110
2089,6,,7,train,24722496,24722496,418355685
19878,6,,10,train,24722496,24722496,418355685
19569,6,,38,train,24722496,24722496,2091778425
60020,6,,27,train,24722496,24722496,1673422740
46950,6,,14,train,24722496,24722496,836711370
60421,6,,132,train,24722496,24722496,7948758015
5132,6,,194,train,24722496,24722496,12132314865
74619,6,,58,train,24722496,24722496,3346845480
53503,6,,5,train,24722496,24722496,0
26028,6,,34,train,24722496,24722496,2091778425
66881,6,,19,train,24722496,24722496,836711370
12883,6,,42,train,24722496,24722496,2510134110
21029,6,,49,train,24722496,24722496,2928489795
55099,6,,62,train,24722496,24722496,3765201165
79307,6,,42,train,24722496,24722496,2510134110
47633,6,,36,train,24722496,24722496,2091778425
35297,6,,359,train,24722496,24722496,22172851305
67727,6,,46,train,24722496,24722496,2510134110
32376,6,,439,train,24722496,24722496,27193119525
3107,7,,46,train,24722496,24722496,2510134110
9155,7,,24,train,24722496,24722496,1255067055
75177,7,,16,train,24722496,24722496,836711370
39136,7,,34,train,24722496,24722496,2091778425
52093,7,,7,train,24722496,24722496,418355685
59497,7,,8,train,24722496,24722496,418355685
60421,7,,132,train,24722496,24722496,7948758015
75686,7,,42,train,24722496,24722496,2510134110
39561,7,,242,train,24722496,24722496,15060804660
5132,7,,194,train,24722496,24722496,12132314865
53503,7,,5,train,24722496,24722496,0
20790,7,,68,train,24722496,24722496,4183556850
41573,7,,22,train,24722496,24722496,1255067055
14120,7,,113,train,24722496,24722496,6693690960
40886,7,,26,train,24722496,24722496,1255067055
35297,7,,359,train,24722496,24722496,22172851305
62733,7,,163,train,24722496,24722496,10040536440
28371,7,,223,train,24722496,24722496,13805737605
15435,7,,18,train,24722496,24722496,836711370
75625,7,,18,train,24722496,24722496,836711370
3107,8,,46,train,24722496,24722496,2510134110
66041,8,,22,train,24722496,24722496,1255067055
57000,8,,108,train,24722496,24722496,6693690960
21768,8,,10,train,24722496,24722496,418355685
55267,8,,98,train,24722496,24722496,5856979590
60421,8,,132,train,24722496,24722496,7948758015
6092,8,,21,train,24722496,24722496,1255067055
41629,8,,76,train,24722496,24722496,4601912535
74619,8,,58,train,24722496,24722496,3346845480
67160,8,,199,train,24722496,24722496,12132314865
79307,8,,42,train,24722496,24722496,2510134110
35297,8,,359,train,24722496,24722496,22172851305
32376,8,,439,train,24722496,24722496,27193119525
52752,8,,106,train,24722496,24722496,6275335275
56101,8,,21,train,24722496,24722496,1255067055
28371,8,,223,train,24722496,24722496,13805737605
29708,8,,43,train,24722496,24722496,2510134110
70158,8,,50,train,24722496,24722496,2928489795
66667,8,,28,train,24722496,24722496,1673422740
43829,8,,286,train,24722496,24722496,17570938770
53112,9,,6,train,24722496,24722496,0
45417,9,,44,train,24722496,24722496,2510134110
19878,9,,10,train,24722496,24722496,418355685
2137,9,,15,train,24722496,24722496,836711370
21958,9,,68,train,24722496,24722496,4183556850
73054,9,,13,train,24722496,24722496,418355685
43294,9,,14,train,24722496,24722496,836711370
2043,9,,303,train,24722496,24722496,18826005825
39561,9,,242,train,24722496,24722496,15060804660
47007,9,,10,train,24722496,24722496,418355685
14120,9,,113,train,24722496,24722496,6693690960
67160,9,,199,train,24722496,24722496,12132314865
71439,9,,106,train,24722496,24722496,6275335275
35297,9,,359,train,24722496,24722496,22172851305
32376,9,,439,train,24722496,24722496,27193119525
52752,9,,106,train,24722496,24722496,6275335275
78134,9,,118,train,24722496,24722496,7112046645
38709,9,,357,train,24722496,24722496,22172851305
2674,9,,5,train,24722496,24722496,0
19470,9,,148,train,24722496,24722496,9203825070
75102,10,,14,train,24722496,24722496,836711370
2043,10,,303,train,24722496,24722496,18826005825
5132,10,,194,train,24722496,24722496,12132314865
64654,10,,7,train,24722496,24722496,418355685
11760,10,,263,train,24722496,24722496,16315871715
53987,10,,62,train,24722496,24722496,3765201165
20891,10,,9,train,24722496,24722496,418355685
14120,10,,113,train,24722496,24722496,6693690960
67160,10,,199,train,24722496,24722496,12132314865
77690,10,,29,train,24722496,24722496,1673422740
35297,10,,359,train,24722496,24722496,22172851305
32392,10,,15,train,24722496,24722496,836711370
71139,10,,28,train,24722496,24722496,1673422740
38046,10,,174,train,24722496,24722496,10877247810
70765,10,,25,train,24722496,24722496,1255067055
38709,10,,357,train,24722496,24722496,22172851305
31805,10,,52,train,24722496,24722496,2928489795
61843,10,,4,train,24722496,24722496,0
70497,10,,40,train,24722496,24722496,2510134110
58682,10,,4,train,24722496,24722496,0
38628,11,,49,train,24722496,24722496,2928489795
22976,11,,26,train,24722496,24722496,1255067055
81703,11,,9,train,24722496,24722496,418355685
51568,11,,21,train,24722496,24722496,1255067055
74348,11,,17,train,24722496,24722496,836711370
58836,11,,123,train,24722496,24722496,7530402330
39550,11,,16,train,24722496,24722496,836711370
29214,11,,58,train,24722496,24722496,3346845480
2043,11,,303,train,24722496,24722496,18826005825
25745,11,,125,train,24722496,24722496,7530402330
14120,11,,113,train,24722496,24722496,6693690960
67160,11,,199,train,24722496,24722496,12132314865
71439,11,,106,train,24722496,24722496,6275335275
26821,11,,8,train,24722496,24722496,418355685
75640,11,,90,train,24722496,24722496,5438623905
3654,11,,53,train,24722496,24722496,2928489795
35297,11,,359,train,24722496,24722496,22172851305
32376,11,,439,train,24722496,24722496,27193119525
78134,11,,118,train,24722496,24722496,7112046645
38046,11,,174,train,24722496,24722496,10877247810
48254,12,,128,train,24722496,24722496,7948758015
48435,12,,81,train,24722496,24722496,5020268220
30398,12,,29,train,24722496,24722496,1673422740
2043,12,,303,train,24722496,24722496,18826005825
41629,12,,76,train,24722496,24722496,4601912535
72679,12,,88,train,24722496,24722496,5438623905
51585,12,,62,train,24722496,24722496,3765201165
11760,12,,263,train,24722496,24722496,16315871715
21029,12,,49,train,24722496,24722496,2928489795
71439,12,,106,train,24722496,24722496,6275335275
32963,12,,8,train,24722496,24722496,418355685
35297,12,,359,train,24722496,24722496,22172851305
40584,12,,27,train,24722496,24722496,1673422740
32376,12,,439,train,24722496,24722496,27193119525
5325,12,,93,train,24722496,24722496,5438623905
38709,12,,357,train,24722496,24722496,22172851305
50385,12,,57,train,24722496,24722496,3346845480
28371,12,,223,train,24722496,24722496,13805737605
19470,12,,148,train,24722496,24722496,9203825070
78985,12,,30,train,24722496,24722496,1673422740
22976,13,,26,train,24722496,24722496,1255067055
58836,13,,123,train,24722496,24722496,7530402330
2238,13,,149,train,24722496,24722496,9203825070
31955,13,,17,train,24722496,24722496,836711370
29214,13,,58,train,24722496,24722496,3346845480
39561,13,,242,train,24722496,24722496,15060804660
33905,13,,62,train,24722496,24722496,3765201165
20790,13,,68,train,24722496,24722496,4183556850
30396,13,,82,train,24722496,24722496,5020268220
25745,13,,125,train,24722496,24722496,7530402330
41138,13,,86,train,24722496,24722496,5020268220
71439,13,,106,train,24722496,24722496,6275335275
35297,13,,359,train,24722496,24722496,22172851305
62733,13,,163,train,24722496,24722496,10040536440
38709,13,,357,train,24722496,24722496,22172851305
48903,13,,126,train,24722496,24722496,7530402330
70254,13,,51,train,24722496,24722496,2928489795
28371,13,,223,train,24722496,24722496,13805737605
49949,13,,21,train,24722496,24722496,1255067055
40677,13,,158,train,24722496,24722496,9622180755
45605,14,,6,train,24722496,24722496,0
19878,14,,10,train,24722496,24722496,418355685
25449,14,,6,train,24722496,24722496,0
39863,14,,10,train,24722496,24722496,418355685
41574,14,,69,train,24722496,24722496,4183556850
77259,14,,133,train,24722496,24722496,7948758015
67917,14,,13,train,24722496,24722496,418355685
10570,14,,13,train,24722496,24722496,418355685
58533,14,,70,train,24722496,24722496,4183556850
39561,14,,242,train,24722496,24722496,15060804660
33905,14,,62,train,24722496,24722496,3765201165
20371,14,,26,train,24722496,24722496,1255067055
2957,14,,92,train,24722496,24722496,5438623905
11760,14,,263,train,24722496,24722496,16315871715
30396,14,,82,train,24722496,24722496,5020268220
71439,14,,106,train,24722496,24722496,6275335275
56372,14,,17,train,24722496,24722496,836711370
3654,14,,53,train,24722496,24722496,2928489795
19969,14,,22,train,24722496,24722496,1255067055
62733,14,,163,train,24722496,24722496,10040536440
48254,15,,128,train,24722496,24722496,7948758015
68994,15,,44,train,24722496,24722496,2510134110
1228,15,,10,train,24722496,24722496,418355685
75227,15,,17,train,24722496,24722496,836711370
75102,15,,14,train,24722496,24722496,836711370
2043,15,,303,train,24722496,24722496,18826005825
20371,15,,26,train,24722496,24722496,1255067055
51585,15,,62,train,24722496,24722496,3765201165
16214,15,,28,train,24722496,24722496,1673422740
41573,15,,22,train,24722496,24722496,1255067055
25745,15,,125,train,24722496,24722496,7530402330
41138,15,,86,train,24722496,24722496,5020268220
55099,15,,62,train,24722496,24722496,3765201165
3654,15,,53,train,24722496,24722496,2928489795
32376,15,,439,train,24722496,24722496,27193119525
52752,15,,106,train,24722496,24722496,6275335275
63054,15,,5,train,24722496,24722496,0
24793,15,,35,train,24722496,24722496,2091778425
5325,15,,93,train,24722496,24722496,5438623905
70765,15,,25,train,24722496,24722496,1255067055
47607,16,,7,train,24722496,24722496,418355685
58836,16,,123,train,24722496,24722496,7530402330
45876,16,,6,train,24722496,24722496,0
78060,16,,29,train,24722496,24722496,1673422740
41574,16,,69,train,24722496,24722496,4183556850
77259,16,,133,train,24722496,24722496,7948758015
60421,16,,132,train,24722496,24722496,7948758015
39561,16,,242,train,24722496,24722496,15060804660
74619,16,,58,train,24722496,24722496,3346845480
67357,16,,26,train,24722496,24722496,1255067055
58356,16,,54,train,24722496,24722496,3346845480
25745,16,,125,train,24722496,24722496,7530402330
14120,16,,113,train,24722496,24722496,6693690960
55099,16,,62,train,24722496,24722496,3765201165
35297,16,,359,train,24722496,24722496,22172851305
32376,16,,439,train,24722496,24722496,27193119525
24402,16,,38,train,24722496,24722496,2091778425
74685,16,,102,train,24722496,24722496,6275335275
38709,16,,357,train,24722496,24722496,22172851305
50385,16,,57,train,24722496,24722496,3346845480
48254,17,,128,train,24722496,24722496,7948758015
53112,17,,6,train,24722496,24722496,0
75177,17,,16,train,24722496,24722496,836711370
57000,17,,108,train,24722496,24722496,6693690960
10449,17,,7,train,24722496,24722496,418355685
4722,17,,5,train,24722496,24722496,0
2043,17,,303,train,24722496,24722496,18826005825
39561,17,,242,train,24722496,24722496,15060804660
37495,17,,5,train,24722496,24722496,0
67160,17,,199,train,24722496,24722496,12132314865
43611,17,,74,train,24722496,24722496,4601912535
68133,17,,14,train,24722496,24722496,836711370
32376,17,,439,train,24722496,24722496,27193119525
62733,17,,163,train,24722496,24722496,10040536440
38046,17,,174,train,24722496,24722496,10877247810
78946,17,,50,train,24722496,24722496,2928489795
28371,17,,223,train,24722496,24722496,13805737605
55345,17,,86,train,24722496,24722496,5020268220
32135,17,,22,train,24722496,24722496,1255067055
43829,17,,286,train,24722496,24722496,17570938770
48254,18,,128,train,24722496,24722496,7948758015
2043,18,,303,train,24722496,24722496,18826005825
39561,18,,242,train,24722496,24722496,15060804660
5132,18,,194,train,24722496,24722496,12132314865
2957,18,,92,train,24722496,24722496,5438623905
11760,18,,263,train,24722496,24722496,16315871715
53427,18,,30,train,24722496,24722496,1673422740
59009,18,,31,train,24722496,24722496,1673422740
40886,18,,26,train,24722496,24722496,1255067055
67160,18,,199,train,24722496,24722496,12132314865
43611,18,,74,train,24722496,24722496,4601912535
40584,18,,27,train,24722496,24722496,1673422740
62733,18,,163,train,24722496,24722496,10040536440
45199,18,,38,train,24722496,24722496,2091778425
56101,18,,21,train,24722496,24722496,1255067055
57451,18,,14,train,24722496,24722496,836711370
29708,18,,43,train,24722496,24722496,2510134110
70158,18,,50,train,24722496,24722496,2928489795
38706,18,,62,train,24722496,24722496,3765201165
55345,18,,86,train,24722496,24722496,5020268220
9155,19,,24,train,24722496,24722496,1255067055
58836,19,,123,train,24722496,24722496,7530402330
49998,19,,14,train,24722496,24722496,836711370
37401,19,,17,train,24722496,24722496,836711370
30032,19,,8,train,24722496,24722496,418355685
42799,19,,6,train,24722496,24722496,0
41164,19,,8,train,24722496,24722496,418355685
53987,19,,62,train,24722496,24722496,3765201165
20891,19,,9,train,24722496,24722496,418355685
56372,19,,17,train,24722496,24722496,836711370
3654,19,,53,train,24722496,24722496,2928489795
35297,19,,359,train,24722496,24722496,22172851305
32376,19,,439,train,24722496,24722496,27193119525
74685,19,,102,train,24722496,24722496,6275335275
28371,19,,223,train,24722496,24722496,13805737605
41562,19,,19,train,24722496,24722496,836711370
40677,19,,158,train,24722496,24722496,9622180755
43829,19,,286,train,24722496,24722496,17570938770
18724,19,,9,train,24722496,24722496,418355685
28000,19,,115,train,24722496,24722496,7112046645
58213,20,,4,train,24722496,24722496,0
48435,20,,81,train,24722496,24722496,5020268220
2238,20,,149,train,24722496,24722496,9203825070
39561,20,,242,train,24722496,24722496,15060804660
5132,20,,194,train,24722496,24722496,12132314865
12883,20,,42,train,24722496,24722496,2510134110
7186,20,,27,train,24722496,24722496,1673422740
25745,20,,125,train,24722496,24722496,7530402330
41138,20,,86,train,24722496,24722496,5020268220
59009,20,,31,train,24722496,24722496,1673422740
67160,20,,199,train,24722496,24722496,12132314865
71439,20,,106,train,24722496,24722496,6275335275
3654,20,,53,train,24722496,24722496,2928489795
35297,20,,359,train,24722496,24722496,22172851305
32376,20,,439,train,24722496,24722496,27193119525
78134,20,,118,train,24722496,24722496,7112046645
48903,20,,126,train,24722496,24722496,7530402330
38706,20,,62,train,24722496,24722496,3765201165
43949,20,,39,train,24722496,24722496,2091778425
28343,20,,34,train,24722496,24722496,2091778425
38628,21,,49,train,24722496,24722496,2928489795
34475,21,,5,train,24722496,24722496,0
48435,21,,81,train,24722496,24722496,5020268220
74348,21,,17,train,24722496,24722496,836711370
60421,21,,132,train,24722496,24722496,7948758015
41629,21,,76,train,24722496,24722496,4601912535
51585,21,,62,train,24722496,24722496,3765201165
20790,21,,68,train,24722496,24722496,4183556850
11760,21,,263,train,24722496,24722496,16315871715
53987,21,,62,train,24722496,24722496,3765201165
25745,21,,125,train,24722496,24722496,7530402330
67160,21,,199,train,24722496,24722496,12132314865
51347,21,,14,train,24722496,24722496,836711370
35297,21,,359,train,24722496,24722496,22172851305
32376,21,,439,train,24722496,24722496,27193119525
52752,21,,106,train,24722496,24722496,6275335275
62733,21,,163,train,24722496,24722496,10040536440
38046,21,,174,train,24722496,24722496,10877247810
50385,21,,57,train,24722496,24722496,3346845480
48903,21,,126,train,24722496,24722496,7530402330
57926,22,,26,train,24722496,24722496,1255067055
24762,22,,15,train,24722496,24722496,836711370
31892,22,,20,train,24722496,24722496,1255067055
60421,22,,132,train,24722496,24722496,7948758015
2957,22,,92,train,24722496,24722496,5438623905
11760,22,,263,train,24722496,24722496,16315871715
62188,22,,63,train,24722496,24722496,3765201165
17164,22,,18,train,24722496,24722496,836711370
3271,22,,7,train,24722496,24722496,418355685
35297,22,,359,train,24722496,24722496,22172851305
32376,22,,439,train,24722496,24722496,27193119525
24402,22,,38,train,24722496,24722496,2091778425
38709,22,,357,train,24722496,24722496,22172851305
48903,22,,126,train,24722496,24722496,7530402330
80706,22,,33,train,24722496,24722496,1673422740
67615,22,,25,train,24722496,24722496,1255067055
78985,22,,30,train,24722496,24722496,1673422740
14290,22,,93,train,24722496,24722496,5438623905
31783,22,,50,train,24722496,24722496,2928489795
12067,22,,9,train,24722496,24722496,418355685
48254,23,,128,train,24722496,24722496,7948758015
45605,23,,6,train,24722496,24722496,0
48435,23,,81,train,24722496,24722496,5020268220
21958,23,,68,train,24722496,24722496,4183556850
24438,23,,6,train,24722496,24722496,0
78060,23,,29,train,24722496,24722496,1673422740
2043,23,,303,train,24722496,24722496,18826005825
12899,23,,70,train,24722496,24722496,4183556850
41629,23,,76,train,24722496,24722496,4601912535
5132,23,,194,train,24722496,24722496,12132314865
75640,23,,90,train,24722496,24722496,5438623905
67727,23,,46,train,24722496,24722496,2510134110
32376,23,,439,train,24722496,24722496,27193119525
78134,23,,118,train,24722496,24722496,7112046645
38709,23,,357,train,24722496,24722496,22172851305
48903,23,,126,train,24722496,24722496,7530402330
31805,23,,52,train,24722496,24722496,2928489795
28371,23,,223,train,24722496,24722496,13805737605
80706,23,,33,train,24722496,24722496,1673422740
38706,23,,62,train,24722496,24722496,3765201165
53112,24,,6,train,24722496,24722496,0
66267,24,,6,train,24722496,24722496,0
61424,24,,22,train,24722496,24722496,1255067055
41844,24,,10,train,24722496,24722496,418355685
29214,24,,58,train,24722496,24722496,3346845480
20191,24,,54,train,24722496,24722496,3346845480
47141,24,,9,train,24722496,24722496,418355685
77259,24,,133,train,24722496,24722496,7948758015
18930,24,,9,train,24722496,24722496,418355685
58533,24,,70,train,24722496,24722496,4183556850
2043,24,,303,train,24722496,24722496,18826005825
39561,24,,242,train,24722496,24722496,15060804660
12899,24,,70,train,24722496,24722496,4183556850
5132,24,,194,train,24722496,24722496,12132314865
25745,24,,125,train,24722496,24722496,7530402330
25341,24,,5,train,24722496,24722496,0
45063,24,,10,train,24722496,24722496,418355685
55099,24,,62,train,24722496,24722496,3765201165
32376,24,,439,train,24722496,24722496,27193119525
38046,24,,174,train,24722496,24722496,10877247810
15592,25,,6,train,24722496,24722496,0
74633,25,,8,train,24722496,24722496,418355685
53184,25,,36,train,24722496,24722496,2091778425
58836,25,,123,train,24722496,24722496,7530402330
30398,25,,29,train,24722496,24722496,1673422740
46303,25,,74,train,24722496,24722496,4601912535
2043,25,,303,train,24722496,24722496,18826005825
39561,25,,242,train,24722496,24722496,15060804660
41629,25,,76,train,24722496,24722496,4601912535
53987,25,,62,train,24722496,24722496,3765201165
79793,25,,22,train,24722496,24722496,1255067055
43611,25,,74,train,24722496,24722496,4601912535
32376,25,,439,train,24722496,24722496,27193119525
52752,25,,106,train,24722496,24722496,6275335275
62733,25,,163,train,24722496,24722496,10040536440
38046,25,,174,train,24722496,24722496,10877247810
78946,25,,50,train,24722496,24722496,2928489795
48903,25,,126,train,24722496,24722496,7530402330
28371,25,,223,train,24722496,24722496,13805737605
31834,25,,109,train,24722496,24722496,6693690960
45605,26,,6,train,24722496,24722496,0
48435,26,,81,train,24722496,24722496,5020268220
45417,26,,44,train,24722496,24722496,2510134110
51525,26,,10,train,24722496,24722496,418355685
58836,26,,123,train,24722496,24722496,7530402330
21958,26,,68,train,24722496,24722496,4183556850
41844,26,,10,train,24722496,24722496,418355685
29223,26,,23,train,24722496,24722496,1255067055
77259,26,,133,train,24722496,24722496,7948758015
60421,26,,132,train,24722496,24722496,7948758015
33905,26,,62,train,24722496,24722496,3765201165
8255,26,,16,train,24722496,24722496,836711370
53987,26,,62,train,24722496,24722496,3765201165
32376,26,,439,train,24722496,24722496,27193119525
38046,26,,174,train,24722496,24722496,10877247810
57451,26,,14,train,24722496,24722496,836711370
73213,26,,32,train,24722496,24722496,1673422740
80706,26,,33,train,24722496,24722496,1673422740
58698,26,,54,train,24722496,24722496,3346845480
38706,26,,62,train,24722496,24722496,3765201165
34475,27,,5,train,24722496,24722496,0
17740,27,,6,train,24722496,24722496,0
43541,27,,19,train,24722496,24722496,836711370
58836,27,,123,train,24722496,24722496,7530402330
78060,27,,29,train,24722496,24722496,1673422740
37401,27,,17,train,24722496,24722496,836711370
29214,27,,58,train,24722496,24722496,3346845480
79108,27,,26,train,24722496,24722496,1255067055
16850,27,,8,train,24722496,24722496,418355685
5132,27,,194,train,24722496,24722496,12132314865
2957,27,,92,train,24722496,24722496,5438623905
20790,27,,68,train,24722496,24722496,4183556850
69555,27,,9,train,24722496,24722496,418355685
30396,27,,82,train,24722496,24722496,5020268220
21029,27,,49,train,24722496,24722496,2928489795
67920,27,,5,train,24722496,24722496,0
35297,27,,359,train,24722496,24722496,22172851305
24402,27,,38,train,24722496,24722496,2091778425
74685,27,,102,train,24722496,24722496,6275335275
38046,27,,174,train,24722496,24722496,10877247810
48254,28,,128,train,24722496,24722496,7948758015
80329,28,,65,train,24722496,24722496,3765201165
30398,28,,29,train,24722496,24722496,1673422740
60421,28,,132,train,24722496,24722496,7948758015
58533,28,,70,train,24722496,24722496,4183556850
2043,28,,303,train,24722496,24722496,18826005825
11760,28,,263,train,24722496,24722496,16315871715
30396,28,,82,train,24722496,24722496,5020268220
62188,28,,63,train,24722496,24722496,3765201165
14120,28,,113,train,24722496,24722496,6693690960
62733,28,,163,train,24722496,24722496,10040536440
38709,28,,357,train,24722496,24722496,22172851305
16921,28,,30,train,24722496,24722496,1673422740
58698,28,,54,train,24722496,24722496,3346845480
40677,28,,158,train,24722496,24722496,9622180755
43829,28,,286,train,24722496,24722496,17570938770
10262,28,,76,train,24722496,24722496,4601912535
69428,28,,26,train,24722496,24722496,1255067055
65291,28,,26,train,24722496,24722496,1255067055
74189,28,,50,train,24722496,24722496,2928489795
58836,29,,123,train,24722496,24722496,7530402330
2238,29,,149,train,24722496,24722496,9203825070
21958,29,,68,train,24722496,24722496,4183556850
29214,29,,58,train,24722496,24722496,3346845480
64858,29,,10,train,24722496,24722496,418355685
6092,29,,21,train,24722496,24722496,1255067055
39561,29,,242,train,24722496,24722496,15060804660
12899,29,,70,train,24722496,24722496,4183556850
5132,29,,194,train,24722496,24722496,12132314865
20790,29,,68,train,24722496,24722496,4183556850
11760,29,,263,train,24722496,24722496,16315871715
45644,29,,13,train,24722496,24722496,418355685
25745,29,,125,train,24722496,24722496,7530402330
41138,29,,86,train,24722496,24722496,5020268220
67160,29,,199,train,24722496,24722496,12132314865
51347,29,,14,train,24722496,24722496,836711370
43611,29,,74,train,24722496,24722496,4601912535
35297,29,,359,train,24722496,24722496,22172851305
32376,29,,439,train,24722496,24722496,27193119525
24402,29,,38,train,24722496,24722496,2091778425
15592,30,,6,train,24722496,24722496,0
68994,30,,44,train,24722496,24722496,2510134110
58836,30,,123,train,24722496,24722496,7530402330
2238,30,,149,train,24722496,24722496,9203825070
57000,30,,108,train,24722496,24722496,6693690960
60421,30,,132,train,24722496,24722496,7948758015
46303,30,,74,train,24722496,24722496,4601912535
2043,30,,303,train,24722496,24722496,18826005825
5796,30,,25,train,24722496,24722496,1255067055
11760,30,,263,train,24722496,24722496,16315871715
79793,30,,22,train,24722496,24722496,1255067055
67160,30,,199,train,24722496,24722496,12132314865
47633,30,,36,train,24722496,24722496,2091778425
3654,30,,53,train,24722496,24722496,2928489795
49882,30,,10,train,24722496,24722496,418355685
2872,30,,5,train,24722496,24722496,0
52752,30,,106,train,24722496,24722496,6275335275
78134,30,,118,train,24722496,24722496,7112046645
62733,30,,163,train,24722496,24722496,10040536440
38046,30,,174,train,24722496,24722496,10877247810
48254,31,,128,train,24722496,24722496,7948758015
48435,31,,81,train,24722496,24722496,5020268220
19878,31,,10,train,24722496,24722496,418355685
75227,31,,17,train,24722496,24722496,836711370
2238,31,,149,train,24722496,24722496,9203825070
60020,31,,27,train,24722496,24722496,1673422740
55267,31,,98,train,24722496,24722496,5856979590
46303,31,,74,train,24722496,24722496,4601912535
74619,31,,58,train,24722496,24722496,3346845480
51585,31,,62,train,24722496,24722496,3765201165
30396,31,,82,train,24722496,24722496,5020268220
12883,31,,42,train,24722496,24722496,2510134110
67160,31,,199,train,24722496,24722496,12132314865
35297,31,,359,train,24722496,24722496,22172851305
32376,31,,439,train,24722496,24722496,27193119525
38709,31,,357,train,24722496,24722496,22172851305
55345,31,,86,train,24722496,24722496,5020268220
40677,31,,158,train,24722496,24722496,9622180755
43829,31,,286,train,24722496,24722496,17570938770
12020,31,,18,train,24722496,24722496,836711370
48254,32,,128,train,24722496,24722496,7948758015
53112,32,,6,train,24722496,24722496,0
3971,32,,4,train,24722496,24722496,0
45417,32,,44,train,24722496,24722496,2510134110
2238,32,,149,train,24722496,24722496,9203825070
12028,32,,46,train,24722496,24722496,2510134110
2043,32,,303,train,24722496,24722496,18826005825
41629,32,,76,train,24722496,24722496,4601912535
11760,32,,263,train,24722496,24722496,16315871715
81372,32,,7,train,24722496,24722496,418355685
32376,32,,439,train,24722496,24722496,27193119525
62733,32,,163,train,24722496,24722496,10040536440
38046,32,,174,train,24722496,24722496,10877247810
31805,32,,52,train,24722496,24722496,2928489795
73213,32,,32,train,24722496,24722496,1673422740
70158,32,,50,train,24722496,24722496,2928489795
19470,32,,148,train,24722496,24722496,9203825070
43829,32,,286,train,24722496,24722496,17570938770
14290,32,,93,train,24722496,24722496,5438623905
28063,32,,52,train,24722496,24722496,2928489795
42040,33,,13,train,24722496,24722496,418355685
45417,33,,44,train,24722496,24722496,2510134110
80329,33,,65,train,24722496,24722496,3765201165
60020,33,,27,train,24722496,24722496,1673422740
79108,33,,26,train,24722496,24722496,1255067055
41574,33,,69,train,24722496,24722496,4183556850
55267,33,,98,train,24722496,24722496,5856979590
46303,33,,74,train,24722496,24722496,4601912535
39561,33,,242,train,24722496,24722496,15060804660
11760,33,,263,train,24722496,24722496,16315871715
67160,33,,199,train,24722496,24722496,12132314865
71439,33,,106,train,24722496,24722496,6275335275
3654,33,,53,train,24722496,24722496,2928489795
32376,33,,439,train,24722496,24722496,27193119525
52752,33,,106,train,24722496,24722496,6275335275
78134,33,,118,train,24722496,24722496,7112046645
38709,33,,357,train,24722496,24722496,22172851305
50385,33,,57,train,24722496,24722496,3346845480
73213,33,,32,train,24722496,24722496,1673422740
28371,33,,223,train,24722496,24722496,13805737605
48254,34,,128,train,24722496,24722496,7948758015
3107,34,,46,train,24722496,24722496,2510134110
19878,34,,10,train,24722496,24722496,418355685
49998,34,,14,train,24722496,24722496,836711370
24762,34,,15,train,24722496,24722496,836711370
52093,34,,7,train,24722496,24722496,418355685
5132,34,,194,train,24722496,24722496,12132314865
74619,34,,58,train,24722496,24722496,3346845480
17467,34,,30,train,24722496,24722496,1673422740
8255,34,,16,train,24722496,24722496,836711370
25745,34,,125,train,24722496,24722496,7530402330
14120,34,,113,train,24722496,24722496,6693690960
77690,34,,29,train,24722496,24722496,1673422740
32376,34,,439,train,24722496,24722496,27193119525
62733,34,,163,train,24722496,24722496,10040536440
31834,34,,109,train,24722496,24722496,6693690960
61220,34,,26,train,24722496,24722496,1255067055
19470,34,,148,train,24722496,24722496,9203825070
43829,34,,286,train,24722496,24722496,17570938770
16777,34,,36,train,24722496,24722496,2091778425
48254,35,,128,train,24722496,24722496,7948758015
19569,35,,38,train,24722496,24722496,2091778425
58533,35,,70,train,24722496,24722496,4183556850
2043,35,,303,train,24722496,24722496,18826005825
17467,35,,30,train,24722496,24722496,1673422740
66881,35,,19,train,24722496,24722496,836711370
30396,35,,82,train,24722496,24722496,5020268220
14120,35,,113,train,24722496,24722496,6693690960
35297,35,,359,train,24722496,24722496,22172851305
32376,35,,439,train,24722496,24722496,27193119525
62733,35,,163,train,24722496,24722496,10040536440
38046,35,,174,train,24722496,24722496,10877247810
3588,35,,15,train,24722496,24722496,836711370
34503,35,,16,train,24722496,24722496,836711370
28371,35,,223,train,24722496,24722496,13805737605
80706,35,,33,train,24722496,24722496,1673422740
30446,35,,32,train,24722496,24722496,1673422740
55345,35,,86,train,24722496,24722496,5020268220
40677,35,,158,train,24722496,24722496,9622180755
28000,35,,115,train,24722496,24722496,7112046645
58836,36,,123,train,24722496,24722496,7530402330
45876,36,,6,train,24722496,24722496,0
24438,36,,6,train,24722496,24722496,0
2256,36,,17,train,24722496,24722496,836711370
71672,36,,80,train,24722496,24722496,5020268220
39813,36,,8,train,24722496,24722496,418355685
58533,36,,70,train,24722496,24722496,4183556850
11760,36,,263,train,24722496,24722496,16315871715
12883,36,,42,train,24722496,24722496,2510134110
53987,36,,62,train,24722496,24722496,3765201165
67160,36,,199,train,24722496,24722496,12132314865
79307,36,,42,train,24722496,24722496,2510134110
19969,36,,22,train,24722496,24722496,1255067055
32376,36,,439,train,24722496,24722496,27193119525
78134,36,,118,train,24722496,24722496,7112046645
38709,36,,357,train,24722496,24722496,22172851305
48903,36,,126,train,24722496,24722496,7530402330
28371,36,,223,train,24722496,24722496,13805737605
70497,36,,40,train,24722496,24722496,2510134110
16921,36,,30,train,24722496,24722496,1673422740
48254,37,,128,train,24722496,24722496,7948758015
38628,37,,49,train,24722496,24722496,2928489795
27269,37,,11,train,24722496,24722496,418355685
43541,37,,19,train,24722496,24722496,836711370
2238,37,,149,train,24722496,24722496,9203825070
60020,37,,27,train,24722496,24722496,1673422740
55816,37,,44,train,24722496,24722496,2510134110
44829,37,,38,train,24722496,24722496,2091778425
16850,37,,8,train,24722496,24722496,418355685
81362,37,,4,train,24722496,24722496,0
2957,37,,92,train,24722496,24722496,5438623905
5796,37,,25,train,24722496,24722496,1255067055
53427,37,,30,train,24722496,24722496,1673422740
69539,37,,26,train,24722496,24722496,1255067055
14120,37,,113,train,24722496,24722496,6693690960
67160,37,,199,train,24722496,24722496,12132314865
71439,37,,106,train,24722496,24722496,6275335275
38709,37,,357,train,24722496,24722496,22172851305
70897,37,,6,train,24722496,24722496,0
16921,37,,30,train,24722496,24722496,1673422740
67300,38,,4,train,24722496,24722496,0
38628,38,,49,train,24722496,24722496,2928489795
43656,38,,8,train,24722496,24722496,418355685
40098,38,,12,train,24722496,24722496,418355685
75177,38,,16,train,24722496,24722496,836711370
24762,38,,15,train,24722496,24722496,836711370
57000,38,,108,train,24722496,24722496,6693690960
30398,38,,29,train,24722496,24722496,1673422740
68038,38,,6,train,24722496,24722496,0
67917,38,,13,train,24722496,24722496,418355685
46303,38,,74,train,24722496,24722496,4601912535
58533,38,,70,train,24722496,24722496,4183556850
12899,38,,70,train,24722496,24722496,4183556850
11760,38,,263,train,24722496,24722496,16315871715
71439,38,,106,train,24722496,24722496,6275335275
26821,38,,8,train,24722496,24722496,418355685
2872,38,,5,train,24722496,24722496,0
38046,38,,174,train,24722496,24722496,10877247810
50385,38,,57,train,24722496,24722496,3346845480
28371,38,,223,train,24722496,24722496,13805737605
77897,39,,24,train,24722496,24722496,1255067055
58836,39,,123,train,24722496,24722496,7530402330
59497,39,,8,train,24722496,24722496,418355685
44829,39,,38,train,24722496,24722496,2091778425
63981,39,,32,train,24722496,24722496,1673422740
16850,39,,8,train,24722496,24722496,418355685
2043,39,,303,train,24722496,24722496,18826005825
39561,39,,242,train,24722496,24722496,15060804660
2957,39,,92,train,24722496,24722496,5438623905
26821,39,,8,train,24722496,24722496,418355685
35297,39,,359,train,24722496,24722496,22172851305
49882,39,,10,train,24722496,24722496,418355685
32376,39,,439,train,24722496,24722496,27193119525
71139,39,,28,train,24722496,24722496,1673422740
62733,39,,163,train,24722496,24722496,10040536440
5325,39,,93,train,24722496,24722496,5438623905
31805,39,,52,train,24722496,24722496,2928489795
49949,39,,21,train,24722496,24722496,1255067055
40677,39,,158,train,24722496,24722496,9622180755
28343,39,,34,train,24722496,24722496,2091778425
80329,40,,65,train,24722496,24722496,3765201165
3834,40,,26,train,24722496,24722496,1255067055
58533,40,,70,train,24722496,24722496,4183556850
5132,40,,194,train,24722496,24722496,12132314865
2957,40,,92,train,24722496,24722496,5438623905
47007,40,,10,train,24722496,24722496,418355685
11760,40,,263,train,24722496,24722496,16315871715
30396,40,,82,train,24722496,24722496,5020268220
63595,40,,6,train,24722496,24722496,0
71439,40,,106,train,24722496,24722496,6275335275
35297,40,,359,train,24722496,24722496,22172851305
5325,40,,93,train,24722496,24722496,5438623905
38046,40,,174,train,24722496,24722496,10877247810
78946,40,,50,train,24722496,24722496,2928489795
38709,40,,357,train,24722496,24722496,22172851305
73213,40,,32,train,24722496,24722496,1673422740
28371,40,,223,train,24722496,24722496,13805737605
55345,40,,86,train,24722496,24722496,5020268220
43829,40,,286,train,24722496,24722496,17570938770
28343,40,,34,train,24722496,24722496,2091778425
51568,41,,21,train,24722496,24722496,1255067055
2238,41,,149,train,24722496,24722496,9203825070
31892,41,,20,train,24722496,24722496,1255067055
2256,41,,17,train,24722496,24722496,836711370
33705,41,,9,train,24722496,24722496,418355685
75686,41,,42,train,24722496,24722496,2510134110
2043,41,,303,train,24722496,24722496,18826005825
39561,41,,242,train,24722496,24722496,15060804660
17467,41,,30,train,24722496,24722496,1673422740
20790,41,,68,train,24722496,24722496,4183556850
23512,41,,10,train,24722496,24722496,418355685
25745,41,,125,train,24722496,24722496,7530402330
67160,41,,199,train,24722496,24722496,12132314865
35297,41,,359,train,24722496,24722496,22172851305
32376,41,,439,train,24722496,24722496,27193119525
62733,41,,163,train,24722496,24722496,10040536440
25632,41,,6,train,24722496,24722496,0
28371,41,,223,train,24722496,24722496,13805737605
31834,41,,109,train,24722496,24722496,6693690960
9370,41,,9,train,24722496,24722496,418355685
75102,42,,14,train,24722496,24722496,836711370
5533,42,,18,train,24722496,24722496,836711370
31892,42,,20,train,24722496,24722496,1255067055
12028,42,,46,train,24722496,24722496,2510134110
77259,42,,133,train,24722496,24722496,7948758015
2043,42,,303,train,24722496,24722496,18826005825
32873,42,,9,train,24722496,24722496,418355685
20457,42,,26,train,24722496,24722496,1255067055
11760,42,,263,train,24722496,24722496,16315871715
25745,42,,125,train,24722496,24722496,7530402330
77911,42,,25,train,24722496,24722496,1255067055
67160,42,,199,train,24722496,24722496,12132314865
75640,42,,90,train,24722496,24722496,5438623905
35297,42,,359,train,24722496,24722496,22172851305
52752,42,,106,train,24722496,24722496,6275335275
45199,42,,38,train,24722496,24722496,2091778425
34503,42,,16,train,24722496,24722496,836711370
38709,42,,357,train,24722496,24722496,22172851305
28371,42,,223,train,24722496,24722496,13805737605
66667,42,,28,train,24722496,24722496,1673422740
16531,43,,10,train,24722496,24722496,418355685
58836,43,,123,train,24722496,24722496,7530402330
77259,43,,133,train,24722496,24722496,7948758015
75686,43,,42,train,24722496,24722496,2510134110
5132,43,,194,train,24722496,24722496,12132314865
81362,43,,4,train,24722496,24722496,0
2957,43,,92,train,24722496,24722496,5438623905
79793,43,,22,train,24722496,24722496,1255067055
17164,43,,18,train,24722496,24722496,836711370
40886,43,,26,train,24722496,24722496,1255067055
67160,43,,199,train,24722496,24722496,12132314865
75640,43,,90,train,24722496,24722496,5438623905
32376,43,,439,train,24722496,24722496,27193119525
74685,43,,102,train,24722496,24722496,6275335275
62733,43,,163,train,24722496,24722496,10040536440
38046,43,,174,train,24722496,24722496,10877247810
61637,43,,4,train,24722496,24722496,0
70765,43,,25,train,24722496,24722496,1255067055
29708,43,,43,train,24722496,24722496,2510134110
50485,43,,5,train,24722496,24722496,0
80329,44,,65,train,24722496,24722496,3765201165
79108,44,,26,train,24722496,24722496,1255067055
10449,44,,7,train,24722496,24722496,418355685
6092,44,,21,train,24722496,24722496,1255067055
39561,44,,242,train,24722496,24722496,15060804660
5132,44,,194,train,24722496,24722496,12132314865
20457,44,,26,train,24722496,24722496,1255067055
41573,44,,22,train,24722496,24722496,1255067055
41138,44,,86,train,24722496,24722496,5020268220
55099,44,,62,train,24722496,24722496,3765201165
35297,44,,359,train,24722496,24722496,22172851305
30214,44,,10,train,24722496,24722496,418355685
32376,44,,439,train,24722496,24722496,27193119525
5325,44,,93,train,24722496,24722496,5438623905
78946,44,,50,train,24722496,24722496,2928489795
38709,44,,357,train,24722496,24722496,22172851305
50385,44,,57,train,24722496,24722496,3346845480
31805,44,,52,train,24722496,24722496,2928489795
70254,44,,51,train,24722496,24722496,2928489795
80706,44,,33,train,24722496,24722496,1673422740
3107,45,,46,train,24722496,24722496,2510134110
1228,45,,10,train,24722496,24722496,418355685
80329,45,,65,train,24722496,24722496,3765201165
39863,45,,10,train,24722496,24722496,418355685
71672,45,,80,train,24722496,24722496,5020268220
39561,45,,242,train,24722496,24722496,15060804660
12899,45,,70,train,24722496,24722496,4183556850
5132,45,,194,train,24722496,24722496,12132314865
4850,45,,8,train,24722496,24722496,418355685
72679,45,,88,train,24722496,24722496,5438623905
26028,45,,34,train,24722496,24722496,2091778425
14120,45,,113,train,24722496,24722496,6693690960
40089,45,,5,train,24722496,24722496,0
43611,45,,74,train,24722496,24722496,4601912535
38046,45,,174,train,24722496,24722496,10877247810
34503,45,,16,train,24722496,24722496,836711370
70765,45,,25,train,24722496,24722496,1255067055
38709,45,,357,train,24722496,24722496,22172851305
63609,45,,20,train,24722496,24722496,1255067055
48903,45,,126,train,24722496,24722496,7530402330
2043,46,,303,train,24722496,24722496,18826005825
51585,46,,62,train,24722496,24722496,3765201165
5796,46,,25,train,24722496,24722496,1255067055
11760,46,,263,train,24722496,24722496,16315871715
53987,46,,62,train,24722496,24722496,3765201165
23111,46,,10,train,24722496,24722496,418355685
3654,46,,53,train,24722496,24722496,2928489795
35297,46,,359,train,24722496,24722496,22172851305
32376,46,,439,train,24722496,24722496,27193119525
5325,46,,93,train,24722496,24722496,5438623905
38709,46,,357,train,24722496,24722496,22172851305
48903,46,,126,train,24722496,24722496,7530402330
28371,46,,223,train,24722496,24722496,13805737605
16921,46,,30,train,24722496,24722496,1673422740
49949,46,,21,train,24722496,24722496,1255067055
31834,46,,109,train,24722496,24722496,6693690960
56109,46,,10,train,24722496,24722496,418355685
38706,46,,62,train,24722496,24722496,3765201165
55345,46,,86,train,24722496,24722496,5020268220
40677,46,,158,train,24722496,24722496,9622180755
48254,47,,128,train,24722496,24722496,7948758015
47607,47,,7,train,24722496,24722496,418355685
48435,47,,81,train,24722496,24722496,5020268220
68691,47,,5,train,24722496,24722496,0
2238,47,,149,train,24722496,24722496,9203825070
75102,47,,14,train,24722496,24722496,836711370
39136,47,,34,train,24722496,24722496,2091778425
58533,47,,70,train,24722496,24722496,4183556850
2043,47,,303,train,24722496,24722496,18826005825
39561,47,,242,train,24722496,24722496,15060804660
41629,47,,76,train,24722496,24722496,4601912535
53427,47,,30,train,24722496,24722496,1673422740
77690,47,,29,train,24722496,24722496,1673422740
43611,47,,74,train,24722496,24722496,4601912535
35297,47,,359,train,24722496,24722496,22172851305
52752,47,,106,train,24722496,24722496,6275335275
24402,47,,38,train,24722496,24722496,2091778425
62733,47,,163,train,24722496,24722496,10040536440
7923,47,,6,train,24722496,24722496,0
48903,47,,126,train,24722496,24722496,7530402330
48254,48,,128,train,24722496,24722496,7948758015
3980,48,,26,train,24722496,24722496,1255067055
57926,48,,26,train,24722496,24722496,1255067055
19569,48,,38,train,24722496,24722496,2091778425
59769,48,,14,train,24722496,24722496,836711370
41844,48,,10,train,24722496,24722496,418355685
55267,48,,98,train,24722496,24722496,5856979590
10570,48,,13,train,24722496,24722496,418355685
2043,48,,303,train,24722496,24722496,18826005825
15183,48,,14,train,24722496,24722496,836711370
20371,48,,26,train,24722496,24722496,1255067055
2957,48,,92,train,24722496,24722496,5438623905
23512,48,,10,train,24722496,24722496,418355685
12883,48,,42,train,24722496,24722496,2510134110
47633,48,,36,train,24722496,24722496,2091778425
32376,48,,439,train,24722496,24722496,27193119525
24402,48,,38,train,24722496,24722496,2091778425
50385,48,,57,train,24722496,24722496,3346845480
70497,48,,40,train,24722496,24722496,2510134110
55345,48,,86,train,24722496,24722496,5020268220
19569,49,,38,train,24722496,24722496,2091778425
12028,49,,46,train,24722496,24722496,2510134110
60421,49,,132,train,24722496,24722496,7948758015
75686,49,,42,train,24722496,24722496,2510134110
58533,49,,70,train,24722496,24722496,4183556850
12899,49,,70,train,24722496,24722496,4183556850
41629,49,,76,train,24722496,24722496,4601912535
67889,49,,6,train,24722496,24722496,0
11760,49,,263,train,24722496,24722496,16315871715
59009,49,,31,train,24722496,24722496,1673422740
75640,49,,90,train,24722496,24722496,5438623905
3654,49,,53,train,24722496,24722496,2928489795
35297,49,,359,train,24722496,24722496,22172851305
19969,49,,22,train,24722496,24722496,1255067055
52752,49,,106,train,24722496,24722496,6275335275
38046,49,,174,train,24722496,24722496,10877247810
73213,49,,32,train,24722496,24722496,1673422740
70158,49,,50,train,24722496,24722496,2928489795
41562,49,,19,train,24722496,24722496,836711370
55345,49,,86,train,24722496,24722496,5020268220
68994,50,,44,train,24722496,24722496,2510134110
80329,50,,65,train,24722496,24722496,3765201165
61424,50,,22,train,24722496,24722496,1255067055
57000,50,,108,train,24722496,24722496,6693690960
78400,50,,18,train,24722496,24722496,836711370
77259,50,,133,train,24722496,24722496,7948758015
58533,50,,70,train,24722496,24722496,4183556850
2043,50,,303,train,24722496,24722496,18826005825
33905,50,,62,train,24722496,24722496,3765201165
30396,50,,82,train,24722496,24722496,5020268220
62188,50,,63,train,24722496,24722496,3765201165
67160,50,,199,train,24722496,24722496,12132314865
35297,50,,359,train,24722496,24722496,22172851305
32376,50,,439,train,24722496,24722496,27193119525
78134,50,,118,train,24722496,24722496,7112046645
74685,50,,102,train,24722496,24722496,6275335275
5325,50,,93,train,24722496,24722496,5438623905
38046,50,,174,train,24722496,24722496,10877247810
28371,50,,223,train,24722496,24722496,13805737605
16921,50,,30,train,24722496,24722496,1673422740
48435,1,,81,train,24722496,24722496,5020268220
51568,1,,21,train,24722496,24722496,1255067055
30329,1,,6,train,24722496,24722496,0
77897,1,,24,train,24722496,24722496,1255067055
74973,1,,17,train,24722496,24722496,836711370
45417,1,,44,train,24722496,24722496,2510134110
75227,1,,17,train,24722496,24722496,836711370
2238,1,,149,train,24722496,24722496,9203825070
75102,1,,14,train,24722496,24722496,836711370
75686,1,,42,train,24722496,24722496,2510134110
33705,1,,9,train,24722496,24722496,418355685
66041,1,,22,train,24722496,24722496,1255067055
57000,1,,108,train,24722496,24722496,6693690960
19001,1,,10,train,24722496,24722496,418355685
24762,1,,15,train,24722496,24722496,836711370
37401,1,,17,train,24722496,24722496,836711370
79108,1,,26,train,24722496,24722496,1255067055
41574,1,,69,train,24722496,24722496,4183556850
55267,1,,98,train,24722496,24722496,5856979590
43345,1,,20,train,24722496,24722496,1255067055
48435,2,,81,train,24722496,24722496,5020268220
73311,2,,17,train,24722496,24722496,836711370
2137,2,,15,train,24722496,24722496,836711370
78060,2,,29,train,24722496,24722496,1673422740
77259,2,,133,train,24722496,24722496,7948758015
8255,2,,16,train,24722496,24722496,836711370
10449,2,,7,train,24722496,24722496,418355685
46303,2,,74,train,24722496,24722496,4601912535
60421,2,,132,train,24722496,24722496,7948758015
15470,2,,558,train,24722496,24722496,34723521855
39561,2,,242,train,24722496,24722496,15060804660
2043,2,,303,train,24722496,24722496,18826005825
5132,2,,194,train,24722496,24722496,12132314865
33905,2,,62,train,24722496,24722496,3765201165
7186,2,,27,train,24722496,24722496,1673422740
45770,2,,9,train,24722496,24722496,418355685
11760,2,,263,train,24722496,24722496,16315871715
41138,2,,86,train,24722496,24722496,5020268220
77911,2,,25,train,24722496,24722496,1255067055
67160,2,,199,train,24722496,24722496,12132314865
48254,3,,128,train,24722496,24722496,7948758015
3107,3,,46,train,24722496,24722496,2510134110
75177,3,,16,train,24722496,24722496,836711370
2158,3,,12,train,24722496,24722496,418355685
80329,3,,65,train,24722496,24722496,3765201165
39486,3,,16,train,24722496,24722496,836711370
2238,3,,149,train,24722496,24722496,9203825070
33705,3,,9,train,24722496,24722496,418355685
21958,3,,68,train,24722496,24722496,4183556850
58045,3,,5,train,24722496,24722496,0
71672,3,,80,train,24722496,24722496,5020268220
69062,3,,5,train,24722496,24722496,0
38111,3,,6,train,24722496,24722496,0
55267,3,,98,train,24722496,24722496,5856979590
77259,3,,133,train,24722496,24722496,7948758015
49949,3,,21,train,24722496,24722496,1255067055
60421,3,,132,train,24722496,24722496,7948758015
15470,3,,558,train,24722496,24722496,34723521855
41629,3,,76,train,24722496,24722496,4601912535
12899,3,,70,train,24722496,24722496,4183556850
48254,4,,128,train,24722496,24722496,7948758015
3107,4,,46,train,24722496,24722496,2510134110
52029,4,,9,train,24722496,24722496,418355685
22976,4,,26,train,24722496,24722496,1255067055
20107,4,,10,train,24722496,24722496,418355685
58836,4,,123,train,24722496,24722496,7530402330
49998,4,,14,train,24722496,24722496,836711370
80329,4,,65,train,24722496,24722496,3765201165
71672,4,,80,train,24722496,24722496,5020268220
47141,4,,9,train,24722496,24722496,418355685
41574,4,,69,train,24722496,24722496,4183556850
55267,4,,98,train,24722496,24722496,5856979590
77259,4,,133,train,24722496,24722496,7948758015
2256,4,,17,train,24722496,24722496,836711370
60421,4,,132,train,24722496,24722496,7948758015
15470,4,,558,train,24722496,24722496,34723521855
6092,4,,21,train,24722496,24722496,1255067055
13181,4,,8,train,24722496,24722496,418355685
2043,4,,303,train,24722496,24722496,18826005825
5132,4,,194,train,24722496,24722496,12132314865
48254,5,,128,train,24722496,24722496,7948758015
64495,5,,6,train,24722496,24722496,0
48435,5,,81,train,24722496,24722496,5020268220
39136,5,,34,train,24722496,24722496,2091778425
5533,5,,18,train,24722496,24722496,836711370
53184,5,,36,train,24722496,24722496,2091778425
58836,5,,123,train,24722496,24722496,7530402330
2158,5,,12,train,24722496,24722496,418355685
75227,5,,17,train,24722496,24722496,836711370
59769,5,,14,train,24722496,24722496,836711370
75686,5,,42,train,24722496,24722496,2510134110
33399,5,,18,train,24722496,24722496,836711370
73054,5,,13,train,24722496,24722496,418355685
41574,5,,69,train,24722496,24722496,4183556850
55267,5,,98,train,24722496,24722496,5856979590
77259,5,,133,train,24722496,24722496,7948758015
79793,5,,22,train,24722496,24722496,1255067055
20191,5,,54,train,24722496,24722496,3346845480
46303,5,,74,train,24722496,24722496,4601912535
15470,5,,558,train,24722496,24722496,34723521855
8506,6,,6,train,24722496,24722496,0
77268,6,,4,train,24722496,24722496,0
39550,6,,16,train,24722496,24722496,836711370
38628,6,,49,train,24722496,24722496,2928489795
20107,6,,10,train,24722496,24722496,418355685
73311,6,,17,train,24722496,24722496,836711370
77897,6,,24,train,24722496,24722496,1255067055
10443,6,,5,train,24722496,24722496,0
16531,6,,10,train,24722496,24722496,418355685
58836,6,,123,train,24722496,24722496,7530402330
45738,6,,15,train,24722496,24722496,836711370
21958,6,,68,train,24722496,24722496,4183556850
78060,6,,29,train,24722496,24722496,1673422740
71672,6,,80,train,24722496,24722496,5020268220
77259,6,,133,train,24722496,24722496,7948758015
10449,6,,7,train,24722496,24722496,418355685
20191,6,,54,train,24722496,24722496,3346845480
60421,6,,132,train,24722496,24722496,7948758015
15470,6,,558,train,24722496,24722496,34723521855
12899,6,,70,train,24722496,24722496,4183556850
15592,7,,6,train,24722496,24722496,0
3107,7,,46,train,24722496,24722496,2510134110
74348,7,,17,train,24722496,24722496,836711370
66267,7,,6,train,24722496,24722496,0
2137,7,,15,train,24722496,24722496,836711370
74973,7,,17,train,24722496,24722496,836711370
53184,7,,36,train,24722496,24722496,2091778425
58836,7,,123,train,24722496,24722496,7530402330
57926,7,,26,train,24722496,24722496,1255067055
19569,7,,38,train,24722496,24722496,2091778425
66041,7,,22,train,24722496,24722496,1255067055
25449,7,,6,train,24722496,24722496,0
21958,7,,68,train,24722496,24722496,4183556850
29214,7,,58,train,24722496,24722496,3346845480
36324,7,,7,train,24722496,24722496,418355685
73655,7,,8,train,24722496,24722496,418355685
33399,7,,18,train,24722496,24722496,836711370
38111,7,,6,train,24722496,24722496,0
12028,7,,46,train,24722496,24722496,2510134110
41574,7,,69,train,24722496,24722496,4183556850
48254,8,,128,train,24722496,24722496,7948758015
20864,8,,4,train,24722496,24722496,0
45605,8,,6,train,24722496,24722496,0
43725,8,,13,train,24722496,24722496,418355685
3107,8,,46,train,24722496,24722496,2510134110
27819,8,,4,train,24722496,24722496,0
39136,8,,34,train,24722496,24722496,2091778425
53184,8,,36,train,24722496,24722496,2091778425
19569,8,,38,train,24722496,24722496,2091778425
1434,8,,61,train,24722496,24722496,3765201165
78060,8,,29,train,24722496,24722496,1673422740
66749,8,,6,train,24722496,24722496,0
79108,8,,26,train,24722496,24722496,1255067055
12028,8,,46,train,24722496,24722496,2510134110
55267,8,,98,train,24722496,24722496,5856979590
55816,8,,44,train,24722496,24722496,2510134110
15470,8,,558,train,24722496,24722496,34723521855
2043,8,,303,train,24722496,24722496,18826005825
5132,8,,194,train,24722496,24722496,12132314865
72679,8,,88,train,24722496,24722496,5438623905
42040,9,,13,train,24722496,24722496,418355685
9155,9,,24,train,24722496,24722496,1255067055
22976,9,,26,train,24722496,24722496,1255067055
45417,9,,44,train,24722496,24722496,2510134110
53184,9,,36,train,24722496,24722496,2091778425
58836,9,,123,train,24722496,24722496,7530402330
2238,9,,149,train,24722496,24722496,9203825070
33705,9,,9,train,24722496,24722496,418355685
1434,9,,61,train,24722496,24722496,3765201165
19001,9,,10,train,24722496,24722496,418355685
43541,9,,19,train,24722496,24722496,836711370
24762,9,,15,train,24722496,24722496,836711370
3834,9,,26,train,24722496,24722496,1255067055
80276,9,,24,train,24722496,24722496,1255067055
12028,9,,46,train,24722496,24722496,2510134110
77259,9,,133,train,24722496,24722496,7948758015
60020,9,,27,train,24722496,24722496,1673422740
60421,9,,132,train,24722496,24722496,7948758015
15470,9,,558,train,24722496,24722496,34723521855
41629,9,,76,train,24722496,24722496,4601912535
48254,10,,128,train,24722496,24722496,7948758015
53112,10,,6,train,24722496,24722496,0
48435,10,,81,train,24722496,24722496,5020268220
74973,10,,17,train,24722496,24722496,836711370
39188,10,,18,train,24722496,24722496,836711370
75227,10,,17,train,24722496,24722496,836711370
59769,10,,14,train,24722496,24722496,836711370
68994,10,,44,train,24722496,24722496,2510134110
2238,10,,149,train,24722496,24722496,9203825070
21958,10,,68,train,24722496,24722496,4183556850
78060,10,,29,train,24722496,24722496,1673422740
29214,10,,58,train,24722496,24722496,3346845480
71672,10,,80,train,24722496,24722496,5020268220
41574,10,,69,train,24722496,24722496,4183556850
55267,10,,98,train,24722496,24722496,5856979590
77259,10,,133,train,24722496,24722496,7948758015
46303,10,,74,train,24722496,24722496,4601912535
60421,10,,132,train,24722496,24722496,7948758015
15470,10,,558,train,24722496,24722496,34723521855
39561,10,,242,train,24722496,24722496,15060804660
48254,11,,128,train,24722496,24722496,7948758015
9155,11,,24,train,24722496,24722496,1255067055
34475,11,,5,train,24722496,24722496,0
75227,11,,17,train,24722496,24722496,836711370
76589,11,,10,train,24722496,24722496,418355685
80329,11,,65,train,24722496,24722496,3765201165
2238,11,,149,train,24722496,24722496,9203825070
24762,11,,15,train,24722496,24722496,836711370
78174,11,,6,train,24722496,24722496,0
61424,11,,22,train,24722496,24722496,1255067055
3834,11,,26,train,24722496,24722496,1255067055
71672,11,,80,train,24722496,24722496,5020268220
41574,11,,69,train,24722496,24722496,4183556850
77259,11,,133,train,24722496,24722496,7948758015
60020,11,,27,train,24722496,24722496,1673422740
2256,11,,17,train,24722496,24722496,836711370
60421,11,,132,train,24722496,24722496,7948758015
15470,11,,558,train,24722496,24722496,34723521855
74619,11,,58,train,24722496,24722496,3346845480
39561,11,,242,train,24722496,24722496,15060804660
48254,12,,128,train,24722496,24722496,7948758015
32978,12,,6,train,24722496,24722496,0
38628,12,,49,train,24722496,24722496,2928489795
39188,12,,18,train,24722496,24722496,836711370
53184,12,,36,train,24722496,24722496,2091778425
2238,12,,149,train,24722496,24722496,9203825070
33705,12,,9,train,24722496,24722496,418355685
39863,12,,10,train,24722496,24722496,418355685
66041,12,,22,train,24722496,24722496,1255067055
57000,12,,108,train,24722496,24722496,6693690960
24762,12,,15,train,24722496,24722496,836711370
21958,12,,68,train,24722496,24722496,4183556850
3834,12,,26,train,24722496,24722496,1255067055
79108,12,,26,train,24722496,24722496,1255067055
80276,12,,24,train,24722496,24722496,1255067055
47141,12,,9,train,24722496,24722496,418355685
59497,12,,8,train,24722496,24722496,418355685
79793,12,,22,train,24722496,24722496,1255067055
60421,12,,132,train,24722496,24722496,7948758015
15470,12,,558,train,24722496,24722496,34723521855
48254,13,,128,train,24722496,24722496,7948758015
3107,13,,46,train,24722496,24722496,2510134110
40098,13,,12,train,24722496,24722496,418355685
3980,13,,26,train,24722496,24722496,1255067055
19799,13,,13,train,24722496,24722496,418355685
53184,13,,36,train,24722496,24722496,2091778425
58836,13,,123,train,24722496,24722496,7530402330
68994,13,,44,train,24722496,24722496,2510134110
75686,13,,42,train,24722496,24722496,2510134110
1434,13,,61,train,24722496,24722496,3765201165
57000,13,,108,train,24722496,24722496,6693690960
21958,13,,68,train,24722496,24722496,4183556850
79108,13,,26,train,24722496,24722496,1255067055
71672,13,,80,train,24722496,24722496,5020268220
73054,13,,13,train,24722496,24722496,418355685
12028,13,,46,train,24722496,24722496,2510134110
36385,13,,8,train,24722496,24722496,418355685
15470,13,,558,train,24722496,24722496,34723521855
12899,13,,70,train,24722496,24722496,4183556850
39561,13,,242,train,24722496,24722496,15060804660
8092,14,,4,train,24722496,24722496,0
10902,14,,4,train,24722496,24722496,0
2238,14,,149,train,24722496,24722496,9203825070
75686,14,,42,train,24722496,24722496,2510134110
57000,14,,108,train,24722496,24722496,6693690960
78060,14,,29,train,24722496,24722496,1673422740
79108,14,,26,train,24722496,24722496,1255067055
71672,14,,80,train,24722496,24722496,5020268220
12028,14,,46,train,24722496,24722496,2510134110
41574,14,,69,train,24722496,24722496,4183556850
77259,14,,133,train,24722496,24722496,7948758015
79793,14,,22,train,24722496,24722496,1255067055
42799,14,,6,train,24722496,24722496,0
60421,14,,132,train,24722496,24722496,7948758015
15470,14,,558,train,24722496,24722496,34723521855
39561,14,,242,train,24722496,24722496,15060804660
2043,14,,303,train,24722496,24722496,18826005825
5132,14,,194,train,24722496,24722496,12132314865
5796,14,,25,train,24722496,24722496,1255067055
75594,14,,10,train,24722496,24722496,418355685
48254,15,,128,train,24722496,24722496,7948758015
48435,15,,81,train,24722496,24722496,5020268220
73311,15,,17,train,24722496,24722496,836711370
39136,15,,34,train,24722496,24722496,2091778425
5533,15,,18,train,24722496,24722496,836711370
53184,15,,36,train,24722496,24722496,2091778425
58836,15,,123,train,24722496,24722496,7530402330
68994,15,,44,train,24722496,24722496,2510134110
1434,15,,61,train,24722496,24722496,3765201165
39517,15,,5,train,24722496,24722496,0
21958,15,,68,train,24722496,24722496,4183556850
61424,15,,22,train,24722496,24722496,1255067055
36385,15,,8,train,24722496,24722496,418355685
41574,15,,69,train,24722496,24722496,4183556850
77259,15,,133,train,24722496,24722496,7948758015
59497,15,,8,train,24722496,24722496,418355685
29223,15,,23,train,24722496,24722496,1255067055
20191,15,,54,train,24722496,24722496,3346845480
46303,15,,74,train,24722496,24722496,4601912535
60421,15,,132,train,24722496,24722496,7948758015
48254,16,,128,train,24722496,24722496,7948758015
43725,16,,13,train,24722496,24722496,418355685
3107,16,,46,train,24722496,24722496,2510134110
58836,16,,123,train,24722496,24722496,7530402330
2238,16,,149,train,24722496,24722496,9203825070
57000,16,,108,train,24722496,24722496,6693690960
21958,16,,68,train,24722496,24722496,4183556850
61424,16,,22,train,24722496,24722496,1255067055
37401,16,,17,train,24722496,24722496,836711370
3834,16,,26,train,24722496,24722496,1255067055
3771,16,,14,train,24722496,24722496,836711370
9645,16,,4,train,24722496,24722496,0
71672,16,,80,train,24722496,24722496,5020268220
77259,16,,133,train,24722496,24722496,7948758015
15470,16,,558,train,24722496,24722496,34723521855
39561,16,,242,train,24722496,24722496,15060804660
2043,16,,303,train,24722496,24722496,18826005825
5796,16,,25,train,24722496,24722496,1255067055
15183,16,,14,train,24722496,24722496,836711370
26028,16,,34,train,24722496,24722496,2091778425
48254,17,,128,train,24722496,24722496,7948758015
48435,17,,81,train,24722496,24722496,5020268220
77897,17,,24,train,24722496,24722496,1255067055
1228,17,,10,train,24722496,24722496,418355685
58836,17,,123,train,24722496,24722496,7530402330
17917,17,,6,train,24722496,24722496,0
80329,17,,65,train,24722496,24722496,3765201165
68994,17,,44,train,24722496,24722496,2510134110
2238,17,,149,train,24722496,24722496,9203825070
75102,17,,14,train,24722496,24722496,836711370
19569,17,,38,train,24722496,24722496,2091778425
57000,17,,108,train,24722496,24722496,6693690960
3073,17,,4,train,24722496,24722496,0
78060,17,,29,train,24722496,24722496,1673422740
71672,17,,80,train,24722496,24722496,5020268220
33399,17,,18,train,24722496,24722496,836711370
12028,17,,46,train,24722496,24722496,2510134110
41574,17,,69,train,24722496,24722496,4183556850
55267,17,,98,train,24722496,24722496,5856979590
77259,17,,133,train,24722496,24722496,7948758015
38628,18,,49,train,24722496,24722496,2928489795
27269,18,,11,train,24722496,24722496,418355685
53184,18,,36,train,24722496,24722496,2091778425
58836,18,,123,train,24722496,24722496,7530402330
39486,18,,16,train,24722496,24722496,836711370
2238,18,,149,train,24722496,24722496,9203825070
75102,18,,14,train,24722496,24722496,836711370
75686,18,,42,train,24722496,24722496,2510134110
66041,18,,22,train,24722496,24722496,1255067055
1434,18,,61,train,24722496,24722496,3765201165
21958,18,,68,train,24722496,24722496,4183556850
29214,18,,58,train,24722496,24722496,3346845480
62874,18,,10,train,24722496,24722496,418355685
41574,18,,69,train,24722496,24722496,4183556850
77259,18,,133,train,24722496,24722496,7948758015
10449,18,,7,train,24722496,24722496,418355685
46303,18,,74,train,24722496,24722496,4601912535
60421,18,,132,train,24722496,24722496,7948758015
15470,18,,558,train,24722496,24722496,34723521855
63981,18,,32,train,24722496,24722496,1673422740
48254,19,,128,train,24722496,24722496,7948758015
8506,19,,6,train,24722496,24722496,0
3107,19,,46,train,24722496,24722496,2510134110
58211,19,,11,train,24722496,24722496,418355685
73311,19,,17,train,24722496,24722496,836711370
19799,19,,13,train,24722496,24722496,418355685
45417,19,,44,train,24722496,24722496,2510134110
58836,19,,123,train,24722496,24722496,7530402330
49998,19,,14,train,24722496,24722496,836711370
78400,19,,18,train,24722496,24722496,836711370
37401,19,,17,train,24722496,24722496,836711370
71672,19,,80,train,24722496,24722496,5020268220
20191,19,,54,train,24722496,24722496,3346845480
46303,19,,74,train,24722496,24722496,4601912535
60421,19,,132,train,24722496,24722496,7948758015
15470,19,,558,train,24722496,24722496,34723521855
41629,19,,76,train,24722496,24722496,4601912535
12899,19,,70,train,24722496,24722496,4183556850
39561,19,,242,train,24722496,24722496,15060804660
2043,19,,303,train,24722496,24722496,18826005825
3107,20,,46,train,24722496,24722496,2510134110
42040,20,,13,train,24722496,24722496,418355685
77268,20,,4,train,24722496,24722496,0
56013,20,,4,train,24722496,24722496,0
9155,20,,24,train,24722496,24722496,1255067055
38628,20,,49,train,24722496,24722496,2928489795
19799,20,,13,train,24722496,24722496,418355685
5533,20,,18,train,24722496,24722496,836711370
39188,20,,18,train,24722496,24722496,836711370
58836,20,,123,train,24722496,24722496,7530402330
75227,20,,17,train,24722496,24722496,836711370
68994,20,,44,train,24722496,24722496,2510134110
2238,20,,149,train,24722496,24722496,9203825070
19001,20,,10,train,24722496,24722496,418355685
21958,20,,68,train,24722496,24722496,4183556850
41574,20,,69,train,24722496,24722496,4183556850
77259,20,,133,train,24722496,24722496,7948758015
8255,20,,16,train,24722496,24722496,836711370
60020,20,,27,train,24722496,24722496,1673422740
2256,20,,17,train,24722496,24722496,836711370
42040,21,,13,train,24722496,24722496,418355685
9155,21,,24,train,24722496,24722496,1255067055
1999,21,,6,train,24722496,24722496,0
73311,21,,17,train,24722496,24722496,836711370
45417,21,,44,train,24722496,24722496,2510134110
5533,21,,18,train,24722496,24722496,836711370
58836,21,,123,train,24722496,24722496,7530402330
2238,21,,149,train,24722496,24722496,9203825070
19569,21,,38,train,24722496,24722496,2091778425
1434,21,,61,train,24722496,24722496,3765201165
21958,21,,68,train,24722496,24722496,4183556850
79108,21,,26,train,24722496,24722496,1255067055
50799,21,,9,train,24722496,24722496,418355685
47141,21,,9,train,24722496,24722496,418355685
59497,21,,8,train,24722496,24722496,418355685
3658,21,,13,train,24722496,24722496,418355685
42799,21,,6,train,24722496,24722496,0
60421,21,,132,train,24722496,24722496,7948758015
15470,21,,558,train,24722496,24722496,34723521855
18930,21,,9,train,24722496,24722496,418355685
48254,22,,128,train,24722496,24722496,7948758015
47607,22,,7,train,24722496,24722496,418355685
32978,22,,6,train,24722496,24722496,0
3971,22,,4,train,24722496,24722496,0
9155,22,,24,train,24722496,24722496,1255067055
28080,22,,4,train,24722496,24722496,0
48435,22,,81,train,24722496,24722496,5020268220
38628,22,,49,train,24722496,24722496,2928489795
51525,22,,10,train,24722496,24722496,418355685
58836,22,,123,train,24722496,24722496,7530402330
80329,22,,65,train,24722496,24722496,3765201165
3044,22,,7,train,24722496,24722496,418355685
75686,22,,42,train,24722496,24722496,2510134110
19569,22,,38,train,24722496,24722496,2091778425
1434,22,,61,train,24722496,24722496,3765201165
57000,22,,108,train,24722496,24722496,6693690960
78060,22,,29,train,24722496,24722496,1673422740
33399,22,,18,train,24722496,24722496,836711370
41574,22,,69,train,24722496,24722496,4183556850
77259,22,,133,train,24722496,24722496,7948758015
48254,23,,128,train,24722496,24722496,7948758015
64373,23,,9,train,24722496,24722496,418355685
45605,23,,6,train,24722496,24722496,0
42040,23,,13,train,24722496,24722496,418355685
74973,23,,17,train,24722496,24722496,836711370
39486,23,,16,train,24722496,24722496,836711370
68994,23,,44,train,24722496,24722496,2510134110
2238,23,,149,train,24722496,24722496,9203825070
75686,23,,42,train,24722496,24722496,2510134110
40371,23,,6,train,24722496,24722496,0
61424,23,,22,train,24722496,24722496,1255067055
36385,23,,8,train,24722496,24722496,418355685
55267,23,,98,train,24722496,24722496,5856979590
2256,23,,17,train,24722496,24722496,836711370
29223,23,,23,train,24722496,24722496,1255067055
39561,23,,242,train,24722496,24722496,15060804660
13181,23,,8,train,24722496,24722496,418355685
2043,23,,303,train,24722496,24722496,18826005825
5132,23,,194,train,24722496,24722496,12132314865
72679,23,,88,train,24722496,24722496,5438623905
48254,24,,128,train,24722496,24722496,7948758015
19799,24,,13,train,24722496,24722496,418355685
39188,24,,18,train,24722496,24722496,836711370
58836,24,,123,train,24722496,24722496,7530402330
81703,24,,9,train,24722496,24722496,418355685
75686,24,,42,train,24722496,24722496,2510134110
19569,24,,38,train,24722496,24722496,2091778425
61424,24,,22,train,24722496,24722496,1255067055
3834,24,,26,train,24722496,24722496,1255067055
71672,24,,80,train,24722496,24722496,5020268220
12028,24,,46,train,24722496,24722496,2510134110
55267,24,,98,train,24722496,24722496,5856979590
49949,24,,21,train,24722496,24722496,1255067055
55816,24,,44,train,24722496,24722496,2510134110
60421,24,,132,train,24722496,24722496,7948758015
15470,24,,558,train,24722496,24722496,34723521855
41629,24,,76,train,24722496,24722496,4601912535
13181,24,,8,train,24722496,24722496,418355685
58533,24,,70,train,24722496,24722496,4183556850
72679,24,,88,train,24722496,24722496,5438623905
48254,25,,128,train,24722496,24722496,7948758015
3107,25,,46,train,24722496,24722496,2510134110
42040,25,,13,train,24722496,24722496,418355685
58213,25,,4,train,24722496,24722496,0
38628,25,,49,train,24722496,24722496,2928489795
77897,25,,24,train,24722496,24722496,1255067055
58836,25,,123,train,24722496,24722496,7530402330
68994,25,,44,train,24722496,24722496,2510134110
2238,25,,149,train,24722496,24722496,9203825070
19569,25,,38,train,24722496,24722496,2091778425
43541,25,,19,train,24722496,24722496,836711370
37401,25,,17,train,24722496,24722496,836711370
29214,25,,58,train,24722496,24722496,3346845480
80276,25,,24,train,24722496,24722496,1255067055
55267,25,,98,train,24722496,24722496,5856979590
60020,25,,27,train,24722496,24722496,1673422740
60421,25,,132,train,24722496,24722496,7948758015
15470,25,,558,train,24722496,24722496,34723521855
39561,25,,242,train,24722496,24722496,15060804660
2043,25,,303,train,24722496,24722496,18826005825
48254,26,,128,train,24722496,24722496,7948758015
3107,26,,46,train,24722496,24722496,2510134110
38628,26,,49,train,24722496,24722496,2928489795
39136,26,,34,train,24722496,24722496,2091778425
5533,26,,18,train,24722496,24722496,836711370
58836,26,,123,train,24722496,24722496,7530402330
80329,26,,65,train,24722496,24722496,3765201165
68994,26,,44,train,24722496,24722496,2510134110
19569,26,,38,train,24722496,24722496,2091778425
3771,26,,14,train,24722496,24722496,836711370
29214,26,,58,train,24722496,24722496,3346845480
71672,26,,80,train,24722496,24722496,5020268220
80276,26,,24,train,24722496,24722496,1255067055
12028,26,,46,train,24722496,24722496,2510134110
77259,26,,133,train,24722496,24722496,7948758015
60020,26,,27,train,24722496,24722496,1673422740
49810,26,,11,train,24722496,24722496,418355685
10449,26,,7,train,24722496,24722496,418355685
20191,26,,54,train,24722496,24722496,3346845480
60421,26,,132,train,24722496,24722496,7948758015
48254,27,,128,train,24722496,24722496,7948758015
53112,27,,6,train,24722496,24722496,0
45605,27,,6,train,24722496,24722496,0
22976,27,,26,train,24722496,24722496,1255067055
48435,27,,81,train,24722496,24722496,5020268220
58836,27,,123,train,24722496,24722496,7530402330
62433,27,,7,train,24722496,24722496,418355685
2238,27,,149,train,24722496,24722496,9203825070
75686,27,,42,train,24722496,24722496,2510134110
79108,27,,26,train,24722496,24722496,1255067055
55267,27,,98,train,24722496,24722496,5856979590
77259,27,,133,train,24722496,24722496,7948758015
59497,27,,8,train,24722496,24722496,418355685
49949,27,,21,train,24722496,24722496,1255067055
3658,27,,13,train,24722496,24722496,418355685
79793,27,,22,train,24722496,24722496,1255067055
29223,27,,23,train,24722496,24722496,1255067055
60421,27,,132,train,24722496,24722496,7948758015
15470,27,,558,train,24722496,24722496,34723521855
41629,27,,76,train,24722496,24722496,4601912535
48254,28,,128,train,24722496,24722496,7948758015
74348,28,,17,train,24722496,24722496,836711370
30329,28,,6,train,24722496,24722496,0
45417,28,,44,train,24722496,24722496,2510134110
53184,28,,36,train,24722496,24722496,2091778425
57926,28,,26,train,24722496,24722496,1255067055
2238,28,,149,train,24722496,24722496,9203825070
1434,28,,61,train,24722496,24722496,3765201165
57000,28,,108,train,24722496,24722496,6693690960
19001,28,,10,train,24722496,24722496,418355685
21958,28,,68,train,24722496,24722496,4183556850
47141,28,,9,train,24722496,24722496,418355685
43345,28,,20,train,24722496,24722496,1255067055
79793,28,,22,train,24722496,24722496,1255067055
46303,28,,74,train,24722496,24722496,4601912535
60421,28,,132,train,24722496,24722496,7948758015
15470,28,,558,train,24722496,24722496,34723521855
12899,28,,70,train,24722496,24722496,4183556850
39561,28,,242,train,24722496,24722496,15060804660
2043,28,,303,train,24722496,24722496,18826005825
65469,29,,9,train,24722496,24722496,418355685
48435,29,,81,train,24722496,24722496,5020268220
51568,29,,21,train,24722496,24722496,1255067055
2089,29,,7,train,24722496,24722496,418355685
51525,29,,10,train,24722496,24722496,418355685
39136,29,,34,train,24722496,24722496,2091778425
19799,29,,13,train,24722496,24722496,418355685
57926,29,,26,train,24722496,24722496,1255067055
45738,29,,15,train,24722496,24722496,836711370
59769,29,,14,train,24722496,24722496,836711370
25449,29,,6,train,24722496,24722496,0
78060,29,,29,train,24722496,24722496,1673422740
37401,29,,17,train,24722496,24722496,836711370
31955,29,,17,train,24722496,24722496,836711370
31892,29,,20,train,24722496,24722496,1255067055
55267,29,,98,train,24722496,24722496,5856979590
49949,29,,21,train,24722496,24722496,1255067055
55816,29,,44,train,24722496,24722496,2510134110
15470,29,,558,train,24722496,24722496,34723521855
12899,29,,70,train,24722496,24722496,4183556850
56013,30,,4,train,24722496,24722496,0
48435,30,,81,train,24722496,24722496,5020268220
2254,30,,9,train,24722496,24722496,418355685
3980,30,,26,train,24722496,24722496,1255067055
45417,30,,44,train,24722496,24722496,2510134110
39188,30,,18,train,24722496,24722496,836711370
58836,30,,123,train,24722496,24722496,7530402330
80329,30,,65,train,24722496,24722496,3765201165
19569,30,,38,train,24722496,24722496,2091778425
39863,30,,10,train,24722496,24722496,418355685
1434,30,,61,train,24722496,24722496,3765201165
12028,30,,46,train,24722496,24722496,2510134110
62874,30,,10,train,24722496,24722496,418355685
41574,30,,69,train,24722496,24722496,4183556850
77259,30,,133,train,24722496,24722496,7948758015
49949,30,,21,train,24722496,24722496,1255067055
60020,30,,27,train,24722496,24722496,1673422740
60421,30,,132,train,24722496,24722496,7948758015
15470,30,,558,train,24722496,24722496,34723521855
30032,30,,8,train,24722496,24722496,418355685
10902,31,,4,train,24722496,24722496,0
2137,31,,15,train,24722496,24722496,836711370
5533,31,,18,train,24722496,24722496,836711370
18178,31,,5,train,24722496,24722496,0
2238,31,,149,train,24722496,24722496,9203825070
75102,31,,14,train,24722496,24722496,836711370
75686,31,,42,train,24722496,24722496,2510134110
33705,31,,9,train,24722496,24722496,418355685
15128,31,,5,train,24722496,24722496,0
1434,31,,61,train,24722496,24722496,3765201165
3073,31,,4,train,24722496,24722496,0
78400,31,,18,train,24722496,24722496,836711370
21958,31,,68,train,24722496,24722496,4183556850
61424,31,,22,train,24722496,24722496,1255067055
29214,31,,58,train,24722496,24722496,3346845480
16814,31,,9,train,24722496,24722496,418355685
71672,31,,80,train,24722496,24722496,5020268220
80276,31,,24,train,24722496,24722496,1255067055
12028,31,,46,train,24722496,24722496,2510134110
41574,31,,69,train,24722496,24722496,4183556850
20864,32,,4,train,24722496,24722496,0
48435,32,,81,train,24722496,24722496,5020268220
19799,32,,13,train,24722496,24722496,418355685
53184,32,,36,train,24722496,24722496,2091778425
58836,32,,123,train,24722496,24722496,7530402330
75686,32,,42,train,24722496,24722496,2510134110
1434,32,,61,train,24722496,24722496,3765201165
29214,32,,58,train,24722496,24722496,3346845480
71672,32,,80,train,24722496,24722496,5020268220
12028,32,,46,train,24722496,24722496,2510134110
6271,32,,6,train,24722496,24722496,0
36385,32,,8,train,24722496,24722496,418355685
41574,32,,69,train,24722496,24722496,4183556850
55267,32,,98,train,24722496,24722496,5856979590
77259,32,,133,train,24722496,24722496,7948758015
8255,32,,16,train,24722496,24722496,836711370
20191,32,,54,train,24722496,24722496,3346845480
15470,32,,558,train,24722496,24722496,34723521855
30032,32,,8,train,24722496,24722496,418355685
12899,32,,70,train,24722496,24722496,4183556850
48254,33,,128,train,24722496,24722496,7948758015
53112,33,,6,train,24722496,24722496,0
52029,33,,9,train,24722496,24722496,418355685
2137,33,,15,train,24722496,24722496,836711370
5217,33,,4,train,24722496,24722496,0
58836,33,,123,train,24722496,24722496,7530402330
2158,33,,12,train,24722496,24722496,418355685
45738,33,,15,train,24722496,24722496,836711370
39486,33,,16,train,24722496,24722496,836711370
2238,33,,149,train,24722496,24722496,9203825070
1434,33,,61,train,24722496,24722496,3765201165
57000,33,,108,train,24722496,24722496,6693690960
24438,33,,6,train,24722496,24722496,0
78174,33,,6,train,24722496,24722496,0
31892,33,,20,train,24722496,24722496,1255067055
41574,33,,69,train,24722496,24722496,4183556850
77259,33,,133,train,24722496,24722496,7948758015
79793,33,,22,train,24722496,24722496,1255067055
29223,33,,23,train,24722496,24722496,1255067055
20191,33,,54,train,24722496,24722496,3346845480
48254,34,,128,train,24722496,24722496,7948758015
47607,34,,7,train,24722496,24722496,418355685
53112,34,,6,train,24722496,24722496,0
3107,34,,46,train,24722496,24722496,2510134110
58211,34,,11,train,24722496,24722496,418355685
48435,34,,81,train,24722496,24722496,5020268220
39550,34,,16,train,24722496,24722496,836711370
80329,34,,65,train,24722496,24722496,3765201165
2238,34,,149,train,24722496,24722496,9203825070
19569,34,,38,train,24722496,24722496,2091778425
57000,34,,108,train,24722496,24722496,6693690960
78400,34,,18,train,24722496,24722496,836711370
78060,34,,29,train,24722496,24722496,1673422740
12028,34,,46,train,24722496,24722496,2510134110
41574,34,,69,train,24722496,24722496,4183556850
55267,34,,98,train,24722496,24722496,5856979590
43345,34,,20,train,24722496,24722496,1255067055
2256,34,,17,train,24722496,24722496,836711370
40076,34,,4,train,24722496,24722496,0
3658,34,,13,train,24722496,24722496,418355685
48254,35,,128,train,24722496,24722496,7948758015
48435,35,,81,train,24722496,24722496,5020268220
56603,35,,6,train,24722496,24722496,0
39136,35,,34,train,24722496,24722496,2091778425
53184,35,,36,train,24722496,24722496,2091778425
58836,35,,123,train,24722496,24722496,7530402330
80329,35,,65,train,24722496,24722496,3765201165
68994,35,,44,train,24722496,24722496,2510134110
2238,35,,149,train,24722496,24722496,9203825070
57000,35,,108,train,24722496,24722496,6693690960
25449,35,,6,train,24722496,24722496,0
24762,35,,15,train,24722496,24722496,836711370
21958,35,,68,train,24722496,24722496,4183556850
71672,35,,80,train,24722496,24722496,5020268220
69062,35,,5,train,24722496,24722496,0
8255,35,,16,train,24722496,24722496,836711370
59497,35,,8,train,24722496,24722496,418355685
74188,35,,6,train,24722496,24722496,0
15470,35,,558,train,24722496,24722496,34723521855
12899,35,,70,train,24722496,24722496,4183556850
48435,36,,81,train,24722496,24722496,5020268220
38628,36,,49,train,24722496,24722496,2928489795
27269,36,,11,train,24722496,24722496,418355685
17917,36,,6,train,24722496,24722496,0
3044,36,,7,train,24722496,24722496,418355685
75686,36,,42,train,24722496,24722496,2510134110
41844,36,,10,train,24722496,24722496,418355685
59059,36,,6,train,24722496,24722496,0
71672,36,,80,train,24722496,24722496,5020268220
47141,36,,9,train,24722496,24722496,418355685
41574,36,,69,train,24722496,24722496,4183556850
77259,36,,133,train,24722496,24722496,7948758015
60020,36,,27,train,24722496,24722496,1673422740
20191,36,,54,train,24722496,24722496,3346845480
46303,36,,74,train,24722496,24722496,4601912535
15470,36,,558,train,24722496,24722496,34723521855
74619,36,,58,train,24722496,24722496,3346845480
39561,36,,242,train,24722496,24722496,15060804660
58533,36,,70,train,24722496,24722496,4183556850
5132,36,,194,train,24722496,24722496,12132314865
45605,37,,6,train,24722496,24722496,0
67300,37,,4,train,24722496,24722496,0
74348,37,,17,train,24722496,24722496,836711370
48435,37,,81,train,24722496,24722496,5020268220
2836,37,,6,train,24722496,24722496,0
77897,37,,24,train,24722496,24722496,1255067055
45417,37,,44,train,24722496,24722496,2510134110
57926,37,,26,train,24722496,24722496,1255067055
66041,37,,22,train,24722496,24722496,1255067055
57000,37,,108,train,24722496,24722496,6693690960
19001,37,,10,train,24722496,24722496,418355685
78060,37,,29,train,24722496,24722496,1673422740
3834,37,,26,train,24722496,24722496,1255067055
29214,37,,58,train,24722496,24722496,3346845480
55267,37,,98,train,24722496,24722496,5856979590
77259,37,,133,train,24722496,24722496,7948758015
60020,37,,27,train,24722496,24722496,1673422740
20191,37,,54,train,24722496,24722496,3346845480
39561,37,,242,train,24722496,24722496,15060804660
13181,37,,8,train,24722496,24722496,418355685
48254,38,,128,train,24722496,24722496,7948758015
51419,38,,4,train,24722496,24722496,0
3107,38,,46,train,24722496,24722496,2510134110
41692,38,,6,train,24722496,24722496,0
48435,38,,81,train,24722496,24722496,5020268220
54570,38,,7,train,24722496,24722496,418355685
39550,38,,16,train,24722496,24722496,836711370
2254,38,,9,train,24722496,24722496,418355685
17917,38,,6,train,24722496,24722496,0
2238,38,,149,train,24722496,24722496,9203825070
75686,38,,42,train,24722496,24722496,2510134110
12028,38,,46,train,24722496,24722496,2510134110
41574,38,,69,train,24722496,24722496,4183556850
55267,38,,98,train,24722496,24722496,5856979590
77259,38,,133,train,24722496,24722496,7948758015
49949,38,,21,train,24722496,24722496,1255067055
10449,38,,7,train,24722496,24722496,418355685
60421,38,,132,train,24722496,24722496,7948758015
15470,38,,558,train,24722496,24722496,34723521855
12899,38,,70,train,24722496,24722496,4183556850
3107,39,,46,train,24722496,24722496,2510134110
40098,39,,12,train,24722496,24722496,418355685
38628,39,,49,train,24722496,24722496,2928489795
20107,39,,10,train,24722496,24722496,418355685
58836,39,,123,train,24722496,24722496,7530402330
2238,39,,149,train,24722496,24722496,9203825070
19569,39,,38,train,24722496,24722496,2091778425
43541,39,,19,train,24722496,24722496,836711370
71672,39,,80,train,24722496,24722496,5020268220
62874,39,,10,train,24722496,24722496,418355685
41574,39,,69,train,24722496,24722496,4183556850
77259,39,,133,train,24722496,24722496,7948758015
3658,39,,13,train,24722496,24722496,418355685
79793,39,,22,train,24722496,24722496,1255067055
60421,39,,132,train,24722496,24722496,7948758015
15470,39,,558,train,24722496,24722496,34723521855
39561,39,,242,train,24722496,24722496,15060804660
2043,39,,303,train,24722496,24722496,18826005825
58533,39,,70,train,24722496,24722496,4183556850
5132,39,,194,train,24722496,24722496,12132314865
52029,40,,9,train,24722496,24722496,418355685
56603,40,,6,train,24722496,24722496,0
77897,40,,24,train,24722496,24722496,1255067055
45417,40,,44,train,24722496,24722496,2510134110
39188,40,,18,train,24722496,24722496,836711370
53184,40,,36,train,24722496,24722496,2091778425
58836,40,,123,train,24722496,24722496,7530402330
2238,40,,149,train,24722496,24722496,9203825070
3834,40,,26,train,24722496,24722496,1255067055
71672,40,,80,train,24722496,24722496,5020268220
80276,40,,24,train,24722496,24722496,1255067055
73054,40,,13,train,24722496,24722496,418355685
12028,40,,46,train,24722496,24722496,2510134110
31892,40,,20,train,24722496,24722496,1255067055
55267,40,,98,train,24722496,24722496,5856979590
29223,40,,23,train,24722496,24722496,1255067055
60421,40,,132,train,24722496,24722496,7948758015
15470,40,,558,train,24722496,24722496,34723521855
41629,40,,76,train,24722496,24722496,4601912535
39561,40,,242,train,24722496,24722496,15060804660
48254,41,,128,train,24722496,24722496,7948758015
2089,41,,7,train,24722496,24722496,418355685
3980,41,,26,train,24722496,24722496,1255067055
45417,41,,44,train,24722496,24722496,2510134110
58836,41,,123,train,24722496,24722496,7530402330
1434,41,,61,train,24722496,24722496,3765201165
52093,41,,7,train,24722496,24722496,418355685
71672,41,,80,train,24722496,24722496,5020268220
12028,41,,46,train,24722496,24722496,2510134110
36385,41,,8,train,24722496,24722496,418355685
41574,41,,69,train,24722496,24722496,4183556850
77259,41,,133,train,24722496,24722496,7948758015
55816,41,,44,train,24722496,24722496,2510134110
46303,41,,74,train,24722496,24722496,4601912535
71830,41,,8,train,24722496,24722496,418355685
15470,41,,558,train,24722496,24722496,34723521855
41629,41,,76,train,24722496,24722496,4601912535
39561,41,,242,train,24722496,24722496,15060804660
5132,41,,194,train,24722496,24722496,12132314865
72679,41,,88,train,24722496,24722496,5438623905
48254,42,,128,train,24722496,24722496,7948758015
73153,42,,5,train,24722496,24722496,0
75177,42,,16,train,24722496,24722496,836711370
38628,42,,49,train,24722496,24722496,2928489795
73311,42,,17,train,24722496,24722496,836711370
2137,42,,15,train,24722496,24722496,836711370
58836,42,,123,train,24722496,24722496,7530402330
3275,42,,4,train,24722496,24722496,0
19569,42,,38,train,24722496,24722496,2091778425
25449,42,,6,train,24722496,24722496,0
71672,42,,80,train,24722496,24722496,5020268220
31892,42,,20,train,24722496,24722496,1255067055
2256,42,,17,train,24722496,24722496,836711370
15470,42,,558,train,24722496,24722496,34723521855
41629,42,,76,train,24722496,24722496,4601912535
12899,42,,70,train,24722496,24722496,4183556850
39561,42,,242,train,24722496,24722496,15060804660
2043,42,,303,train,24722496,24722496,18826005825
17467,42,,30,train,24722496,24722496,1673422740
20790,42,,68,train,24722496,24722496,4183556850
74348,43,,17,train,24722496,24722496,836711370
43656,43,,8,train,24722496,24722496,418355685
39550,43,,16,train,24722496,24722496,836711370
74973,43,,17,train,24722496,24722496,836711370
53184,43,,36,train,24722496,24722496,2091778425
58836,43,,123,train,24722496,24722496,7530402330
68994,43,,44,train,24722496,24722496,2510134110
2238,43,,149,train,24722496,24722496,9203825070
75686,43,,42,train,24722496,24722496,2510134110
19569,43,,38,train,24722496,24722496,2091778425
21958,43,,68,train,24722496,24722496,4183556850
71672,43,,80,train,24722496,24722496,5020268220
12028,43,,46,train,24722496,24722496,2510134110
31892,43,,20,train,24722496,24722496,1255067055
62874,43,,10,train,24722496,24722496,418355685
55267,43,,98,train,24722496,24722496,5856979590
15470,43,,558,train,24722496,24722496,34723521855
74619,43,,58,train,24722496,24722496,3346845480
2043,43,,303,train,24722496,24722496,18826005825
5132,43,,194,train,24722496,24722496,12132314865
48254,44,,128,train,24722496,24722496,7948758015
3107,44,,46,train,24722496,24722496,2510134110
41692,44,,6,train,24722496,24722496,0
38628,44,,49,train,24722496,24722496,2928489795
3980,44,,26,train,24722496,24722496,1255067055
39136,44,,34,train,24722496,24722496,2091778425
45417,44,,44,train,24722496,24722496,2510134110
75686,44,,42,train,24722496,24722496,2510134110
19569,44,,38,train,24722496,24722496,2091778425
57000,44,,108,train,24722496,24722496,6693690960
21958,44,,68,train,24722496,24722496,4183556850
29214,44,,58,train,24722496,24722496,3346845480
71672,44,,80,train,24722496,24722496,5020268220
80276,44,,24,train,24722496,24722496,1255067055
55267,44,,98,train,24722496,24722496,5856979590
77259,44,,133,train,24722496,24722496,7948758015
74188,44,,6,train,24722496,24722496,0
55816,44,,44,train,24722496,24722496,2510134110
20191,44,,54,train,24722496,24722496,3346845480
15470,44,,558,train,24722496,24722496,34723521855
48254,45,,128,train,24722496,24722496,7948758015
65943,45,,6,train,24722496,24722496,0
47607,45,,7,train,24722496,24722496,418355685
3107,45,,46,train,24722496,24722496,2510134110
65469,45,,9,train,24722496,24722496,418355685
48435,45,,81,train,24722496,24722496,5020268220
77897,45,,24,train,24722496,24722496,1255067055
5533,45,,18,train,24722496,24722496,836711370
39188,45,,18,train,24722496,24722496,836711370
58836,45,,123,train,24722496,24722496,7530402330
68994,45,,44,train,24722496,24722496,2510134110
2238,45,,149,train,24722496,24722496,9203825070
57000,45,,108,train,24722496,24722496,6693690960
21958,45,,68,train,24722496,24722496,4183556850
61424,45,,22,train,24722496,24722496,1255067055
29214,45,,58,train,24722496,24722496,3346845480
71672,45,,80,train,24722496,24722496,5020268220
21768,45,,10,train,24722496,24722496,418355685
29223,45,,23,train,24722496,24722496,1255067055
20191,45,,54,train,24722496,24722496,3346845480
40611,46,,7,train,24722496,24722496,418355685
42040,46,,13,train,24722496,24722496,418355685
9155,46,,24,train,24722496,24722496,1255067055
52029,46,,9,train,24722496,24722496,418355685
48435,46,,81,train,24722496,24722496,5020268220
75177,46,,16,train,24722496,24722496,836711370
51568,46,,21,train,24722496,24722496,1255067055
58737,46,,8,train,24722496,24722496,418355685
38628,46,,49,train,24722496,24722496,2928489795
27269,46,,11,train,24722496,24722496,418355685
1228,46,,10,train,24722496,24722496,418355685
45417,46,,44,train,24722496,24722496,2510134110
2238,46,,149,train,24722496,24722496,9203825070
57000,46,,108,train,24722496,24722496,6693690960
24438,46,,6,train,24722496,24722496,0
24762,46,,15,train,24722496,24722496,836711370
3834,46,,26,train,24722496,24722496,1255067055
12028,46,,46,train,24722496,24722496,2510134110
7289,46,,10,train,24722496,24722496,418355685
41574,46,,69,train,24722496,24722496,4183556850
48254,47,,128,train,24722496,24722496,7948758015
5533,47,,18,train,24722496,24722496,836711370
39188,47,,18,train,24722496,24722496,836711370
68691,47,,5,train,24722496,24722496,0
80329,47,,65,train,24722496,24722496,3765201165
2238,47,,149,train,24722496,24722496,9203825070
57000,47,,108,train,24722496,24722496,6693690960
19001,47,,10,train,24722496,24722496,418355685
24762,47,,15,train,24722496,24722496,836711370
78060,47,,29,train,24722496,24722496,1673422740
66749,47,,6,train,24722496,24722496,0
3834,47,,26,train,24722496,24722496,1255067055
33399,47,,18,train,24722496,24722496,836711370
41574,47,,69,train,24722496,24722496,4183556850
55267,47,,98,train,24722496,24722496,5856979590
15470,47,,558,train,24722496,24722496,34723521855
74619,47,,58,train,24722496,24722496,3346845480
39561,47,,242,train,24722496,24722496,15060804660
2043,47,,303,train,24722496,24722496,18826005825
58533,47,,70,train,24722496,24722496,4183556850
64373,48,,9,train,24722496,24722496,418355685
51419,48,,4,train,24722496,24722496,0
41692,48,,6,train,24722496,24722496,0
58213,48,,4,train,24722496,24722496,0
48435,48,,81,train,24722496,24722496,5020268220
38628,48,,49,train,24722496,24722496,2928489795
20107,48,,10,train,24722496,24722496,418355685
3980,48,,26,train,24722496,24722496,1255067055
5533,48,,18,train,24722496,24722496,836711370
81703,48,,9,train,24722496,24722496,418355685
57926,48,,26,train,24722496,24722496,1255067055
80329,48,,65,train,24722496,24722496,3765201165
75686,48,,42,train,24722496,24722496,2510134110
66041,48,,22,train,24722496,24722496,1255067055
57000,48,,108,train,24722496,24722496,6693690960
43541,48,,19,train,24722496,24722496,836711370
21958,48,,68,train,24722496,24722496,4183556850
29214,48,,58,train,24722496,24722496,3346845480
71672,48,,80,train,24722496,24722496,5020268220
73054,48,,13,train,24722496,24722496,418355685
48254,49,,128,train,24722496,24722496,7948758015
3107,49,,46,train,24722496,24722496,2510134110
40098,49,,12,train,24722496,24722496,418355685
45417,49,,44,train,24722496,24722496,2510134110
2238,49,,149,train,24722496,24722496,9203825070
78400,49,,18,train,24722496,24722496,836711370
21958,49,,68,train,24722496,24722496,4183556850
77259,49,,133,train,24722496,24722496,7948758015
49949,49,,21,train,24722496,24722496,1255067055
20191,49,,54,train,24722496,24722496,3346845480
60421,49,,132,train,24722496,24722496,7948758015
15470,49,,558,train,24722496,24722496,34723521855
12899,49,,70,train,24722496,24722496,4183556850
63981,49,,32,train,24722496,24722496,1673422740
39561,49,,242,train,24722496,24722496,15060804660
2043,49,,303,train,24722496,24722496,18826005825
51585,49,,62,train,24722496,24722496,3765201165
30398,49,,29,train,24722496,24722496,1673422740
2957,49,,92,train,24722496,24722496,5438623905
53987,49,,62,train,24722496,24722496,3765201165
53112,50,,6,train,24722496,24722496,0
68994,50,,44,train,24722496,24722496,2510134110
2238,50,,149,train,24722496,24722496,9203825070
75102,50,,14,train,24722496,24722496,836711370
57000,50,,108,train,24722496,24722496,6693690960
21958,50,,68,train,24722496,24722496,4183556850
58045,50,,5,train,24722496,24722496,0
78060,50,,29,train,24722496,24722496,1673422740
71672,50,,80,train,24722496,24722496,5020268220
12028,50,,46,train,24722496,24722496,2510134110
41574,50,,69,train,24722496,24722496,4183556850
8255,50,,16,train,24722496,24722496,836711370
15470,50,,558,train,24722496,24722496,34723521855
74619,50,,58,train,24722496,24722496,3346845480
63981,50,,32,train,24722496,24722496,1673422740
39561,50,,242,train,24722496,24722496,15060804660
2043,50,,303,train,24722496,24722496,18826005825
16214,50,,28,train,24722496,24722496,1673422740
51585,50,,62,train,24722496,24722496,3765201165
32715,50,,26,train,24722496,24722496,1255067055
